# Blender 4.5.3 LTS
# www.blender.org
mtllib silla2.mtl
o american_school_desk
v -0.000191 0.725171 -0.011706
v -0.000191 0.727946 0.053434
v 0.065594 0.727946 -0.011706
v -0.000191 0.727946 -0.076847
v -0.065977 0.727946 -0.011706
v -0.049337 0.727946 -0.060370
v -0.049337 0.727946 0.036957
v 0.048955 0.727946 0.036957
v 0.048955 0.727946 -0.060370
v 0.081204 0.731347 -0.092304
v 0.035354 0.729322 -0.089569
v 0.078442 0.729322 -0.046903
v 0.111124 0.732170 -0.041748
v 0.101644 0.732170 -0.078691
v 0.125583 0.734199 -0.070339
v 0.125246 0.735463 -0.106521
v 0.143160 0.736847 -0.096189
v 0.147620 0.738907 -0.130699
v 0.108906 0.734924 -0.119734
v 0.133319 0.738543 -0.143908
v 0.095562 0.735463 -0.135914
v 0.067456 0.732170 -0.112544
v 0.119979 0.738907 -0.158068
v 0.085128 0.736847 -0.153652
v 0.059022 0.734199 -0.136247
v 0.107812 0.739826 -0.172185
v 0.077432 0.738753 -0.171388
v 0.053832 0.736847 -0.159799
v 0.096986 0.741015 -0.184925
v 0.073768 0.741015 -0.188750
v 0.051633 0.739827 -0.182315
v 0.075709 0.743614 -0.206446
v 0.089076 0.742003 -0.193706
v 0.095630 0.743976 -0.206424
v 0.111608 0.748901 -0.238095
v 0.112006 0.743613 -0.200642
v 0.134822 0.748785 -0.232827
v 0.126775 0.742922 -0.190742
v 0.155561 0.748532 -0.224542
v 0.141032 0.742328 -0.178625
v 0.173916 0.748282 -0.213510
v 0.154944 0.742083 -0.165321
v 0.189935 0.748170 -0.199969
v 0.168380 0.742328 -0.151545
v 0.203610 0.748282 -0.184107
v 0.180617 0.742922 -0.137428
v 0.214752 0.748531 -0.165931
v 0.161877 0.739826 -0.118651
v 0.190615 0.743613 -0.122804
v 0.223118 0.748784 -0.145396
v 0.174743 0.741015 -0.107931
v 0.196454 0.743976 -0.106589
v 0.228439 0.748901 -0.122409
v 0.196476 0.743614 -0.086862
v 0.183611 0.742003 -0.100098
v 0.178606 0.741015 -0.084941
v 0.172106 0.739827 -0.063023
v 0.161071 0.738753 -0.088569
v 0.149368 0.736847 -0.065200
v 0.140561 0.735463 -0.039129
v 0.166782 0.738908 -0.038070
v 0.137034 0.734924 -0.011706
v 0.104973 0.731347 -0.011706
v 0.164591 0.738544 -0.011706
v 0.140561 0.735463 0.015716
v 0.111124 0.732170 0.018335
v 0.149368 0.736847 0.041787
v 0.166782 0.738908 0.014658
v 0.190509 0.742330 0.014905
v 0.172106 0.739827 0.039610
v 0.193548 0.742923 0.040344
v 0.178606 0.741015 0.061528
v 0.196476 0.743614 0.063449
v 0.161071 0.738753 0.065156
v 0.183611 0.742003 0.076685
v 0.174743 0.741015 0.084518
v 0.196454 0.743976 0.083176
v 0.228439 0.748901 0.098996
v 0.190615 0.743613 0.099391
v 0.223118 0.748785 0.121983
v 0.180617 0.742922 0.114015
v 0.214752 0.748532 0.142518
v 0.168380 0.742328 0.128132
v 0.161877 0.739826 0.095238
v 0.147620 0.738907 0.107286
v 0.143160 0.736847 0.072776
v 0.125246 0.735463 0.083108
v 0.125582 0.734199 0.046926
v 0.101644 0.732170 0.055278
v 0.078442 0.729322 0.023490
v 0.081204 0.731347 0.068891
v 0.108906 0.734924 0.096321
v 0.067456 0.732170 0.089131
v 0.035354 0.729322 0.066156
v 0.059022 0.734199 0.112834
v 0.095562 0.735463 0.112501
v 0.085128 0.736847 0.130239
v 0.119979 0.738907 0.134655
v 0.141032 0.742328 0.155212
v 0.107812 0.739826 0.148772
v 0.133319 0.738543 0.120495
v 0.154944 0.742083 0.141908
v 0.189935 0.748170 0.176556
v 0.213593 0.751639 0.199982
v 0.203610 0.748282 0.160694
v 0.173916 0.748282 0.190097
v 0.155561 0.748531 0.201129
v 0.195619 0.751691 0.214472
v 0.174494 0.751807 0.225761
v 0.211556 0.751497 0.232464
v 0.188394 0.751520 0.244012
v 0.215492 0.747423 0.236956
v 0.231001 0.751486 0.217219
v 0.235318 0.747421 0.221494
v 0.246397 0.751497 0.197964
v 0.228227 0.751691 0.182184
v 0.258059 0.751520 0.175029
v 0.250933 0.747423 0.201862
v 0.262700 0.747427 0.178424
v 0.251305 0.743964 0.202148
v 0.263111 0.743969 0.178669
v 0.249992 0.740317 0.200971
v 0.235648 0.743962 0.221821
v 0.234364 0.740311 0.220549
v 0.215781 0.743964 0.237323
v 0.192070 0.743969 0.249014
v 0.214592 0.740317 0.236024
v 0.191029 0.740330 0.247731
v 0.209306 0.736178 0.230102
v 0.186414 0.736220 0.241763
v 0.197190 0.731222 0.216477
v 0.228606 0.736160 0.214847
v 0.215389 0.731175 0.201760
v 0.244011 0.736178 0.195736
v 0.255788 0.736220 0.173069
v 0.230252 0.731222 0.183740
v 0.241875 0.731326 0.162603
v 0.205725 0.725149 0.162311
v 0.170309 0.718316 0.129570
v 0.217109 0.725366 0.143910
v 0.191805 0.725051 0.178407
v 0.156622 0.718103 0.143570
v 0.175549 0.725149 0.192191
v 0.156966 0.725366 0.203463
v 0.142484 0.718316 0.157122
v 0.128026 0.718845 0.169489
v 0.121256 0.714926 0.136399
v 0.096608 0.711718 0.114045
v 0.108906 0.715747 0.150787
v 0.134818 0.714611 0.121979
v 0.110177 0.711254 0.097579
v 0.149381 0.714926 0.108550
v 0.163912 0.715747 0.096321
v 0.126806 0.711718 0.084144
v 0.102970 0.708786 0.056028
v 0.145038 0.712941 0.073651
v 0.127304 0.710559 0.047542
v 0.163256 0.714692 0.065917
v 0.151474 0.712952 0.042321
v 0.181059 0.716865 0.062227
v 0.177025 0.716855 0.085458
v 0.193023 0.719487 0.100450
v 0.186060 0.717816 0.077529
v 0.199031 0.719836 0.084060
v 0.231209 0.725700 0.099942
v 0.199148 0.719502 0.064141
v 0.233594 0.725612 0.074293
v 0.196264 0.718875 0.040820
v 0.233823 0.725406 0.046711
v 0.193243 0.718357 0.015147
v 0.174551 0.715769 0.040100
v 0.169210 0.714958 0.014909
v 0.142602 0.711738 0.015990
v 0.167010 0.714646 -0.011706
v 0.139047 0.711277 -0.011706
v 0.191881 0.718148 -0.011706
v 0.169210 0.714958 -0.038322
v 0.193243 0.718357 -0.038560
v 0.174551 0.715769 -0.063513
v 0.142602 0.711738 -0.039403
v 0.112706 0.708794 -0.042067
v 0.151474 0.712952 -0.065734
v 0.127304 0.710559 -0.070955
v 0.163256 0.714692 -0.089330
v 0.145038 0.712941 -0.097064
v 0.177025 0.716855 -0.108871
v 0.181059 0.716865 -0.085640
v 0.199148 0.719503 -0.087554
v 0.186060 0.717816 -0.100942
v 0.199031 0.719836 -0.107473
v 0.231208 0.725700 -0.123355
v 0.193023 0.719487 -0.123863
v 0.225699 0.725591 -0.146566
v 0.182799 0.718845 -0.138667
v 0.217109 0.725366 -0.167323
v 0.170309 0.718316 -0.152982
v 0.163912 0.715747 -0.119734
v 0.149381 0.714926 -0.131963
v 0.126806 0.711718 -0.107557
v 0.134818 0.714611 -0.145392
v 0.156622 0.718103 -0.166983
v 0.110177 0.711254 -0.120992
v 0.121256 0.714926 -0.159812
v 0.142484 0.718316 -0.180535
v 0.108906 0.715747 -0.174200
v 0.096608 0.711718 -0.137458
v 0.068214 0.708786 -0.113856
v 0.086011 0.712941 -0.155512
v 0.059644 0.710559 -0.137952
v 0.078201 0.714692 -0.173552
v 0.054371 0.712952 -0.161885
v 0.074474 0.716865 -0.191180
v 0.097935 0.716855 -0.187185
v 0.113076 0.719487 -0.203026
v 0.089928 0.717816 -0.196131
v 0.096524 0.719836 -0.208976
v 0.112563 0.725700 -0.240838
v 0.076407 0.719502 -0.209092
v 0.086660 0.725612 -0.243200
v 0.052856 0.718875 -0.206236
v 0.058805 0.725406 -0.243426
v 0.026929 0.718357 -0.203244
v 0.052128 0.715769 -0.184735
v 0.026688 0.714958 -0.179447
v 0.027780 0.711738 -0.153100
v -0.000191 0.714646 -0.177268
v -0.000191 0.711277 -0.149580
v -0.000191 0.718148 -0.201896
v -0.027070 0.714958 -0.179447
v -0.027311 0.718357 -0.203244
v -0.052510 0.715769 -0.184735
v -0.028162 0.711738 -0.153100
v -0.030852 0.708794 -0.123497
v -0.054753 0.712952 -0.161885
v -0.060027 0.710559 -0.137952
v -0.078583 0.714692 -0.173552
v -0.086393 0.712941 -0.155512
v -0.098318 0.716855 -0.187185
v -0.074857 0.716865 -0.191180
v -0.076790 0.719502 -0.209091
v -0.090310 0.717816 -0.196131
v -0.096906 0.719836 -0.208976
v -0.112945 0.725700 -0.240838
v -0.113458 0.719487 -0.203026
v -0.136386 0.725591 -0.235382
v -0.128409 0.718845 -0.192902
v -0.157349 0.725366 -0.226876
v -0.142866 0.718316 -0.180535
v -0.109289 0.715747 -0.174200
v -0.121638 0.714926 -0.159812
v -0.096991 0.711718 -0.137458
v -0.135200 0.714611 -0.145392
v -0.110559 0.711254 -0.120992
v -0.157005 0.718103 -0.166983
v -0.149764 0.714926 -0.131963
v -0.170692 0.718316 -0.152983
v -0.164294 0.715747 -0.119734
v -0.127188 0.711718 -0.107557
v -0.103352 0.708786 -0.079441
v -0.145421 0.712941 -0.097064
v -0.127687 0.710559 -0.070955
v -0.163639 0.714692 -0.089330
v -0.151856 0.712952 -0.065734
v -0.181441 0.716865 -0.085640
v -0.177407 0.716855 -0.108871
v -0.193405 0.719487 -0.123863
v -0.186442 0.717816 -0.100942
v -0.199414 0.719836 -0.107473
v -0.231591 0.725700 -0.123355
v -0.199531 0.719503 -0.087554
v -0.233976 0.725612 -0.097706
v -0.196646 0.718875 -0.064233
v -0.234205 0.725406 -0.070124
v -0.193625 0.718357 -0.038560
v -0.174933 0.715769 -0.063513
v -0.169592 0.714958 -0.038322
v -0.142984 0.711738 -0.039403
v -0.167392 0.714646 -0.011706
v -0.139430 0.711277 -0.011706
v -0.192263 0.718148 -0.011706
v -0.169592 0.714958 0.014909
v -0.193625 0.718357 0.015147
v -0.174933 0.715769 0.040100
v -0.142984 0.711738 0.015990
v -0.113088 0.708794 0.018654
v -0.151856 0.712952 0.042321
v -0.127687 0.710559 0.047542
v -0.163639 0.714692 0.065917
v -0.145421 0.712941 0.073651
v -0.177407 0.716855 0.085458
v -0.181441 0.716865 0.062227
v -0.199531 0.719503 0.064141
v -0.186442 0.717816 0.077529
v -0.199414 0.719836 0.084060
v -0.231591 0.725700 0.099942
v -0.193405 0.719487 0.100450
v -0.226082 0.725591 0.123153
v -0.183181 0.718845 0.115254
v -0.217491 0.725366 0.143910
v -0.170691 0.718316 0.129570
v -0.164294 0.715747 0.096321
v -0.149764 0.714926 0.108550
v -0.127188 0.711718 0.084144
v -0.135200 0.714611 0.121979
v -0.157005 0.718103 0.143570
v -0.110559 0.711254 0.097579
v -0.121638 0.714926 0.136399
v -0.142866 0.718316 0.157122
v -0.109289 0.715747 0.150787
v -0.096991 0.711718 0.114045
v -0.068597 0.708786 0.090443
v -0.086393 0.712941 0.132099
v -0.060026 0.710559 0.114539
v -0.078583 0.714692 0.150139
v -0.054753 0.712952 0.138472
v -0.074857 0.716865 0.167767
v -0.098318 0.716855 0.163772
v -0.113458 0.719487 0.179613
v -0.090310 0.717816 0.172718
v -0.096906 0.719836 0.185563
v -0.112945 0.725700 0.217425
v -0.076790 0.719503 0.185679
v -0.087042 0.725612 0.219787
v -0.053238 0.718875 0.182823
v -0.059187 0.725406 0.220013
v -0.027311 0.718357 0.179831
v -0.052510 0.715769 0.161322
v -0.027070 0.714958 0.156034
v -0.028162 0.711738 0.129687
v -0.000191 0.714646 0.153855
v -0.000191 0.711277 0.126167
v -0.000191 0.718148 0.178483
v 0.026688 0.714958 0.156034
v 0.026929 0.718357 0.179831
v 0.052128 0.715769 0.161322
v 0.027780 0.711738 0.129687
v 0.030469 0.708794 0.100084
v 0.054371 0.712952 0.138472
v 0.059644 0.710559 0.114539
v 0.078201 0.714692 0.150139
v 0.086011 0.712941 0.132099
v 0.097935 0.716855 0.163772
v 0.074474 0.716865 0.167767
v 0.076407 0.719503 0.185679
v 0.089928 0.717816 0.172718
v 0.096524 0.719836 0.185563
v 0.112563 0.725700 0.217425
v 0.113076 0.719487 0.179613
v 0.136003 0.725591 0.211969
v 0.151612 0.731432 0.236457
v 0.160376 0.736266 0.250232
v 0.175844 0.731326 0.227987
v 0.124754 0.731488 0.242056
v 0.131634 0.736293 0.255911
v 0.095587 0.731456 0.245060
v 0.100654 0.736288 0.259242
v 0.064646 0.731369 0.246185
v 0.086660 0.725612 0.219787
v 0.058805 0.725406 0.220013
v 0.029636 0.725202 0.219302
v 0.052856 0.718875 0.182823
v -0.000191 0.725109 0.218811
v 0.032523 0.731280 0.246255
v 0.034177 0.736235 0.261307
v -0.000191 0.731238 0.246095
v -0.000191 0.736221 0.261325
v -0.032905 0.731280 0.246255
v -0.034559 0.736235 0.261307
v -0.065028 0.731369 0.246185
v -0.030019 0.725202 0.219302
v -0.068362 0.736263 0.260827
v -0.095969 0.731456 0.245060
v -0.101036 0.736288 0.259242
v -0.125136 0.731488 0.242056
v -0.132016 0.736293 0.255911
v -0.151994 0.731432 0.236457
v -0.160758 0.736266 0.250232
v -0.176227 0.731326 0.227987
v -0.136386 0.725591 0.211969
v -0.157349 0.725366 0.203463
v -0.175932 0.725149 0.192191
v -0.128409 0.718845 0.169489
v -0.192187 0.725051 0.178407
v -0.197573 0.731222 0.216477
v -0.209688 0.736178 0.230102
v -0.215771 0.731175 0.201760
v -0.228988 0.736160 0.214847
v -0.230634 0.731222 0.183740
v -0.244394 0.736178 0.195736
v -0.242258 0.731326 0.162603
v -0.206107 0.725149 0.162311
v -0.256170 0.736220 0.173069
v -0.250812 0.731432 0.138608
v -0.264723 0.736266 0.147286
v -0.256466 0.731488 0.112014
v -0.270458 0.736293 0.118826
v -0.259500 0.731456 0.083132
v -0.273822 0.736288 0.088150
v -0.260636 0.731369 0.052495
v -0.233976 0.725612 0.074293
v -0.234205 0.725406 0.046711
v -0.233487 0.725202 0.017829
v -0.196646 0.718875 0.040820
v -0.232991 0.725109 -0.011706
v -0.260707 0.731280 0.020687
v -0.275908 0.736235 0.022325
v -0.260545 0.731238 -0.011706
v -0.275926 0.736221 -0.011706
v -0.260707 0.731280 -0.044100
v -0.275908 0.736235 -0.045737
v -0.260636 0.731369 -0.075908
v -0.233487 0.725202 -0.041242
v -0.275423 0.736263 -0.079209
v -0.259500 0.731456 -0.106545
v -0.273822 0.736288 -0.111563
v -0.256466 0.731488 -0.135427
v -0.270458 0.736293 -0.142239
v -0.250812 0.731432 -0.162021
v -0.264723 0.736266 -0.170699
v -0.242258 0.731326 -0.186016
v -0.226082 0.725591 -0.146566
v -0.217491 0.725366 -0.167323
v -0.206107 0.725149 -0.185724
v -0.183181 0.718845 -0.138667
v -0.192187 0.725051 -0.201820
v -0.230634 0.731222 -0.207153
v -0.244394 0.736178 -0.219149
v -0.215771 0.731175 -0.225173
v -0.228988 0.736160 -0.238260
v -0.197573 0.731222 -0.239890
v -0.209688 0.736178 -0.253515
v -0.176227 0.731326 -0.251400
v -0.175932 0.725149 -0.215604
v -0.186797 0.736220 -0.265176
v -0.151994 0.731432 -0.259870
v -0.160758 0.736266 -0.273645
v -0.125136 0.731488 -0.265469
v -0.132016 0.736293 -0.279323
v -0.095969 0.731456 -0.268473
v -0.101036 0.736288 -0.282655
v -0.065028 0.731369 -0.269598
v -0.087042 0.725612 -0.243200
v -0.059187 0.725406 -0.243426
v -0.030019 0.725202 -0.242715
v -0.053238 0.718875 -0.206236
v -0.000191 0.725109 -0.242224
v -0.032905 0.731280 -0.269668
v -0.034559 0.736235 -0.284720
v -0.000191 0.731238 -0.269508
v -0.000191 0.736221 -0.284738
v 0.032523 0.731280 -0.269668
v 0.034177 0.736235 -0.284720
v 0.064646 0.731369 -0.269598
v 0.029636 0.725202 -0.242715
v 0.067980 0.736263 -0.284240
v 0.095587 0.731456 -0.268473
v 0.100654 0.736288 -0.282655
v 0.124754 0.731488 -0.265469
v 0.131634 0.736293 -0.279323
v 0.151612 0.731432 -0.259870
v 0.160376 0.736266 -0.273645
v 0.175844 0.731326 -0.251400
v 0.136003 0.725591 -0.235382
v 0.156966 0.725366 -0.226876
v 0.175549 0.725149 -0.215604
v 0.128026 0.718845 -0.192902
v 0.191805 0.725051 -0.201820
v 0.197190 0.731222 -0.239890
v 0.209306 0.736178 -0.253515
v 0.215389 0.731175 -0.225173
v 0.228606 0.736160 -0.238260
v 0.230252 0.731222 -0.207153
v 0.244011 0.736178 -0.219149
v 0.241875 0.731326 -0.186016
v 0.205725 0.725149 -0.185724
v 0.255788 0.736220 -0.196482
v 0.250430 0.731432 -0.162021
v 0.264340 0.736266 -0.170699
v 0.256084 0.731488 -0.135427
v 0.270076 0.736293 -0.142239
v 0.259117 0.731456 -0.106545
v 0.273440 0.736288 -0.111563
v 0.260253 0.731369 -0.075908
v 0.233594 0.725612 -0.097706
v 0.233823 0.725406 -0.070124
v 0.233105 0.725202 -0.041242
v 0.196264 0.718875 -0.064233
v 0.232608 0.725109 -0.011706
v 0.260324 0.731280 -0.044100
v 0.275526 0.736235 -0.045737
v 0.260163 0.731238 -0.011706
v 0.275544 0.736221 -0.011706
v 0.260324 0.731280 0.020687
v 0.275526 0.736235 0.022325
v 0.260253 0.731369 0.052495
v 0.233105 0.725202 0.017829
v 0.275041 0.736263 0.055796
v 0.259117 0.731456 0.083132
v 0.273440 0.736288 0.088150
v 0.256084 0.731488 0.112014
v 0.270075 0.736293 0.118826
v 0.250430 0.731432 0.138608
v 0.264340 0.736266 0.147286
v 0.225699 0.725591 0.123153
v 0.270346 0.740347 0.151074
v 0.271610 0.743977 0.151928
v 0.276100 0.740360 0.121798
v 0.261815 0.740330 0.177639
v 0.277344 0.743986 0.122466
v 0.279597 0.740367 0.090338
v 0.280856 0.743994 0.090827
v 0.281395 0.740368 0.057235
v 0.282690 0.744001 0.057556
v 0.282059 0.740367 0.023038
v 0.283391 0.744006 0.023197
v 0.282155 0.740366 -0.011706
v 0.283504 0.744008 -0.011706
v 0.282059 0.740367 -0.046451
v 0.283391 0.744006 -0.046610
v 0.281395 0.740368 -0.080648
v 0.282690 0.744001 -0.080969
v 0.279597 0.740367 -0.113751
v 0.275041 0.736263 -0.079209
v 0.280856 0.743994 -0.114240
v 0.276100 0.740361 -0.145211
v 0.277344 0.743986 -0.145879
v 0.270346 0.740347 -0.174487
v 0.271610 0.743977 -0.175341
v 0.261815 0.740330 -0.201052
v 0.263111 0.743969 -0.202082
v 0.249992 0.740317 -0.224384
v 0.251305 0.743964 -0.225561
v 0.234364 0.740311 -0.243962
v 0.235648 0.743962 -0.245234
v 0.214592 0.740317 -0.259437
v 0.215781 0.743964 -0.260736
v 0.191029 0.740330 -0.271144
v 0.192070 0.743969 -0.272427
v 0.164201 0.740347 -0.279592
v 0.186414 0.736220 -0.265176
v 0.165063 0.743977 -0.280842
v 0.134635 0.740360 -0.285289
v 0.135310 0.743986 -0.286520
v 0.102863 0.740367 -0.288752
v 0.103358 0.743994 -0.289998
v 0.069433 0.740368 -0.290532
v 0.069757 0.744001 -0.291814
v 0.034897 0.740367 -0.291190
v 0.035058 0.744006 -0.292509
v -0.000191 0.740366 -0.291284
v -0.000191 0.744008 -0.292620
v -0.035280 0.740367 -0.291190
v -0.035440 0.744006 -0.292509
v -0.069815 0.740368 -0.290532
v -0.070140 0.744001 -0.291814
v -0.103246 0.740367 -0.288752
v -0.068362 0.736263 -0.284240
v -0.103740 0.743994 -0.289998
v -0.135018 0.740361 -0.285289
v -0.135692 0.743986 -0.286520
v -0.164583 0.740347 -0.279592
v -0.165445 0.743977 -0.280842
v -0.191411 0.740330 -0.271144
v -0.192452 0.743969 -0.272427
v -0.214974 0.740317 -0.259437
v -0.216163 0.743964 -0.260736
v -0.234747 0.740311 -0.243962
v -0.236031 0.743962 -0.245234
v -0.250374 0.740317 -0.224384
v -0.251687 0.743964 -0.225561
v -0.262197 0.740330 -0.201052
v -0.263493 0.743969 -0.202082
v -0.270729 0.740347 -0.174487
v -0.256170 0.736220 -0.196482
v -0.271992 0.743977 -0.175341
v -0.276482 0.740361 -0.145211
v -0.277726 0.743986 -0.145879
v -0.279980 0.740367 -0.113751
v -0.281238 0.743994 -0.114240
v -0.281778 0.740368 -0.080648
v -0.283072 0.744001 -0.080969
v -0.282442 0.740367 -0.046451
v -0.283774 0.744006 -0.046610
v -0.282537 0.740366 -0.011706
v -0.283887 0.744008 -0.011706
v -0.282442 0.740367 0.023038
v -0.283774 0.744006 0.023197
v -0.281778 0.740368 0.057235
v -0.283072 0.744001 0.057556
v -0.279980 0.740367 0.090338
v -0.275423 0.736263 0.055796
v -0.281238 0.743994 0.090827
v -0.276482 0.740360 0.121798
v -0.277726 0.743986 0.122466
v -0.270729 0.740347 0.151074
v -0.271992 0.743977 0.151928
v -0.262197 0.740330 0.177639
v -0.263493 0.743969 0.178669
v -0.250374 0.740317 0.200971
v -0.251687 0.743964 0.202148
v -0.234747 0.740311 0.220549
v -0.236031 0.743962 0.221821
v -0.214974 0.740317 0.236024
v -0.216163 0.743964 0.237323
v -0.191411 0.740330 0.247731
v -0.192452 0.743969 0.249014
v -0.164583 0.740347 0.256179
v -0.186797 0.736220 0.241763
v -0.165445 0.743977 0.257430
v -0.135018 0.740360 0.261876
v -0.135692 0.743986 0.263107
v -0.103246 0.740367 0.265339
v -0.103740 0.743994 0.266585
v -0.069815 0.740369 0.267119
v -0.070140 0.744001 0.268401
v -0.035280 0.740367 0.267777
v -0.035440 0.744006 0.269096
v -0.000191 0.740366 0.267871
v -0.000191 0.744008 0.269208
v 0.034897 0.740367 0.267777
v 0.035058 0.744006 0.269096
v 0.069433 0.740368 0.267119
v 0.069757 0.744001 0.268401
v 0.102863 0.740367 0.265339
v 0.067980 0.736263 0.260827
v 0.103358 0.743994 0.266585
v 0.134635 0.740360 0.261876
v 0.135310 0.743986 0.263107
v 0.164201 0.740347 0.256179
v 0.165063 0.743977 0.257430
v 0.164856 0.747433 0.256986
v 0.162011 0.751545 0.252335
v 0.191822 0.747427 0.248607
v 0.135144 0.747440 0.262632
v 0.132905 0.751559 0.257908
v 0.103234 0.747447 0.266082
v 0.101581 0.751553 0.261223
v 0.069675 0.747452 0.267877
v 0.068585 0.751535 0.262856
v 0.035016 0.747456 0.268558
v 0.034476 0.751516 0.263399
v -0.000191 0.747457 0.268665
v -0.000191 0.751507 0.263448
v -0.035399 0.747456 0.268558
v -0.034858 0.751516 0.263399
v -0.070057 0.747452 0.267877
v -0.068968 0.751535 0.262856
v -0.103616 0.747447 0.266082
v -0.101963 0.751553 0.261223
v -0.135526 0.747440 0.262632
v -0.133287 0.751559 0.257908
v -0.165239 0.747433 0.256986
v -0.162394 0.751545 0.252335
v -0.192204 0.747427 0.248607
v -0.188776 0.751520 0.244012
v -0.215874 0.747423 0.236956
v -0.211938 0.751497 0.232464
v -0.235700 0.747421 0.221494
v -0.231384 0.751486 0.217219
v -0.251316 0.747423 0.201862
v -0.246780 0.751497 0.197964
v -0.263083 0.747427 0.178424
v -0.258442 0.751520 0.175029
v -0.271544 0.747433 0.151723
v -0.266847 0.751545 0.148906
v -0.277245 0.747440 0.122302
v -0.272475 0.751559 0.120085
v -0.280730 0.747447 0.090704
v -0.275823 0.751553 0.089068
v -0.282543 0.747452 0.057474
v -0.277472 0.751535 0.056396
v -0.283230 0.747456 0.023156
v -0.278021 0.751516 0.022620
v -0.283338 0.747457 -0.011706
v -0.278070 0.751507 -0.011706
v -0.283230 0.747456 -0.046569
v -0.278021 0.751516 -0.046033
v -0.282543 0.747452 -0.080887
v -0.277472 0.751535 -0.079809
v -0.280730 0.747447 -0.114117
v -0.275823 0.751553 -0.112481
v -0.277245 0.747440 -0.145715
v -0.272475 0.751559 -0.143498
v -0.271544 0.747433 -0.175136
v -0.266847 0.751545 -0.172319
v -0.263083 0.747427 -0.201837
v -0.258442 0.751520 -0.198442
v -0.251316 0.747423 -0.225275
v -0.246780 0.751497 -0.221377
v -0.235700 0.747421 -0.244906
v -0.231384 0.751486 -0.240632
v -0.215874 0.747423 -0.260369
v -0.211938 0.751497 -0.255877
v -0.192204 0.747427 -0.272020
v -0.188776 0.751520 -0.267425
v -0.165239 0.747433 -0.280399
v -0.162394 0.751545 -0.275748
v -0.135526 0.747440 -0.286045
v -0.133287 0.751559 -0.281321
v -0.103616 0.747447 -0.289495
v -0.101963 0.751553 -0.284636
v -0.070057 0.747452 -0.291290
v -0.068968 0.751535 -0.286269
v -0.035399 0.747456 -0.291971
v -0.034858 0.751516 -0.286812
v -0.000191 0.747457 -0.292078
v -0.000191 0.751507 -0.286861
v 0.035016 0.747456 -0.291971
v 0.034476 0.751516 -0.286812
v 0.069675 0.747452 -0.291290
v 0.068585 0.751535 -0.286269
v 0.103234 0.747446 -0.289495
v 0.101581 0.751553 -0.284636
v 0.135144 0.747440 -0.286045
v 0.132905 0.751559 -0.281321
v 0.164856 0.747433 -0.280399
v 0.162011 0.751545 -0.275748
v 0.191822 0.747427 -0.272020
v 0.188394 0.751520 -0.267425
v 0.215492 0.747423 -0.260369
v 0.211556 0.751497 -0.255877
v 0.235318 0.747421 -0.244907
v 0.231001 0.751486 -0.240632
v 0.250933 0.747423 -0.225275
v 0.246397 0.751497 -0.221377
v 0.262700 0.747427 -0.201837
v 0.258059 0.751520 -0.198442
v 0.271162 0.747433 -0.175136
v 0.266465 0.751545 -0.172319
v 0.276863 0.747440 -0.145715
v 0.272093 0.751559 -0.143498
v 0.280347 0.747446 -0.114117
v 0.275441 0.751553 -0.112481
v 0.282160 0.747452 -0.080887
v 0.277089 0.751535 -0.079809
v 0.282848 0.747456 -0.046569
v 0.277638 0.751516 -0.046033
v 0.282956 0.747457 -0.011706
v 0.277688 0.751507 -0.011706
v 0.282848 0.747456 0.023156
v 0.277638 0.751516 0.022620
v 0.282160 0.747452 0.057474
v 0.277089 0.751535 0.056396
v 0.280347 0.747446 0.090704
v 0.275441 0.751553 0.089068
v 0.276863 0.747440 0.122302
v 0.272093 0.751559 0.120085
v 0.271162 0.747433 0.151723
v 0.266465 0.751545 0.148906
v 0.247975 0.751923 0.137490
v 0.253448 0.751976 0.111114
v 0.239628 0.751807 0.161266
v 0.256338 0.751926 0.082455
v 0.257369 0.751813 0.052042
v 0.230682 0.748786 0.073577
v 0.230815 0.748535 0.046231
v 0.230042 0.748286 0.017587
v 0.229528 0.748174 -0.011706
v 0.257375 0.751700 0.020460
v 0.257192 0.751648 -0.011706
v 0.257375 0.751700 -0.043873
v 0.257369 0.751813 -0.075455
v 0.230043 0.748286 -0.041000
v 0.230815 0.748535 -0.069644
v 0.190509 0.742330 -0.038318
v 0.193548 0.742923 -0.063757
v 0.189144 0.742084 -0.011706
v 0.230682 0.748786 -0.096990
v 0.256338 0.751926 -0.105868
v 0.253448 0.751976 -0.134527
v 0.247975 0.751923 -0.160903
v 0.239628 0.751807 -0.184679
v 0.228227 0.751691 -0.205597
v 0.213593 0.751639 -0.223395
v 0.195619 0.751691 -0.237885
v 0.174494 0.751807 -0.249174
v 0.150482 0.751923 -0.257439
v 0.123846 0.751976 -0.262859
v 0.094903 0.751926 -0.265721
v 0.064188 0.751813 -0.266741
v 0.085937 0.748786 -0.240317
v 0.058320 0.748535 -0.240448
v 0.029393 0.748286 -0.239683
v 0.052375 0.742923 -0.203546
v 0.026684 0.742330 -0.200537
v 0.026434 0.738908 -0.177043
v -0.000191 0.742084 -0.199186
v -0.000191 0.738543 -0.174874
v -0.000191 0.748174 -0.239174
v -0.027066 0.742330 -0.200537
v -0.029775 0.748286 -0.239683
v -0.052757 0.742923 -0.203546
v -0.026816 0.738908 -0.177043
v -0.027885 0.735463 -0.151079
v -0.052015 0.739827 -0.182315
v -0.054214 0.736847 -0.159799
v -0.074150 0.741015 -0.188750
v -0.077814 0.738753 -0.171388
v -0.076091 0.743614 -0.206446
v -0.089458 0.742003 -0.193706
v -0.097368 0.741015 -0.184925
v -0.096013 0.743976 -0.206424
v -0.111990 0.748901 -0.238095
v -0.112389 0.743613 -0.200642
v -0.127158 0.742922 -0.190742
v -0.135204 0.748785 -0.232827
v -0.155943 0.748531 -0.224542
v -0.150864 0.751923 -0.257439
v -0.174877 0.751806 -0.249174
v -0.124228 0.751976 -0.262859
v -0.095285 0.751926 -0.265721
v -0.064571 0.751813 -0.266741
v -0.086319 0.748786 -0.240317
v -0.058702 0.748535 -0.240448
v -0.032676 0.751700 -0.266748
v -0.000191 0.751648 -0.266566
v 0.032294 0.751700 -0.266748
v -0.196001 0.751691 -0.237885
v -0.174298 0.748282 -0.213510
v -0.213975 0.751639 -0.223395
v -0.190318 0.748170 -0.199969
v -0.228609 0.751691 -0.205597
v -0.240010 0.751807 -0.184679
v -0.203992 0.748282 -0.184107
v -0.215134 0.748532 -0.165931
v -0.168763 0.742328 -0.151545
v -0.180999 0.742922 -0.137428
v -0.148002 0.738907 -0.130699
v -0.155327 0.742083 -0.165321
v -0.133701 0.738543 -0.143908
v -0.141414 0.742328 -0.178625
v -0.120362 0.738907 -0.158068
v -0.108194 0.739826 -0.172185
v -0.095944 0.735463 -0.135914
v -0.067839 0.732170 -0.112544
v -0.085511 0.736847 -0.153652
v -0.109288 0.734924 -0.119734
v -0.081586 0.731347 -0.092304
v -0.125628 0.735463 -0.106521
v -0.102027 0.732170 -0.078691
v -0.143542 0.736847 -0.096189
v -0.125965 0.734199 -0.070339
v -0.162259 0.739826 -0.118651
v -0.161454 0.738753 -0.088569
v -0.149750 0.736847 -0.065200
v -0.175125 0.741015 -0.107931
v -0.178988 0.741015 -0.084941
v -0.172488 0.739827 -0.063023
v -0.196859 0.743614 -0.086862
v -0.183993 0.742003 -0.100098
v -0.196836 0.743976 -0.106589
v -0.228821 0.748901 -0.122409
v -0.190998 0.743613 -0.122804
v -0.223501 0.748784 -0.145396
v -0.248357 0.751923 -0.160903
v -0.253831 0.751976 -0.134527
v -0.256720 0.751926 -0.105868
v -0.257751 0.751813 -0.075455
v -0.231065 0.748786 -0.096990
v -0.231198 0.748535 -0.069644
v -0.230425 0.748286 -0.041000
v -0.193930 0.742923 -0.063757
v -0.190892 0.742330 -0.038318
v -0.167164 0.738908 -0.038071
v -0.189527 0.742084 -0.011706
v -0.164974 0.738544 -0.011706
v -0.229911 0.748174 -0.011706
v -0.190892 0.742330 0.014905
v -0.230425 0.748286 0.017587
v -0.193930 0.742923 0.040344
v -0.167164 0.738908 0.014658
v -0.140944 0.735463 0.015716
v -0.172488 0.739827 0.039610
v -0.149750 0.736847 0.041787
v -0.178988 0.741015 0.061528
v -0.161454 0.738753 0.065156
v -0.196859 0.743614 0.063449
v -0.183993 0.742003 0.076685
v -0.175125 0.741015 0.084518
v -0.196836 0.743976 0.083176
v -0.228821 0.748901 0.098996
v -0.190998 0.743613 0.099391
v -0.180999 0.742922 0.114015
v -0.223501 0.748784 0.121983
v -0.215134 0.748531 0.142518
v -0.248357 0.751923 0.137490
v -0.240010 0.751806 0.161266
v -0.253831 0.751976 0.111114
v -0.256720 0.751926 0.082455
v -0.257751 0.751813 0.052042
v -0.231065 0.748786 0.073577
v -0.231198 0.748535 0.046231
v -0.257758 0.751700 0.020460
v -0.257575 0.751648 -0.011706
v -0.257758 0.751700 -0.043873
v -0.228609 0.751691 0.182184
v -0.203992 0.748282 0.160694
v -0.213975 0.751639 0.199982
v -0.190318 0.748170 0.176556
v -0.196001 0.751691 0.214472
v -0.174877 0.751807 0.225761
v -0.174298 0.748282 0.190097
v -0.155943 0.748532 0.201129
v -0.141414 0.742328 0.155212
v -0.127158 0.742922 0.167329
v -0.120362 0.738907 0.134655
v -0.155327 0.742083 0.141908
v -0.133701 0.738543 0.120495
v -0.168763 0.742328 0.128132
v -0.148002 0.738907 0.107286
v -0.162259 0.739826 0.095238
v -0.125628 0.735463 0.083108
v -0.102027 0.732170 0.055278
v -0.143542 0.736847 0.072776
v -0.109288 0.734924 0.096321
v -0.081586 0.731347 0.068891
v -0.095944 0.735463 0.112501
v -0.067839 0.732170 0.089131
v -0.085511 0.736847 0.130239
v -0.059404 0.734199 0.112834
v -0.108194 0.739826 0.148772
v -0.077814 0.738753 0.147975
v -0.054214 0.736847 0.136387
v -0.097368 0.741015 0.161513
v -0.074150 0.741015 0.165337
v -0.052015 0.739827 0.158902
v -0.076091 0.743614 0.183033
v -0.089458 0.742003 0.170293
v -0.096013 0.743976 0.183011
v -0.111990 0.748901 0.214682
v -0.112389 0.743613 0.177229
v -0.135204 0.748785 0.209414
v -0.150864 0.751923 0.234026
v -0.124228 0.751976 0.239446
v -0.095285 0.751926 0.242308
v -0.064571 0.751813 0.243328
v -0.086319 0.748786 0.216904
v -0.058702 0.748535 0.217035
v -0.029775 0.748286 0.216270
v -0.052757 0.742923 0.180133
v -0.027066 0.742330 0.177124
v -0.026816 0.738908 0.153630
v -0.000191 0.742084 0.175773
v -0.000191 0.738543 0.151461
v -0.000191 0.748174 0.215761
v 0.026684 0.742330 0.177124
v 0.029393 0.748286 0.216270
v 0.052375 0.742923 0.180133
v 0.026434 0.738908 0.153630
v 0.027503 0.735463 0.127666
v 0.051633 0.739827 0.158902
v 0.053832 0.736847 0.136387
v 0.073768 0.741015 0.165337
v 0.077432 0.738753 0.147975
v 0.075709 0.743614 0.183033
v 0.089076 0.742003 0.170293
v 0.096986 0.741015 0.161513
v 0.095630 0.743976 0.183011
v 0.111608 0.748901 0.214682
v 0.112006 0.743613 0.177229
v 0.126775 0.742922 0.167329
v 0.134822 0.748784 0.209414
v 0.150482 0.751923 0.234026
v 0.123846 0.751976 0.239446
v 0.094903 0.751926 0.242308
v 0.064188 0.751813 0.243328
v 0.085937 0.748786 0.216904
v 0.058320 0.748535 0.217035
v 0.032294 0.751700 0.243335
v -0.000191 0.751648 0.243153
v -0.032676 0.751700 0.243335
v 0.030148 0.732170 0.098517
v -0.000191 0.734924 0.124173
v -0.000191 0.731347 0.092426
v -0.027885 0.735463 0.127666
v -0.030530 0.732170 0.098517
v -0.035736 0.729322 0.066156
v -0.125965 0.734199 0.046926
v -0.111506 0.732170 0.018335
v -0.078825 0.729322 0.023490
v -0.105355 0.731347 -0.011706
v -0.137417 0.734925 -0.011706
v -0.111506 0.732170 -0.041748
v -0.078825 0.729322 -0.046903
v -0.140944 0.735463 -0.039129
v -0.059404 0.734199 -0.136247
v -0.030530 0.732170 -0.121930
v -0.035736 0.729322 -0.089569
v -0.000191 0.731347 -0.115839
v -0.000191 0.734925 -0.147586
v 0.030148 0.732170 -0.121930
v 0.027503 0.735463 -0.151079
v 0.068214 0.708786 0.090443
v 0.035759 0.706328 0.067218
v 0.082189 0.708081 0.069866
v 0.049574 0.705156 0.037570
v -0.000191 0.702806 -0.011706
v 0.079515 0.706328 0.023892
v 0.112706 0.708794 0.018654
v 0.066518 0.705159 -0.011706
v 0.106493 0.708093 -0.011706
v 0.079515 0.706328 -0.047305
v 0.102970 0.708786 -0.079441
v 0.049574 0.705156 -0.060983
v 0.082189 0.708081 -0.093279
v 0.035759 0.706328 -0.090631
v 0.030469 0.708794 -0.123497
v -0.000191 0.705159 -0.077762
v -0.000191 0.708093 -0.117344
v -0.036142 0.706328 -0.090631
v -0.068597 0.708786 -0.113856
v -0.049956 0.705156 -0.060983
v -0.082571 0.708081 -0.093279
v -0.079897 0.706328 -0.047305
v -0.113088 0.708794 -0.042067
v -0.066900 0.705159 -0.011706
v -0.106875 0.708093 -0.011706
v -0.079897 0.706328 0.023892
v -0.103352 0.708786 0.056028
v -0.049956 0.705156 0.037570
v -0.082571 0.708081 0.069866
v -0.036142 0.706328 0.067218
v -0.030852 0.708794 0.100084
v -0.000191 0.705159 0.054349
v -0.000191 0.708093 0.093931
v 0.182799 0.718845 0.115254
v -0.308506 1.170039 0.213236
v -0.308506 1.028445 0.213236
v -0.308506 1.170039 -0.232485
v -0.308506 1.028445 -0.232485
v -0.320674 1.170039 0.224493
v -0.320674 1.028445 0.224493
v -0.320674 1.170039 -0.243743
v -0.320674 1.028445 -0.243743
v -0.304806 1.193638 0.242020
v -0.304806 1.004846 0.242020
v -0.304806 1.193638 -0.261269
v -0.304806 1.004846 -0.261269
v -0.344639 1.193575 0.027271
v -0.336007 1.191932 0.097589
v -0.323579 1.185852 0.157521
v -0.317430 1.180871 0.181660
v -0.312084 1.175074 0.200940
v -0.306806 1.158548 0.218359
v -0.304977 1.141246 0.223872
v -0.303685 1.120963 0.227762
v -0.303205 1.099242 0.229209
v -0.303685 1.077521 0.227762
v -0.304977 1.057238 0.223872
v -0.306806 1.039936 0.218359
v -0.344639 1.004910 -0.046521
v -0.336007 1.006552 -0.116838
v -0.323579 1.012632 -0.176771
v -0.317430 1.017613 -0.200909
v -0.312084 1.023410 -0.220189
v -0.306806 1.039936 -0.237609
v -0.304977 1.057238 -0.243122
v -0.303685 1.077521 -0.247012
v -0.303205 1.099242 -0.248458
v -0.303685 1.120963 -0.247012
v -0.304977 1.141246 -0.243122
v -0.306806 1.158548 -0.237609
v -0.312084 1.175074 -0.220189
v -0.317430 1.180871 -0.200909
v -0.323579 1.185852 -0.176771
v -0.336007 1.191932 -0.116838
v -0.344639 1.193575 -0.046521
v -0.312084 1.023410 0.200940
v -0.317430 1.017613 0.181660
v -0.323579 1.012632 0.157521
v -0.336007 1.006552 0.097589
v -0.344639 1.004910 0.027271
v -0.358717 1.193575 0.029341
v -0.349787 1.191932 0.103519
v -0.336782 1.185852 0.166484
v -0.330270 1.180871 0.191709
v -0.324550 1.175074 0.211766
v -0.319135 1.158548 0.230069
v -0.317478 1.141246 0.236076
v -0.316307 1.120963 0.240321
v -0.315871 1.099242 0.241901
v -0.316307 1.077521 0.240321
v -0.317478 1.057238 0.236076
v -0.319135 1.039936 0.230069
v -0.358717 1.004910 -0.048591
v -0.349787 1.006552 -0.122769
v -0.336782 1.012632 -0.185733
v -0.330270 1.017613 -0.210958
v -0.324550 1.023410 -0.231015
v -0.319135 1.039936 -0.249318
v -0.317478 1.057238 -0.255326
v -0.316307 1.077521 -0.259570
v -0.315871 1.099242 -0.261150
v -0.316307 1.120963 -0.259570
v -0.317478 1.141246 -0.255326
v -0.319135 1.158548 -0.249318
v -0.324550 1.175074 -0.231015
v -0.330270 1.180871 -0.210958
v -0.336782 1.185852 -0.185733
v -0.349787 1.191932 -0.122769
v -0.358717 1.193575 -0.048591
v -0.324550 1.023410 0.211766
v -0.330270 1.017613 0.191709
v -0.336782 1.012632 0.166484
v -0.349787 1.006552 0.103519
v -0.358717 1.004910 0.029341
v -0.349294 0.957741 0.028024
v -0.318412 0.977560 0.195623
v -0.311162 0.989267 0.220886
v -0.387144 1.171191 -0.002957
v -0.340164 1.238347 -0.120211
v -0.326021 1.229313 -0.186071
v -0.318412 1.220924 -0.214872
v -0.311162 1.209217 -0.240135
v -0.299793 1.173910 -0.277784
v -0.296213 1.150865 -0.289579
v -0.294064 1.125607 -0.296657
v -0.293348 1.099242 -0.299016
v -0.294064 1.072878 -0.296657
v -0.296213 1.047619 -0.289579
v -0.299793 1.024574 -0.277784
v -0.311162 0.989267 -0.240135
v -0.318412 0.977560 -0.214872
v -0.326021 0.969171 -0.186071
v -0.340164 0.960137 -0.120211
v -0.299793 1.024574 0.258534
v -0.296213 1.047619 0.270330
v -0.294064 1.072878 0.277407
v -0.293348 1.099242 0.279767
v -0.294064 1.125607 0.277407
v -0.296213 1.150865 0.270330
v -0.299793 1.173910 0.258534
v -0.311162 1.209217 0.220886
v -0.318412 1.220924 0.195623
v -0.326021 1.229313 0.166821
v -0.340164 1.238347 0.100961
v -0.349294 1.240743 0.028024
v -0.318780 1.023410 0.229824
v -0.316505 1.017613 0.235861
v -0.314416 1.012632 0.240907
v -0.312668 1.008889 0.244509
v -0.311337 1.006552 0.246497
v -0.309609 1.004910 0.247041
v -0.309609 1.193575 0.247041
v -0.311337 1.191932 0.246497
v -0.312669 1.189595 0.244509
v -0.314416 1.185852 0.240907
v -0.316505 1.180871 0.235861
v -0.318780 1.175074 0.229824
v -0.303788 1.193132 0.240224
v -0.303585 1.191932 0.238338
v -0.303775 1.189595 0.235298
v -0.304466 1.185852 0.230846
v -0.305620 1.180871 0.225174
v -0.307121 1.175074 0.218740
v -0.303788 1.005352 0.240224
v -0.303585 1.006552 0.238338
v -0.303775 1.008889 0.235298
v -0.304466 1.012632 0.230846
v -0.305620 1.017613 0.225174
v -0.307121 1.023410 0.218740
v -0.309609 1.193575 -0.266291
v -0.311337 1.191932 -0.265747
v -0.312669 1.189595 -0.263758
v -0.314416 1.185852 -0.260156
v -0.316505 1.180871 -0.255111
v -0.318780 1.175074 -0.249073
v -0.303788 1.193132 -0.259473
v -0.303585 1.191932 -0.257587
v -0.303775 1.189595 -0.254548
v -0.304466 1.185852 -0.250096
v -0.305620 1.180871 -0.244424
v -0.307121 1.175074 -0.237990
v -0.307121 1.023410 -0.237990
v -0.305620 1.017613 -0.244424
v -0.304466 1.012632 -0.250096
v -0.303775 1.008889 -0.254548
v -0.303585 1.006552 -0.257587
v -0.303788 1.005352 -0.259473
v -0.309609 1.004910 -0.266291
v -0.311337 1.006552 -0.265747
v -0.312668 1.008889 -0.263758
v -0.314416 1.012632 -0.260156
v -0.316505 1.017613 -0.255111
v -0.318780 1.023410 -0.249073
v -0.344311 1.173860 -0.046475
v -0.344075 1.150830 -0.046448
v -0.343932 1.125589 -0.046435
v -0.343884 1.099242 -0.046431
v -0.343932 1.072895 -0.046435
v -0.344075 1.047654 -0.046448
v -0.344311 1.024624 -0.046475
v -0.335657 1.172556 -0.116803
v -0.335358 1.149926 -0.116934
v -0.335151 1.125126 -0.117105
v -0.335073 1.099242 -0.117191
v -0.335151 1.073358 -0.117105
v -0.335358 1.048558 -0.116934
v -0.335657 1.025928 -0.116803
v -0.323132 1.167769 -0.177072
v -0.322587 1.146634 -0.178021
v -0.322132 1.123451 -0.179004
v -0.321942 1.099242 -0.179455
v -0.322132 1.075033 -0.179004
v -0.322587 1.051850 -0.178021
v -0.323132 1.030715 -0.177072
v -0.316867 1.164111 -0.201668
v -0.316058 1.144286 -0.203539
v -0.315380 1.122311 -0.205280
v -0.315101 1.099242 -0.206031
v -0.315380 1.076174 -0.205280
v -0.316058 1.054198 -0.203539
v -0.316867 1.034373 -0.201668
v -0.311279 1.160426 -0.221919
v -0.310050 1.142177 -0.225284
v -0.309081 1.121361 -0.228037
v -0.308701 1.099242 -0.229135
v -0.309081 1.077123 -0.228037
v -0.310050 1.056307 -0.225284
v -0.311279 1.038058 -0.221919
v -0.311279 1.160426 0.202669
v -0.310050 1.142177 0.206034
v -0.309081 1.121361 0.208788
v -0.308701 1.099242 0.209886
v -0.309081 1.077123 0.208788
v -0.310050 1.056307 0.206034
v -0.311279 1.038058 0.202669
v -0.316867 1.164111 0.182419
v -0.316058 1.144286 0.184289
v -0.315380 1.122311 0.186031
v -0.315101 1.099242 0.186782
v -0.315380 1.076174 0.186031
v -0.316058 1.054198 0.184289
v -0.316867 1.034373 0.182419
v -0.323132 1.167769 0.157822
v -0.322587 1.146634 0.158772
v -0.322132 1.123451 0.159755
v -0.321942 1.099242 0.160206
v -0.322132 1.075033 0.159755
v -0.322587 1.051850 0.158772
v -0.323132 1.030715 0.157822
v -0.335657 1.172556 0.097553
v -0.335358 1.149926 0.097685
v -0.335151 1.125126 0.097856
v -0.335073 1.099242 0.097941
v -0.335151 1.073358 0.097856
v -0.335358 1.048558 0.097685
v -0.335657 1.025928 0.097553
v -0.344311 1.173860 0.027225
v -0.344075 1.150830 0.027198
v -0.343932 1.125589 0.027185
v -0.343884 1.099242 0.027182
v -0.343932 1.072895 0.027185
v -0.344075 1.047654 0.027198
v -0.344311 1.024624 0.027225
v -0.359042 1.173860 -0.048645
v -0.350071 1.172556 -0.123021
v -0.336916 1.167769 -0.186469
v -0.330230 1.164111 -0.212193
v -0.324163 1.160426 -0.233227
v -0.359273 1.150830 -0.048690
v -0.350226 1.149926 -0.123367
v -0.336779 1.146634 -0.187771
v -0.329782 1.144286 -0.214478
v -0.323215 1.142177 -0.237052
v -0.359410 1.125589 -0.048720
v -0.350289 1.125126 -0.123673
v -0.336567 1.123451 -0.188992
v -0.329318 1.122311 -0.216507
v -0.322417 1.121361 -0.240134
v -0.359456 1.099242 -0.048732
v -0.350301 1.099242 -0.123805
v -0.336458 1.099242 -0.189529
v -0.329110 1.099242 -0.217365
v -0.322096 1.099242 -0.241356
v -0.359410 1.072895 -0.048720
v -0.350289 1.073358 -0.123673
v -0.336567 1.075033 -0.188992
v -0.329318 1.076174 -0.216507
v -0.322417 1.077123 -0.240134
v -0.359273 1.047654 -0.048690
v -0.350226 1.048558 -0.123367
v -0.336779 1.051850 -0.187771
v -0.329782 1.054198 -0.214478
v -0.323215 1.056307 -0.237052
v -0.359042 1.024624 -0.048645
v -0.350071 1.025928 -0.123021
v -0.336916 1.030715 -0.186469
v -0.330230 1.034373 -0.212193
v -0.324163 1.038058 -0.233227
v -0.324163 1.160426 0.213977
v -0.330230 1.164111 0.192944
v -0.336916 1.167769 0.167219
v -0.350071 1.172556 0.103771
v -0.359042 1.173860 0.029395
v -0.323215 1.142177 0.217802
v -0.329782 1.144286 0.195228
v -0.336779 1.146634 0.168522
v -0.350226 1.149926 0.104118
v -0.359273 1.150830 0.029440
v -0.322417 1.121361 0.220884
v -0.329318 1.122311 0.197257
v -0.336567 1.123451 0.169742
v -0.350289 1.125126 0.104423
v -0.359410 1.125589 0.029471
v -0.322096 1.099242 0.222106
v -0.329110 1.099242 0.198115
v -0.336458 1.099242 0.170280
v -0.350301 1.099242 0.104555
v -0.359456 1.099242 0.029482
v -0.322417 1.077123 0.220884
v -0.329318 1.076174 0.197257
v -0.336567 1.075033 0.169742
v -0.350289 1.073358 0.104423
v -0.359410 1.072895 0.029471
v -0.323215 1.056307 0.217802
v -0.329782 1.054198 0.195228
v -0.336779 1.051850 0.168522
v -0.350225 1.048558 0.104118
v -0.359273 1.047654 0.029440
v -0.324163 1.038058 0.213977
v -0.330230 1.034373 0.192944
v -0.336916 1.030715 0.167219
v -0.350071 1.025928 0.103771
v -0.359042 1.024624 0.029395
v -0.323389 0.977641 0.199736
v -0.316046 0.989341 0.225494
v -0.355986 0.960228 0.028975
v -0.332538 0.971480 0.170610
v -0.324924 0.979732 0.199734
v -0.317680 0.991243 0.225212
v -0.356627 0.963637 0.029064
v -0.347441 0.965945 0.103691
v -0.333416 0.974643 0.170106
v -0.325950 0.982709 0.198742
v -0.318864 0.993950 0.223698
v -0.357236 0.969257 0.029144
v -0.348128 0.971480 0.103637
v -0.334407 0.979852 0.169061
v -0.327180 0.987591 0.196879
v -0.320357 0.998347 0.220939
v -0.357799 0.977641 0.029216
v -0.348778 0.979732 0.103527
v -0.335397 0.987591 0.167806
v -0.328469 0.994738 0.194576
v -0.322027 1.004540 0.217311
v -0.358298 0.989341 0.029281
v -0.349345 0.991243 0.103456
v -0.336242 0.998347 0.166782
v -0.329609 1.004540 0.192498
v -0.323630 1.012658 0.213578
v -0.311779 1.185826 0.203176
v -0.317465 1.193944 0.182942
v -0.323791 1.200137 0.158308
v -0.336380 1.207241 0.097879
v -0.345055 1.209144 0.027339
v -0.310976 1.193944 0.207393
v -0.317181 1.203746 0.185566
v -0.323850 1.210893 0.159880
v -0.336780 1.218752 0.098362
v -0.345548 1.220844 0.027425
v -0.310256 1.200137 0.211659
v -0.316881 1.210893 0.188516
v -0.323891 1.218632 0.161762
v -0.337223 1.227004 0.098935
v -0.346103 1.229227 0.027523
v -0.309834 1.204534 0.215229
v -0.316749 1.215775 0.191150
v -0.324032 1.223841 0.163523
v -0.337723 1.232539 0.099499
v -0.346705 1.234847 0.027626
v -0.309804 1.207241 0.217724
v -0.316902 1.218752 0.193046
v -0.324360 1.227005 0.164837
v -0.338289 1.235897 0.099972
v -0.347341 1.238256 0.027729
v -0.310094 1.208631 0.219303
v -0.317289 1.220280 0.194284
v -0.324842 1.228629 0.165739
v -0.338901 1.237621 0.100358
v -0.347995 1.240006 0.027831
v -0.311779 1.012658 -0.222426
v -0.317465 1.004540 -0.202192
v -0.323791 0.998347 -0.177558
v -0.336380 0.991243 -0.117129
v -0.345055 0.989341 -0.046589
v -0.310975 1.004540 -0.226642
v -0.317181 0.994738 -0.204815
v -0.323850 0.987591 -0.179130
v -0.336780 0.979732 -0.117611
v -0.345548 0.977641 -0.046675
v -0.310256 0.998347 -0.230908
v -0.316881 0.987591 -0.207765
v -0.323891 0.979852 -0.181012
v -0.337222 0.971480 -0.118185
v -0.346103 0.969257 -0.046772
v -0.309833 0.993950 -0.234478
v -0.316749 0.982709 -0.210400
v -0.324032 0.974643 -0.182773
v -0.337723 0.965945 -0.118749
v -0.346705 0.963637 -0.046875
v -0.309804 0.991243 -0.236973
v -0.316902 0.979732 -0.212295
v -0.324360 0.971480 -0.184086
v -0.338289 0.962588 -0.119222
v -0.347341 0.960228 -0.046979
v -0.310094 0.989853 -0.238553
v -0.317289 0.978204 -0.213534
v -0.324842 0.969855 -0.184988
v -0.338901 0.960863 -0.119608
v -0.316046 0.989341 -0.244743
v -0.323389 0.977641 -0.218985
v -0.331095 0.969257 -0.189616
v -0.317680 0.991243 -0.244461
v -0.324923 0.979732 -0.218984
v -0.332538 0.971480 -0.189860
v -0.346753 0.962588 -0.122869
v -0.355986 0.960228 -0.048225
v -0.318864 0.993950 -0.242947
v -0.325950 0.982709 -0.217991
v -0.333416 0.974643 -0.189356
v -0.347441 0.965945 -0.122941
v -0.356627 0.963637 -0.048313
v -0.320357 0.998347 -0.240189
v -0.327180 0.987591 -0.216129
v -0.334407 0.979852 -0.188310
v -0.348128 0.971480 -0.122886
v -0.357236 0.969257 -0.048394
v -0.322027 1.004540 -0.236560
v -0.328469 0.994738 -0.213826
v -0.335397 0.987591 -0.187055
v -0.348778 0.979732 -0.122776
v -0.357799 0.977641 -0.048466
v -0.323630 1.012658 -0.232828
v -0.329609 1.004540 -0.211748
v -0.336242 0.998347 -0.186032
v -0.349345 0.991243 -0.122706
v -0.358298 0.989341 -0.048531
v -0.303649 1.160426 -0.249168
v -0.301136 1.142177 -0.257089
v -0.299537 1.121361 -0.262075
v -0.298972 1.099242 -0.263826
v -0.299536 1.077123 -0.262075
v -0.301136 1.056307 -0.257089
v -0.303649 1.038058 -0.249168
v -0.301420 1.164111 -0.258070
v -0.298409 1.144286 -0.267746
v -0.296566 1.122311 -0.273617
v -0.295938 1.099242 -0.275605
v -0.296566 1.076174 -0.273617
v -0.298409 1.054198 -0.267746
v -0.301420 1.034373 -0.258070
v -0.299884 1.167769 -0.265048
v -0.296592 1.146634 -0.275728
v -0.294603 1.123451 -0.282148
v -0.293935 1.099242 -0.284293
v -0.294603 1.075033 -0.282148
v -0.296592 1.051850 -0.275728
v -0.299884 1.030715 -0.265048
v -0.298985 1.170699 -0.270224
v -0.295552 1.148639 -0.281426
v -0.293486 1.124468 -0.288150
v -0.292795 1.099242 -0.290393
v -0.293486 1.074016 -0.288150
v -0.295552 1.049845 -0.281426
v -0.298985 1.027785 -0.270224
v -0.298674 1.172556 -0.273692
v -0.295162 1.149926 -0.285198
v -0.293052 1.125126 -0.292103
v -0.292348 1.099242 -0.294405
v -0.293052 1.073358 -0.292103
v -0.295162 1.048558 -0.285198
v -0.298674 1.025928 -0.273692
v -0.298813 1.173509 -0.275820
v -0.295258 1.150586 -0.287497
v -0.293124 1.125464 -0.294503
v -0.292412 1.099242 -0.296839
v -0.293124 1.073020 -0.294503
v -0.295258 1.047898 -0.287497
v -0.298813 1.024975 -0.275820
v -0.345055 0.989341 0.027339
v -0.336380 0.991243 0.097879
v -0.323791 0.998347 0.158308
v -0.317465 1.004540 0.182942
v -0.311779 1.012658 0.203176
v -0.345548 0.977641 0.027425
v -0.336780 0.979732 0.098362
v -0.323850 0.987591 0.159880
v -0.317181 0.994738 0.185566
v -0.310975 1.004540 0.207393
v -0.346103 0.969257 0.027523
v -0.337222 0.971480 0.098935
v -0.323891 0.979852 0.161762
v -0.316881 0.987591 0.188516
v -0.310256 0.998347 0.211659
v -0.346705 0.963637 0.027626
v -0.324032 0.974643 0.163523
v -0.316749 0.982709 0.191150
v -0.309833 0.993950 0.215229
v -0.316902 0.979732 0.193046
v -0.309804 0.991243 0.217724
v -0.347995 0.958478 0.027831
v -0.317289 0.978204 0.194284
v -0.310094 0.989853 0.219303
v -0.388570 1.178561 -0.002585
v -0.345422 1.238256 -0.122443
v -0.331095 1.229227 -0.189616
v -0.323389 1.220844 -0.218985
v -0.316046 1.209144 -0.244743
v -0.355986 1.238256 -0.048225
v -0.346753 1.235897 -0.122869
v -0.332538 1.227005 -0.189860
v -0.324924 1.218752 -0.218984
v -0.317680 1.207241 -0.244461
v -0.356627 1.234847 -0.048313
v -0.347441 1.232539 -0.122941
v -0.333416 1.223841 -0.189356
v -0.325950 1.215775 -0.217991
v -0.318864 1.204534 -0.242947
v -0.357236 1.229227 -0.048394
v -0.348128 1.227005 -0.122886
v -0.334407 1.218632 -0.188310
v -0.327180 1.210893 -0.216129
v -0.320357 1.200137 -0.240189
v -0.357799 1.220844 -0.048466
v -0.348778 1.218752 -0.122776
v -0.335397 1.210893 -0.187055
v -0.328469 1.203746 -0.213826
v -0.322027 1.193944 -0.236560
v -0.358298 1.209144 -0.048531
v -0.349345 1.207241 -0.122706
v -0.336242 1.200137 -0.186032
v -0.329609 1.193944 -0.211748
v -0.323630 1.185826 -0.232828
v -0.304533 1.173860 -0.283128
v -0.300907 1.150830 -0.295155
v -0.298731 1.125589 -0.302372
v -0.298006 1.099242 -0.304777
v -0.298731 1.072896 -0.302372
v -0.300907 1.047654 -0.295155
v -0.304533 1.024624 -0.283128
v -0.306336 1.172556 -0.282385
v -0.302766 1.149926 -0.294279
v -0.300624 1.125126 -0.301421
v -0.299910 1.099242 -0.303803
v -0.300624 1.073358 -0.301421
v -0.302766 1.048558 -0.294279
v -0.306336 1.025928 -0.282385
v -0.307787 1.170699 -0.280034
v -0.304304 1.148639 -0.291681
v -0.302215 1.124468 -0.298683
v -0.301519 1.099242 -0.301021
v -0.302215 1.074016 -0.298683
v -0.304304 1.049845 -0.291681
v -0.307787 1.027785 -0.280034
v -0.309750 1.167769 -0.275756
v -0.306426 1.146634 -0.286931
v -0.304433 1.123451 -0.293668
v -0.303768 1.099242 -0.295925
v -0.304433 1.075033 -0.293668
v -0.306426 1.051850 -0.286931
v -0.309750 1.030715 -0.275756
v -0.312243 1.164111 -0.269420
v -0.309238 1.144286 -0.279622
v -0.307422 1.122311 -0.285840
v -0.306809 1.099242 -0.287953
v -0.307422 1.076174 -0.285840
v -0.309238 1.054198 -0.279622
v -0.312243 1.034373 -0.269420
v -0.315297 1.160426 -0.260870
v -0.312857 1.142177 -0.269315
v -0.311328 1.121361 -0.274663
v -0.310792 1.099242 -0.276547
v -0.311328 1.077123 -0.274663
v -0.312857 1.056307 -0.269315
v -0.315297 1.038058 -0.260870
v -0.345055 1.209144 -0.046589
v -0.336380 1.207241 -0.117129
v -0.323791 1.200137 -0.177558
v -0.317465 1.193944 -0.202192
v -0.311779 1.185826 -0.222426
v -0.345548 1.220844 -0.046675
v -0.336780 1.218752 -0.117611
v -0.323850 1.210893 -0.179130
v -0.317181 1.203746 -0.204815
v -0.310976 1.193944 -0.226642
v -0.346103 1.229227 -0.046772
v -0.337223 1.227004 -0.118185
v -0.323891 1.218632 -0.181012
v -0.316881 1.210893 -0.207765
v -0.310256 1.200137 -0.230908
v -0.346705 1.234847 -0.046875
v -0.337723 1.232539 -0.118749
v -0.324032 1.223841 -0.182773
v -0.316749 1.215775 -0.210400
v -0.309834 1.204534 -0.234478
v -0.347341 1.238256 -0.046979
v -0.338289 1.235897 -0.119222
v -0.324360 1.227005 -0.184086
v -0.316902 1.218752 -0.212295
v -0.309804 1.207241 -0.236973
v -0.347995 1.240006 -0.047080
v -0.338901 1.237621 -0.119608
v -0.324842 1.228629 -0.184988
v -0.317289 1.220280 -0.213534
v -0.310094 1.208631 -0.238553
v -0.316046 1.209144 0.225494
v -0.323389 1.220844 0.199736
v -0.331095 1.229227 0.170366
v -0.345422 1.238256 0.103194
v -0.354673 1.240651 0.028785
v -0.317680 1.207241 0.225212
v -0.324924 1.218752 0.199734
v -0.332538 1.227005 0.170610
v -0.346753 1.235897 0.103619
v -0.355986 1.238256 0.028975
v -0.318864 1.204534 0.223698
v -0.325950 1.215775 0.198742
v -0.333416 1.223841 0.170106
v -0.347441 1.232539 0.103691
v -0.356627 1.234847 0.029064
v -0.320357 1.200137 0.220939
v -0.327180 1.210893 0.196879
v -0.334407 1.218632 0.169061
v -0.348128 1.227004 0.103637
v -0.357236 1.229227 0.029144
v -0.322027 1.193944 0.217311
v -0.328469 1.203746 0.194576
v -0.335397 1.210893 0.167806
v -0.348778 1.218752 0.103527
v -0.357799 1.220844 0.029216
v -0.323630 1.185826 0.213578
v -0.329609 1.193944 0.192498
v -0.336242 1.200137 0.166782
v -0.349345 1.207241 0.103456
v -0.358298 1.209144 0.029281
v -0.303649 1.038058 0.229919
v -0.301136 1.056307 0.237839
v -0.299536 1.077123 0.242826
v -0.298972 1.099242 0.244577
v -0.299537 1.121361 0.242826
v -0.301136 1.142177 0.237839
v -0.303649 1.160426 0.229919
v -0.301420 1.034373 0.238821
v -0.298409 1.054198 0.248497
v -0.296566 1.076174 0.254367
v -0.295938 1.099242 0.256355
v -0.296566 1.122311 0.254367
v -0.298409 1.144286 0.248497
v -0.301420 1.164111 0.238821
v -0.299884 1.030715 0.245799
v -0.296592 1.051850 0.256478
v -0.294603 1.075033 0.262898
v -0.293935 1.099242 0.265044
v -0.294603 1.123451 0.262898
v -0.296592 1.146634 0.256478
v -0.299884 1.167769 0.245799
v -0.298985 1.027785 0.250974
v -0.295552 1.049845 0.262176
v -0.293486 1.074016 0.268901
v -0.292795 1.099242 0.271143
v -0.293486 1.124468 0.268901
v -0.295552 1.148639 0.262176
v -0.298985 1.170699 0.250974
v -0.298674 1.025928 0.254443
v -0.295162 1.048558 0.265949
v -0.293052 1.073358 0.272853
v -0.292348 1.099242 0.275155
v -0.293052 1.125126 0.272853
v -0.295162 1.149926 0.265949
v -0.298674 1.172556 0.254443
v -0.298813 1.024975 0.256570
v -0.295258 1.047898 0.268247
v -0.293124 1.073020 0.275254
v -0.292412 1.099242 0.277589
v -0.293124 1.125464 0.275254
v -0.295258 1.150586 0.268247
v -0.298813 1.173509 0.256570
v -0.304533 1.024624 0.263879
v -0.300907 1.047654 0.275906
v -0.298731 1.072896 0.283122
v -0.298006 1.099242 0.285528
v -0.298731 1.125589 0.283122
v -0.300907 1.150830 0.275906
v -0.304533 1.173860 0.263879
v -0.306336 1.025928 0.263136
v -0.302766 1.048558 0.275030
v -0.300624 1.073358 0.282172
v -0.299910 1.099242 0.284554
v -0.300624 1.125126 0.282172
v -0.302766 1.149926 0.275030
v -0.306336 1.172556 0.263136
v -0.307787 1.027785 0.260784
v -0.304304 1.049845 0.272432
v -0.302215 1.074016 0.279433
v -0.301519 1.099242 0.281771
v -0.302215 1.124468 0.279433
v -0.304304 1.148639 0.272432
v -0.307787 1.170699 0.260784
v -0.309750 1.030715 0.256507
v -0.306426 1.051850 0.267681
v -0.304433 1.075033 0.274418
v -0.303768 1.099242 0.276675
v -0.304433 1.123451 0.274418
v -0.306426 1.146634 0.267681
v -0.309750 1.167769 0.256507
v -0.312243 1.034373 0.250170
v -0.309238 1.054198 0.260372
v -0.307422 1.076174 0.266590
v -0.306809 1.099242 0.268703
v -0.307422 1.122311 0.266590
v -0.309238 1.144286 0.260372
v -0.312243 1.164111 0.250170
v -0.315297 1.038058 0.241620
v -0.312857 1.056307 0.250066
v -0.311328 1.077123 0.255413
v -0.310792 1.099242 0.257298
v -0.311328 1.121361 0.255413
v -0.312857 1.142177 0.250066
v -0.315297 1.160426 0.241620
v 0.391274 0.980693 0.288728
v 0.383878 0.978390 0.288108
v 0.396505 0.986378 0.289521
v 0.391013 0.980341 0.291584
v 0.391270 0.980904 0.233815
v 0.383859 0.978567 0.233810
v 0.396519 0.986630 0.233834
v 0.390128 1.006858 0.233910
v 0.395860 1.001614 0.233889
v 0.382540 1.008536 0.233920
v 0.390092 1.006549 0.290928
v 0.395823 1.001307 0.290791
v 0.382513 1.008247 0.290649
v 0.389624 1.005929 0.295816
v 0.395349 1.000679 0.295735
v 0.382096 1.007693 0.295033
v 0.388510 1.004683 0.301140
v 0.394214 0.999409 0.301160
v 0.381135 1.006616 0.299649
v 0.386450 1.002565 0.306572
v 0.392103 0.997238 0.306725
v 0.379393 1.004824 0.304254
v 0.383304 0.999489 0.311545
v 0.388872 0.994079 0.311832
v 0.376742 1.002232 0.308444
v 0.379208 0.995617 0.315536
v 0.384668 0.990105 0.315929
v 0.373243 0.998924 0.311850
v 0.374402 0.991183 0.318375
v 0.379753 0.985571 0.318834
v 0.369020 0.995028 0.314339
v 0.368993 0.986283 0.320172
v 0.374248 0.980584 0.320664
v 0.364106 0.990577 0.315966
v 0.110747 0.759701 0.317829
v 0.115838 0.753857 0.318335
v 0.106613 0.764663 0.313555
v 0.083131 0.735592 0.315779
v 0.088194 0.729724 0.316281
v 0.079195 0.740728 0.311522
v 0.060789 0.716125 0.311702
v 0.065803 0.710213 0.312194
v 0.057236 0.721594 0.307524
v 0.042787 0.700473 0.304523
v 0.047717 0.694489 0.304979
v 0.039893 0.706516 0.300632
v 0.028692 0.688250 0.292766
v 0.033515 0.682173 0.293129
v 0.026672 0.695051 0.289638
v 0.019143 0.679994 0.275861
v 0.023882 0.673845 0.276077
v 0.017825 0.687402 0.273961
v 0.014302 0.675825 0.255017
v 0.019008 0.669647 0.255101
v 0.013274 0.683483 0.254261
v 0.012975 0.674687 0.230640
v 0.017675 0.668504 0.230640
v 0.011999 0.682390 0.230640
v 0.015010 0.689548 0.230640
v 0.016200 0.690568 0.253035
v 0.021199 0.694243 0.230640
v 0.022296 0.695183 0.251668
v 0.028910 0.695218 0.230640
v 0.029928 0.696090 0.250526
v 0.036076 0.692211 0.230640
v 0.037052 0.693047 0.249916
v 0.040776 0.686028 0.230640
v 0.041758 0.686869 0.250000
v 0.041752 0.678325 0.230640
v 0.038741 0.671167 0.230640
v 0.042786 0.679211 0.250756
v 0.039860 0.672125 0.251982
v 0.046002 0.681979 0.265197
v 0.043545 0.675298 0.268271
v 0.051640 0.686852 0.275254
v 0.044684 0.689387 0.263297
v 0.049620 0.693653 0.272126
v 0.039944 0.695536 0.263081
v 0.044797 0.699730 0.271763
v 0.033053 0.698780 0.264605
v 0.038462 0.703454 0.274262
v 0.025856 0.698248 0.267463
v 0.032313 0.703829 0.278955
v 0.020282 0.694083 0.270887
v 0.027998 0.700753 0.284582
v 0.039812 0.710998 0.294348
v 0.056095 0.725156 0.300779
v 0.042564 0.712718 0.287356
v 0.057673 0.725854 0.293275
v 0.047413 0.711216 0.281528
v 0.061545 0.723503 0.287022
v 0.053059 0.706893 0.278427
v 0.066676 0.718732 0.283697
v 0.057989 0.700909 0.278884
v 0.071689 0.712820 0.284189
v 0.060883 0.694866 0.282775
v 0.060964 0.690384 0.289059
v 0.075242 0.707351 0.288368
v 0.076383 0.703790 0.295112
v 0.095484 0.724989 0.292012
v 0.097238 0.721962 0.298883
v 0.122027 0.748160 0.293969
v 0.091549 0.730125 0.287755
v 0.117893 0.753123 0.289694
v 0.086485 0.735993 0.287252
v 0.112801 0.758967 0.289189
v 0.081650 0.741022 0.290639
v 0.108117 0.764126 0.292589
v 0.078340 0.743863 0.297007
v 0.105094 0.767218 0.298982
v 0.077442 0.743755 0.304651
v 0.104544 0.767415 0.306656
v 0.360897 0.992317 0.309172
v 0.365046 0.996075 0.307806
v 0.360225 0.991034 0.301611
v 0.363548 0.994044 0.300528
v 0.362270 0.987074 0.295309
v 0.364926 0.989479 0.294454
v 0.366484 0.981498 0.291954
v 0.368810 0.983603 0.291212
v 0.371739 0.975799 0.292446
v 0.374161 0.977991 0.291671
v 0.376626 0.971504 0.296652
v 0.379835 0.969765 0.303446
v 0.379544 0.974146 0.295707
v 0.383517 0.973099 0.302240
v 0.381399 0.975857 0.294642
v 0.386272 0.975640 0.300633
v 0.382443 0.976843 0.293647
v 0.375433 0.979164 0.290955
v 0.375881 0.979586 0.290546
v 0.369974 0.984675 0.290562
v 0.370313 0.984996 0.290259
v 0.366483 0.990914 0.293568
v 0.367232 0.991623 0.292862
v 0.365895 0.996209 0.299167
v 0.367463 0.997691 0.297658
v 0.368370 0.999141 0.305858
v 0.370944 1.001574 0.303361
v 0.372821 1.003410 0.300392
v 0.374065 1.004691 0.297086
v 0.368496 0.998702 0.296020
v 0.369193 0.999422 0.294138
v 0.367577 0.991962 0.292310
v 0.367827 0.992223 0.291595
v 0.370310 0.984995 0.290256
v 0.370330 0.985021 0.290138
v 0.375963 0.979669 0.290409
v 0.376034 0.979747 0.290158
v 0.383021 0.977410 0.292727
v 0.389592 0.978824 0.296590
v 0.383409 0.977814 0.291649
v 0.390480 0.979739 0.294212
v 0.383701 0.978147 0.290145
v 0.376173 0.979911 0.289362
v 0.376299 0.980087 0.287829
v 0.370448 0.985161 0.289443
v 0.370568 0.985330 0.287966
v 0.368059 0.992490 0.290367
v 0.368220 0.992713 0.288480
v 0.369646 0.999934 0.291886
v 0.369885 1.000258 0.289236
v 0.374784 1.005499 0.293594
v 0.375117 1.005944 0.290030
v 0.375128 1.006199 0.233915
v 0.369879 1.000473 0.233896
v 0.376270 0.980245 0.233819
v 0.370538 0.985489 0.233841
v 0.368199 0.992893 0.233869
v 0.395351 0.985008 0.297160
v 0.396151 0.985906 0.293292
v 0.396718 0.992207 0.299703
v 0.393917 0.983532 0.300962
v 0.394836 0.990272 0.304672
v 0.391722 0.981385 0.304434
v 0.388241 0.977501 0.298730
v 0.391953 0.987453 0.309230
v 0.388746 0.978572 0.307325
v 0.388159 0.983866 0.312924
v 0.385015 0.975130 0.309518
v 0.383638 0.979695 0.315592
v 0.380507 0.971047 0.311007
v 0.378462 0.975007 0.317309
v 0.123545 0.745605 0.308542
v 0.124096 0.745409 0.300867
v 0.120523 0.748697 0.314935
v 0.096339 0.721855 0.306527
v 0.093029 0.724696 0.312895
v 0.074805 0.703091 0.302616
v 0.070933 0.705442 0.308869
v 0.058212 0.688664 0.296051
v 0.053363 0.690166 0.301878
v 0.045999 0.678074 0.285937
v 0.050314 0.681149 0.280309
v 0.039850 0.678448 0.290629
v 0.037971 0.671134 0.271695
v 0.030774 0.670602 0.274553
v 0.033764 0.667511 0.253349
v 0.026131 0.666603 0.254491
v 0.032552 0.666472 0.230640
v 0.024841 0.665497 0.230640
v 0.397738 0.993350 0.294811
v 0.398170 0.993924 0.290277
v 0.398199 0.994210 0.233861
v -0.359798 1.184687 -0.026196
v -0.365057 1.190753 -0.026452
v -0.358284 1.176813 -0.025765
v -0.360018 1.180969 -0.054399
v -0.359931 1.183975 0.014426
v -0.365195 1.190006 0.015127
v -0.360018 1.180969 0.032106
v -0.358410 1.176144 0.013450
v -0.358491 1.173449 0.029516
v -0.361039 1.168612 0.012461
v -0.361114 1.166207 0.027027
v -0.367114 1.163398 0.011723
v -0.360919 1.169243 -0.025274
v -0.366998 1.164003 -0.024855
v -0.361114 1.166207 -0.049321
v -0.361055 1.162423 -0.059011
v -0.358491 1.173449 -0.051810
v -0.367186 1.161183 -0.047599
v -0.375078 1.159724 -0.047105
v -0.367136 1.157993 -0.055885
v -0.367045 1.153639 -0.061308
v -0.375031 1.156681 -0.055050
v -0.374945 1.152617 -0.060110
v -0.382625 1.158837 -0.056729
v -0.382677 1.162220 -0.047973
v -0.387882 1.163884 -0.060473
v -0.382528 1.154225 -0.062486
v -0.382430 1.146994 -0.067407
v -0.387760 1.158033 -0.067801
v -0.387646 1.149637 -0.073582
v -0.389241 1.163020 -0.074630
v -0.389394 1.170471 -0.065278
v -0.386573 1.167850 -0.081143
v -0.389105 1.153089 -0.081541
v -0.389034 1.137420 -0.087729
v -0.386416 1.156426 -0.089152
v -0.386342 1.140050 -0.095671
v -0.380299 1.158752 -0.094376
v -0.380471 1.171228 -0.085595
v -0.372394 1.159446 -0.095812
v -0.380223 1.141867 -0.101134
v -0.372319 1.142385 -0.102655
v -0.374343 0.810935 -0.200332
v -0.380278 0.808042 -0.195831
v -0.369271 0.785572 -0.208463
v -0.366676 0.813010 -0.201172
v -0.361874 0.788432 -0.209040
v -0.359329 0.813710 -0.198126
v -0.364745 1.141465 -0.099826
v -0.354272 0.812848 -0.192010
v -0.354787 0.789885 -0.205753
v -0.349908 0.789542 -0.199482
v -0.348821 0.774606 -0.210782
v -0.341308 0.762059 -0.214911
v -0.355462 0.772248 -0.214367
v -0.344251 0.774887 -0.204305
v -0.342974 0.773014 -0.196673
v -0.337197 0.763009 -0.208214
v -0.336050 0.761324 -0.200520
v -0.328548 0.753475 -0.211351
v -0.317912 0.745862 -0.213856
v -0.332044 0.751884 -0.218259
v -0.327572 0.751969 -0.203598
v -0.329377 0.747769 -0.197077
v -0.317132 0.744507 -0.206053
v -0.318576 0.740027 -0.199624
v -0.304278 0.738545 -0.208014
v -0.288587 0.733887 -0.209546
v -0.304862 0.739792 -0.215853
v -0.305359 0.733865 -0.201652
v -0.307815 0.727004 -0.198469
v -0.289340 0.729078 -0.203226
v -0.291052 0.721926 -0.200139
v -0.270174 0.725510 -0.204399
v -0.247648 0.723021 -0.205217
v -0.269682 0.730390 -0.210696
v -0.271291 0.718197 -0.201366
v -0.272734 0.710409 -0.202409
v -0.248322 0.715630 -0.202209
v -0.249193 0.707743 -0.203286
v -0.220132 0.714049 -0.202728
v -0.035915 0.713362 -0.202951
v -0.219763 0.721474 -0.205725
v -0.220608 0.706118 -0.203819
v -0.221065 0.699805 -0.208705
v -0.035915 0.705408 -0.204049
v -0.035915 0.699074 -0.208942
v -0.035915 0.720804 -0.205942
v -0.035915 0.725740 -0.212220
v -0.219600 0.726402 -0.212006
v -0.035915 0.726848 -0.220104
v -0.035915 0.696057 -0.216319
v -0.035915 0.723831 -0.227481
v -0.219688 0.727515 -0.219889
v -0.220002 0.724512 -0.227261
v -0.247511 0.729055 -0.219383
v -0.269948 0.731529 -0.218570
v -0.247351 0.727935 -0.211503
v -0.248085 0.726081 -0.226745
v -0.270899 0.728621 -0.225911
v -0.248919 0.719811 -0.231618
v -0.272281 0.722446 -0.230752
v -0.220458 0.718199 -0.232147
v -0.249790 0.711924 -0.232694
v -0.273724 0.714658 -0.231795
v -0.220935 0.710268 -0.233238
v -0.250464 0.704533 -0.229686
v -0.274841 0.707344 -0.228762
v -0.221304 0.702843 -0.230241
v -0.250761 0.699619 -0.223400
v -0.275333 0.702464 -0.222465
v -0.221467 0.697914 -0.223960
v -0.250601 0.698499 -0.215520
v -0.275067 0.701326 -0.214591
v -0.221379 0.696802 -0.216077
v -0.250027 0.701472 -0.208158
v -0.274116 0.704234 -0.207250
v -0.295383 0.708373 -0.205889
v -0.314027 0.714187 -0.203977
v -0.293264 0.714348 -0.201114
v -0.296841 0.705602 -0.213185
v -0.316120 0.711665 -0.211191
v -0.297248 0.706780 -0.221046
v -0.316703 0.712911 -0.219030
v -0.296494 0.711588 -0.227367
v -0.315623 0.717592 -0.225392
v -0.294782 0.718740 -0.230453
v -0.313167 0.724453 -0.228575
v -0.292570 0.726319 -0.229478
v -0.309994 0.731655 -0.227723
v -0.290452 0.732294 -0.224703
v -0.306954 0.737270 -0.223067
v -0.288993 0.735064 -0.217407
v -0.320708 0.743729 -0.220942
v -0.324771 0.738679 -0.225413
v -0.337124 0.747622 -0.222470
v -0.329011 0.732066 -0.226070
v -0.342427 0.741830 -0.222857
v -0.332293 0.725662 -0.222738
v -0.346531 0.736062 -0.219316
v -0.333737 0.721182 -0.216309
v -0.348337 0.731862 -0.212795
v -0.332956 0.719827 -0.208506
v -0.347361 0.730355 -0.205042
v -0.330160 0.721960 -0.201420
v -0.343864 0.731946 -0.198134
v -0.326098 0.727010 -0.196949
v -0.338784 0.736209 -0.193923
v -0.310988 0.719801 -0.199321
v -0.321858 0.733623 -0.196292
v -0.333481 0.742000 -0.193536
v -0.342997 0.752438 -0.190101
v -0.350699 0.765260 -0.185882
v -0.338173 0.757454 -0.193890
v -0.349231 0.747619 -0.190168
v -0.357630 0.761455 -0.185615
v -0.355204 0.744288 -0.194074
v -0.364271 0.759097 -0.189200
v -0.359315 0.743338 -0.200770
v -0.368842 0.758816 -0.195677
v -0.360463 0.745023 -0.208464
v -0.370118 0.760689 -0.203309
v -0.358340 0.748892 -0.215094
v -0.367758 0.764212 -0.210052
v -0.353515 0.753909 -0.218883
v -0.362394 0.768443 -0.214100
v -0.347281 0.758728 -0.218816
v -0.374997 0.782072 -0.204175
v -0.377516 0.778870 -0.197325
v -0.382889 0.805105 -0.188875
v -0.376153 0.776824 -0.189750
v -0.381477 0.802912 -0.181328
v -0.371275 0.776481 -0.183479
v -0.376420 0.802050 -0.175211
v -0.364188 0.777934 -0.180192
v -0.369074 0.802751 -0.172165
v -0.356790 0.780794 -0.180769
v -0.361406 0.804825 -0.173005
v -0.351065 0.784294 -0.185057
v -0.355471 0.807719 -0.177506
v -0.345335 0.769491 -0.189929
v -0.348546 0.787496 -0.191907
v -0.352860 0.810655 -0.184462
v -0.358078 1.136616 -0.085114
v -0.358143 1.152226 -0.078943
v -0.359533 1.139353 -0.093406
v -0.360770 1.133986 -0.077173
v -0.360833 1.148889 -0.071332
v -0.366889 1.132169 -0.071710
v -0.366949 1.146563 -0.066108
v -0.374794 1.131651 -0.070189
v -0.374854 1.145869 -0.064672
v -0.382367 1.132571 -0.073017
v -0.387579 1.134683 -0.079438
v -0.360943 1.157017 -0.065760
v -0.358275 1.161847 -0.072273
v -0.358418 1.168783 -0.063591
v -0.359755 1.166834 -0.079102
v -0.359930 1.175369 -0.068396
v -0.364988 1.170642 -0.084417
v -0.359602 1.155678 -0.086902
v -0.364818 1.158321 -0.093077
v -0.365187 1.180417 -0.072140
v -0.372570 1.172250 -0.086793
v -0.372781 1.182573 -0.073819
v -0.372886 1.189248 -0.057263
v -0.380675 1.181260 -0.072984
v -0.380778 1.187789 -0.056769
v -0.386757 1.176831 -0.069858
v -0.386850 1.182765 -0.055048
v -0.386623 1.186643 -0.025812
v -0.389473 1.175523 -0.052558
v -0.389258 1.179072 -0.025321
v -0.387946 1.168003 -0.049969
v -0.387744 1.171199 -0.024890
v -0.382485 1.165132 -0.024634
v -0.387868 1.170546 0.012373
v -0.382604 1.164515 0.011673
v -0.387946 1.168003 0.027675
v -0.389389 1.178377 0.013349
v -0.389473 1.175523 0.030265
v -0.386759 1.185908 0.014338
v -0.386850 1.182765 0.032754
v -0.380684 1.191123 0.015076
v -0.372791 1.192623 0.015365
v -0.380544 1.191883 -0.026231
v -0.380778 1.187789 0.034476
v -0.372886 1.189248 0.034969
v -0.380675 1.181260 0.050691
v -0.372781 1.182573 0.051526
v -0.386757 1.176831 0.047564
v -0.380471 1.171228 0.063302
v -0.372570 1.172250 0.064500
v -0.386573 1.167850 0.058850
v -0.380299 1.158752 0.072083
v -0.372394 1.159446 0.073519
v -0.386416 1.156426 0.066859
v -0.380223 1.141868 0.078840
v -0.374343 0.810935 0.178039
v -0.386342 1.140050 0.073377
v -0.372319 1.142385 0.080361
v -0.366676 0.813010 0.178879
v -0.364745 1.141465 0.077533
v -0.364818 1.158321 0.070783
v -0.359329 0.813710 0.175833
v -0.359533 1.139353 0.071113
v -0.354272 0.812848 0.169716
v -0.358078 1.136616 0.062821
v -0.359602 1.155678 0.064609
v -0.358143 1.152226 0.056649
v -0.359755 1.166834 0.056808
v -0.358275 1.161847 0.049980
v -0.359930 1.175369 0.046103
v -0.364988 1.170642 0.062123
v -0.365187 1.180417 0.049847
v -0.365287 1.186752 0.034102
v -0.358418 1.168783 0.041297
v -0.361055 1.162423 0.036718
v -0.367136 1.157993 0.033592
v -0.360943 1.157017 0.043467
v -0.367045 1.153639 0.039015
v -0.360833 1.148889 0.049038
v -0.366949 1.146563 0.043815
v -0.360770 1.133986 0.054880
v -0.366889 1.132169 0.049416
v -0.355471 0.807719 0.155213
v -0.352860 0.810655 0.162169
v -0.351065 0.784294 0.162764
v -0.361406 0.804825 0.150712
v -0.369074 0.802751 0.149872
v -0.356790 0.780794 0.158476
v -0.364188 0.777934 0.157898
v -0.350699 0.765260 0.163588
v -0.357630 0.761455 0.163322
v -0.342997 0.752438 0.167808
v -0.345335 0.769491 0.167636
v -0.338173 0.757454 0.171597
v -0.342974 0.773014 0.174379
v -0.348546 0.787496 0.169613
v -0.336050 0.761324 0.178227
v -0.344251 0.774887 0.182012
v -0.349908 0.789542 0.177188
v -0.337197 0.763009 0.185921
v -0.348821 0.774606 0.188488
v -0.354787 0.789885 0.183460
v -0.341308 0.762059 0.192617
v -0.355462 0.772248 0.192073
v -0.361874 0.788432 0.186747
v -0.347281 0.758728 0.196523
v -0.362394 0.768443 0.191807
v -0.369271 0.785572 0.186169
v -0.353515 0.753909 0.196590
v -0.367758 0.764213 0.187759
v -0.374997 0.782072 0.181881
v -0.358340 0.748892 0.192801
v -0.370118 0.760689 0.181016
v -0.377516 0.778870 0.175032
v -0.360463 0.745023 0.186171
v -0.368842 0.758816 0.173383
v -0.376153 0.776824 0.167457
v -0.359315 0.743338 0.178477
v -0.364271 0.759097 0.166907
v -0.371275 0.776481 0.161185
v -0.355204 0.744288 0.171780
v -0.349231 0.747619 0.167875
v -0.343864 0.731946 0.175841
v -0.347361 0.730355 0.182749
v -0.330160 0.721960 0.179127
v -0.338784 0.736209 0.171630
v -0.326098 0.727010 0.174656
v -0.333481 0.742000 0.171243
v -0.321858 0.733623 0.173999
v -0.329377 0.747769 0.174784
v -0.318576 0.740027 0.177331
v -0.327572 0.751969 0.181305
v -0.317132 0.744507 0.183760
v -0.328548 0.753475 0.189058
v -0.317912 0.745862 0.191563
v -0.332044 0.751884 0.195965
v -0.320708 0.743729 0.198649
v -0.337124 0.747622 0.200177
v -0.324771 0.738679 0.203119
v -0.342427 0.741830 0.200564
v -0.329011 0.732066 0.203777
v -0.346531 0.736062 0.197023
v -0.332293 0.725662 0.200444
v -0.348337 0.731861 0.190502
v -0.333737 0.721182 0.194016
v -0.332956 0.719827 0.186213
v -0.316703 0.712911 0.196737
v -0.315623 0.717592 0.203099
v -0.297248 0.706780 0.198753
v -0.316120 0.711665 0.188898
v -0.296841 0.705603 0.190892
v -0.314027 0.714187 0.181684
v -0.295383 0.708373 0.183596
v -0.310988 0.719801 0.177027
v -0.293264 0.714348 0.178821
v -0.307815 0.727004 0.176176
v -0.291052 0.721927 0.177846
v -0.305359 0.733865 0.179358
v -0.289340 0.729078 0.180932
v -0.304278 0.738545 0.185721
v -0.288587 0.733887 0.187253
v -0.304862 0.739792 0.193559
v -0.288993 0.735064 0.195114
v -0.306954 0.737270 0.200773
v -0.290452 0.732294 0.202410
v -0.309994 0.731655 0.205430
v -0.292570 0.726319 0.207185
v -0.313167 0.724453 0.206281
v -0.294782 0.718740 0.208160
v -0.296494 0.711588 0.205074
v -0.273724 0.714658 0.209502
v -0.272281 0.722446 0.208458
v -0.249790 0.711924 0.210401
v -0.274841 0.707344 0.206469
v -0.250464 0.704533 0.207393
v -0.275333 0.702464 0.200172
v -0.250761 0.699619 0.201107
v -0.275067 0.701326 0.192298
v -0.250601 0.698499 0.193227
v -0.274116 0.704234 0.184957
v -0.250027 0.701472 0.185864
v -0.272734 0.710409 0.180116
v -0.249193 0.707743 0.180992
v -0.271291 0.718197 0.179072
v -0.248322 0.715630 0.179916
v -0.270174 0.725510 0.182105
v -0.247648 0.723021 0.182923
v -0.269682 0.730390 0.188403
v -0.247351 0.727935 0.189209
v -0.269948 0.731529 0.196277
v -0.247511 0.729055 0.197089
v -0.270899 0.728621 0.203618
v -0.248085 0.726081 0.204452
v -0.248919 0.719811 0.209324
v -0.220002 0.724512 0.204967
v -0.219688 0.727515 0.197595
v -0.035915 0.723831 0.205188
v -0.220458 0.718199 0.209853
v -0.035915 0.717497 0.210081
v -0.220935 0.710268 0.210944
v -0.035915 0.709543 0.211179
v -0.221304 0.702843 0.207948
v -0.035915 0.702101 0.208188
v -0.221467 0.697914 0.201667
v -0.035915 0.697164 0.201910
v -0.221379 0.696802 0.193784
v -0.035915 0.696057 0.194026
v -0.221065 0.699805 0.186412
v -0.035915 0.699074 0.186649
v -0.220608 0.706118 0.181526
v -0.035915 0.705408 0.181756
v -0.220132 0.714049 0.180435
v -0.035915 0.713362 0.180657
v -0.219763 0.721474 0.183431
v -0.035915 0.720804 0.183648
v -0.219600 0.726402 0.189713
v -0.035915 0.725740 0.189927
v -0.035915 0.726848 0.197811
v -0.376420 0.802050 0.152918
v -0.382367 1.132571 0.050724
v -0.381477 0.802912 0.159034
v -0.387579 1.134683 0.057144
v -0.382889 0.805105 0.166582
v -0.389034 1.137420 0.065436
v -0.380278 0.808042 0.173538
v -0.389105 1.153089 0.059248
v -0.389241 1.163020 0.052337
v -0.387646 1.149637 0.051289
v -0.387760 1.158033 0.045508
v -0.382430 1.146994 0.045114
v -0.382528 1.154225 0.040193
v -0.374854 1.145869 0.042378
v -0.374945 1.152617 0.037816
v -0.374794 1.131651 0.047895
v -0.375031 1.156681 0.032756
v -0.375078 1.159724 0.024812
v -0.382625 1.158837 0.034435
v -0.387882 1.163884 0.038179
v -0.382677 1.162220 0.025679
v -0.389394 1.170471 0.042985
v -0.367186 1.161183 0.025305
v -0.375007 1.161898 0.011435
v -0.374892 1.162499 -0.024621
v -0.372650 1.193387 -0.026465
v -0.365287 1.186752 -0.056395
v -0.035915 0.697164 -0.224203
v -0.035915 0.702101 -0.230482
v -0.035915 0.709543 -0.233472
v -0.035915 0.717497 -0.232374
v 0.441649 0.010743 0.338306
v 0.430827 0.010743 0.338306
v 0.451007 0.010743 0.332959
v 0.441922 0.013234 0.339412
v 0.430555 0.013234 0.339412
v 0.451765 0.013234 0.333785
v 0.440522 0.016575 0.334614
v 0.431766 0.016522 0.334614
v 0.448104 0.016621 0.330273
v 0.437627 0.023406 0.330874
v 0.436745 0.026608 0.330981
v 0.443099 0.024602 0.327445
v 0.431159 0.022003 0.331078
v 0.430187 0.025096 0.331218
v 0.425331 0.020771 0.327874
v 0.424255 0.023666 0.327998
v 0.421823 0.020080 0.321924
v 0.424183 0.016476 0.330273
v 0.419805 0.016449 0.322754
v 0.420711 0.013234 0.333785
v 0.415029 0.013234 0.324039
v 0.421469 0.010743 0.332959
v 0.416085 0.010743 0.323731
v 0.416085 0.010743 0.313096
v 0.456392 0.010743 0.323731
v 0.456392 0.010743 0.313096
v 0.457448 0.013234 0.324039
v 0.452482 0.016648 0.322754
v 0.457448 0.013234 0.312787
v 0.452482 0.016648 0.314072
v 0.451765 0.013234 0.303042
v 0.448104 0.016621 0.306554
v 0.451007 0.010743 0.303867
v 0.441922 0.013234 0.297414
v 0.440522 0.016575 0.302213
v 0.441649 0.010743 0.298521
v 0.430555 0.013234 0.297414
v 0.431765 0.016522 0.302213
v 0.430827 0.010743 0.298521
v 0.420711 0.013234 0.303042
v 0.424183 0.016476 0.306554
v 0.421469 0.010743 0.303867
v 0.415028 0.013234 0.312787
v 0.419805 0.016449 0.314072
v 0.421823 0.020080 0.314902
v 0.420737 0.022729 0.314861
v 0.425331 0.020771 0.308952
v 0.424255 0.023666 0.308828
v 0.431159 0.022003 0.305749
v 0.430187 0.025096 0.305608
v 0.437627 0.023406 0.305952
v 0.436745 0.026608 0.305846
v 0.443099 0.024602 0.309381
v 0.442268 0.027863 0.309318
v 0.446226 0.025283 0.315122
v 0.445414 0.028578 0.315101
v 0.446226 0.025283 0.321704
v 0.445414 0.028578 0.321725
v 0.442268 0.027863 0.327508
v 0.447023 0.038508 0.322871
v 0.447023 0.038508 0.313955
v 0.442936 0.036634 0.330592
v 0.451327 0.041983 0.324278
v 0.445959 0.039482 0.334437
v 0.451327 0.041983 0.312548
v 0.449801 0.045206 0.324380
v 0.212021 0.554592 0.321115
v 0.449801 0.045208 0.312619
v 0.444419 0.042698 0.334565
v 0.206089 0.553262 0.331191
v 0.435097 0.038355 0.340446
v 0.196449 0.549599 0.337008
v 0.424332 0.033341 0.340446
v 0.436661 0.035151 0.340302
v 0.435859 0.033388 0.335050
v 0.425925 0.030150 0.340302
v 0.427687 0.029640 0.335050
v 0.416627 0.025819 0.334437
v 0.420610 0.026394 0.330592
v 0.411259 0.023318 0.324278
v 0.415009 0.028998 0.334565
v 0.176679 0.539563 0.331191
v 0.409627 0.026492 0.324380
v 0.171846 0.535878 0.321115
v 0.409626 0.026493 0.312619
v 0.172480 0.534518 0.309481
v 0.415008 0.029002 0.302433
v 0.411258 0.023318 0.312548
v 0.416524 0.024520 0.313955
v 0.416627 0.025819 0.302390
v 0.420610 0.026394 0.306234
v 0.425925 0.030150 0.296525
v 0.427687 0.029640 0.301777
v 0.436661 0.035151 0.296525
v 0.424330 0.033345 0.296553
v 0.188052 0.539511 0.293587
v 0.435095 0.038359 0.296553
v 0.198817 0.544526 0.293587
v 0.444418 0.042701 0.302433
v 0.207822 0.549548 0.299405
v 0.445959 0.039482 0.302390
v 0.442936 0.036634 0.306234
v 0.435859 0.033388 0.301777
v 0.212655 0.553233 0.309480
v 0.194796 0.577454 0.295358
v 0.183985 0.600615 0.289973
v 0.185975 0.572038 0.289629
v 0.199311 0.581820 0.305280
v 0.188071 0.605897 0.299593
v 0.198309 0.583966 0.316737
v 0.186576 0.609102 0.310701
v 0.192059 0.583318 0.326659
v 0.179898 0.609370 0.320321
v 0.182235 0.580048 0.332388
v 0.169827 0.606630 0.325875
v 0.171470 0.575034 0.332388
v 0.159062 0.601615 0.325875
v 0.185684 0.544585 0.337008
v 0.162649 0.569618 0.326659
v 0.150488 0.595670 0.320321
v 0.158134 0.565252 0.316737
v 0.146401 0.590388 0.310701
v 0.159136 0.563106 0.305280
v 0.147897 0.587183 0.299593
v 0.165386 0.563754 0.295358
v 0.154575 0.586915 0.289973
v 0.178412 0.535848 0.299405
v 0.175210 0.567023 0.289629
v 0.164645 0.589655 0.284419
v 0.175410 0.594670 0.284419
v 0.156170 0.607811 0.277947
v 0.149556 0.621981 0.270170
v 0.145795 0.605723 0.283185
v 0.166935 0.612826 0.277947
v 0.160320 0.626995 0.270170
v 0.175205 0.619422 0.283185
v 0.168246 0.634331 0.274905
v 0.178765 0.625834 0.292258
v 0.171208 0.642023 0.283106
v 0.176660 0.630343 0.302735
v 0.168414 0.648009 0.292576
v 0.169455 0.631740 0.311808
v 0.160611 0.650687 0.300776
v 0.159080 0.629652 0.317046
v 0.149891 0.649337 0.305511
v 0.148316 0.624637 0.317046
v 0.139126 0.644323 0.305511
v 0.140045 0.618040 0.311808
v 0.131201 0.636987 0.300777
v 0.136486 0.611629 0.302735
v 0.128239 0.629295 0.292576
v 0.138590 0.607120 0.292258
v 0.131033 0.623309 0.283106
v 0.138836 0.620631 0.274905
v 0.125015 0.636201 0.271911
v 0.120324 0.646251 0.258416
v 0.121539 0.643648 0.280015
v 0.133408 0.632258 0.264892
v 0.129221 0.641228 0.252821
v 0.144469 0.632877 0.260840
v 0.140573 0.641224 0.249590
v 0.155234 0.637892 0.260840
v 0.151338 0.646238 0.249590
v 0.162818 0.645958 0.264892
v 0.158631 0.654928 0.252821
v 0.165190 0.654915 0.271911
v 0.160499 0.664965 0.258416
v 0.161714 0.662362 0.280015
v 0.156440 0.673659 0.264877
v 0.153321 0.666305 0.287034
v 0.147543 0.678682 0.270473
v 0.142260 0.665686 0.291086
v 0.136191 0.678687 0.273703
v 0.131495 0.660671 0.291086
v 0.125426 0.673672 0.273703
v 0.123911 0.652605 0.287034
v 0.118133 0.664982 0.270473
v 0.113764 0.674342 0.251181
v 0.116265 0.654945 0.264877
v 0.112275 0.663494 0.247057
v 0.109442 0.669562 0.218580
v 0.116770 0.653863 0.242295
v 0.114209 0.659350 0.215386
v 0.126046 0.648030 0.238170
v 0.123720 0.653013 0.212620
v 0.137617 0.647557 0.235789
v 0.135426 0.652249 0.211023
v 0.148381 0.652572 0.235789
v 0.146191 0.657264 0.211023
v 0.155456 0.661730 0.238170
v 0.153130 0.666713 0.212620
v 0.156945 0.672578 0.242294
v 0.154384 0.678064 0.215386
v 0.152449 0.682208 0.247057
v 0.149617 0.688276 0.218580
v 0.143174 0.688042 0.251181
v 0.140106 0.694613 0.221346
v 0.131603 0.688515 0.253562
v 0.128400 0.695377 0.222943
v 0.120838 0.683500 0.253562
v 0.117635 0.690362 0.222943
v 0.110696 0.680914 0.221346
v 0.115747 0.694408 0.142176
v 0.108877 0.684811 0.141352
v 0.126512 0.699422 0.142176
v 0.115747 0.694408 -0.165143
v 0.108877 0.684811 -0.164319
v 0.126511 0.699422 -0.165143
v 0.117635 0.690362 -0.245910
v 0.128400 0.695377 -0.245910
v 0.120838 0.683500 -0.276530
v 0.110696 0.680914 -0.244313
v 0.109442 0.669562 -0.241547
v 0.113764 0.674342 -0.274149
v 0.118133 0.664982 -0.293440
v 0.112274 0.663494 -0.270024
v 0.116265 0.654945 -0.287845
v 0.116770 0.653863 -0.265262
v 0.114209 0.659350 -0.238353
v 0.120324 0.646251 -0.281384
v 0.126046 0.648030 -0.261138
v 0.123720 0.653013 -0.235587
v 0.129221 0.641228 -0.275788
v 0.137616 0.647557 -0.258756
v 0.135426 0.652249 -0.233990
v 0.140573 0.641224 -0.272558
v 0.148381 0.652572 -0.258756
v 0.146191 0.657264 -0.233990
v 0.151338 0.646238 -0.272558
v 0.155456 0.661730 -0.261138
v 0.153130 0.666713 -0.235587
v 0.158631 0.654928 -0.275788
v 0.156945 0.672578 -0.265262
v 0.154384 0.678064 -0.238353
v 0.160499 0.664965 -0.281384
v 0.152449 0.682208 -0.270024
v 0.149617 0.688276 -0.241547
v 0.156440 0.673659 -0.287845
v 0.143174 0.688042 -0.274149
v 0.140106 0.694613 -0.244313
v 0.147543 0.678682 -0.293440
v 0.131603 0.688515 -0.276530
v 0.136191 0.678687 -0.296671
v 0.125426 0.673672 -0.296671
v 0.142260 0.665686 -0.314054
v 0.149891 0.649337 -0.328479
v 0.153320 0.666305 -0.310001
v 0.131495 0.660671 -0.314054
v 0.139126 0.644323 -0.328479
v 0.123910 0.652605 -0.310001
v 0.131201 0.636987 -0.323744
v 0.121539 0.643648 -0.302983
v 0.128239 0.629295 -0.315543
v 0.125015 0.636201 -0.294878
v 0.131033 0.623309 -0.306073
v 0.133408 0.632258 -0.287860
v 0.138836 0.620631 -0.297872
v 0.144469 0.632877 -0.283807
v 0.149555 0.621981 -0.293138
v 0.155234 0.637892 -0.283807
v 0.160320 0.626995 -0.293138
v 0.162818 0.645958 -0.287860
v 0.168246 0.634331 -0.297872
v 0.165190 0.654915 -0.294878
v 0.171208 0.642023 -0.306073
v 0.161713 0.662362 -0.302983
v 0.168413 0.648009 -0.315543
v 0.160611 0.650687 -0.323744
v 0.176660 0.630343 -0.325702
v 0.186575 0.609102 -0.333668
v 0.178765 0.625834 -0.315226
v 0.169455 0.631740 -0.334775
v 0.179897 0.609370 -0.343288
v 0.159080 0.629652 -0.340013
v 0.169827 0.606630 -0.348842
v 0.148315 0.624637 -0.340013
v 0.159062 0.601615 -0.348842
v 0.140045 0.618040 -0.334775
v 0.150488 0.595670 -0.343288
v 0.136485 0.611629 -0.325702
v 0.146401 0.590388 -0.333668
v 0.138590 0.607120 -0.315226
v 0.147896 0.587183 -0.322560
v 0.145795 0.605723 -0.306153
v 0.154574 0.586915 -0.312941
v 0.156170 0.607811 -0.300915
v 0.164645 0.589655 -0.307387
v 0.166935 0.612826 -0.300915
v 0.175410 0.594670 -0.307386
v 0.175205 0.619422 -0.306153
v 0.183984 0.600615 -0.312940
v 0.188071 0.605897 -0.322560
v 0.194796 0.577454 -0.318325
v 0.207822 0.549548 -0.322372
v 0.185974 0.572038 -0.312596
v 0.199311 0.581820 -0.328247
v 0.212655 0.553233 -0.332448
v 0.198309 0.583966 -0.339704
v 0.212020 0.554592 -0.344083
v 0.192058 0.583318 -0.349627
v 0.206088 0.553262 -0.354158
v 0.182235 0.580048 -0.355355
v 0.196449 0.549599 -0.359976
v 0.171470 0.575034 -0.355355
v 0.185684 0.544585 -0.359976
v 0.162649 0.569618 -0.349627
v 0.176678 0.539563 -0.354158
v 0.158134 0.565252 -0.339704
v 0.171846 0.535878 -0.344083
v 0.159136 0.563106 -0.328247
v 0.172480 0.534518 -0.332448
v 0.165386 0.563754 -0.318325
v 0.178412 0.535848 -0.322372
v 0.175210 0.567023 -0.312596
v 0.188052 0.539511 -0.316555
v 0.198817 0.544526 -0.316555
v 0.203304 0.506837 -0.319343
v 0.424330 0.033345 -0.319520
v 0.193794 0.502896 -0.325199
v 0.214069 0.511852 -0.319343
v 0.435095 0.038359 -0.319520
v 0.223204 0.516596 -0.325199
v 0.444418 0.042701 -0.325401
v 0.228262 0.519800 -0.335343
v 0.449800 0.045208 -0.335586
v 0.227886 0.520604 -0.347055
v 0.449801 0.045206 -0.347348
v 0.222179 0.518793 -0.357198
v 0.444419 0.042698 -0.357533
v 0.212669 0.514852 -0.363055
v 0.435097 0.038355 -0.363414
v 0.201904 0.509838 -0.363054
v 0.424332 0.033341 -0.363414
v 0.192769 0.505093 -0.357198
v 0.415009 0.028998 -0.357533
v 0.187711 0.501889 -0.347055
v 0.409626 0.026492 -0.347347
v 0.188087 0.501086 -0.335343
v 0.409626 0.026493 -0.335586
v 0.415008 0.029002 -0.325401
v 0.411258 0.023318 -0.335516
v 0.411258 0.023318 -0.347246
v 0.416524 0.024520 -0.336923
v 0.416626 0.025819 -0.325357
v 0.420610 0.026394 -0.329202
v 0.425924 0.030150 -0.319492
v 0.427687 0.029640 -0.324744
v 0.436661 0.035151 -0.319492
v 0.435859 0.033388 -0.324744
v 0.445959 0.039482 -0.325357
v 0.442936 0.036634 -0.329202
v 0.451327 0.041983 -0.335516
v 0.447022 0.038508 -0.336923
v 0.451327 0.041983 -0.347246
v 0.445959 0.039482 -0.357405
v 0.447022 0.038508 -0.345839
v 0.442936 0.036634 -0.353560
v 0.445414 0.028578 -0.344693
v 0.446225 0.025283 -0.344672
v 0.445414 0.028578 -0.338069
v 0.442268 0.027863 -0.350476
v 0.443099 0.024602 -0.350413
v 0.436745 0.026608 -0.353949
v 0.437627 0.023406 -0.353842
v 0.430186 0.025096 -0.354186
v 0.435859 0.033388 -0.358018
v 0.427687 0.029640 -0.358018
v 0.436661 0.035151 -0.363270
v 0.425924 0.030150 -0.363270
v 0.416626 0.025819 -0.357405
v 0.420610 0.026394 -0.353560
v 0.416524 0.024520 -0.345839
v 0.424254 0.023666 -0.350966
v 0.425331 0.020771 -0.350842
v 0.420737 0.022729 -0.344933
v 0.421823 0.020080 -0.344892
v 0.420737 0.022729 -0.337829
v 0.421823 0.020080 -0.337870
v 0.424254 0.023666 -0.331796
v 0.425331 0.020771 -0.331920
v 0.430186 0.025096 -0.328576
v 0.431159 0.022003 -0.328716
v 0.436745 0.026608 -0.328813
v 0.437627 0.023406 -0.328920
v 0.442268 0.027863 -0.332286
v 0.443099 0.024602 -0.332349
v 0.446225 0.025283 -0.338090
v 0.448104 0.016621 -0.329521
v 0.440521 0.016575 -0.325181
v 0.452482 0.016648 -0.337040
v 0.451765 0.013234 -0.326009
v 0.457448 0.013234 -0.335755
v 0.451007 0.010743 -0.326835
v 0.441922 0.013234 -0.320382
v 0.441649 0.010743 -0.321488
v 0.430554 0.013234 -0.320382
v 0.431765 0.016522 -0.325181
v 0.430827 0.010743 -0.321488
v 0.420711 0.013234 -0.326009
v 0.424182 0.016476 -0.329521
v 0.421469 0.010743 -0.326835
v 0.415028 0.013234 -0.335755
v 0.419804 0.016449 -0.337040
v 0.416085 0.010743 -0.336063
v 0.415028 0.013234 -0.347007
v 0.419804 0.016449 -0.345722
v 0.416085 0.010743 -0.346699
v 0.420711 0.013234 -0.356752
v 0.424182 0.016476 -0.353240
v 0.421469 0.010743 -0.355927
v 0.430554 0.013234 -0.362380
v 0.441922 0.013234 -0.362380
v 0.430827 0.010743 -0.361273
v 0.431765 0.016522 -0.357581
v 0.440521 0.016575 -0.357581
v 0.431159 0.022003 -0.354045
v 0.448104 0.016621 -0.353240
v 0.452482 0.016648 -0.345722
v 0.451765 0.013234 -0.356752
v 0.451007 0.010743 -0.355927
v 0.457448 0.013234 -0.347007
v 0.456391 0.010743 -0.346699
v 0.456391 0.010743 -0.336063
v 0.441649 0.010743 -0.361273
v 0.138287 0.698510 -0.164319
v 0.147917 0.691917 -0.162892
v 0.138287 0.698510 0.141352
v 0.147918 0.691917 0.139925
v 0.152823 0.681408 0.138277
v 0.151689 0.669800 0.136850
v 0.152823 0.681408 -0.161244
v 0.151689 0.669800 -0.159817
v 0.144819 0.660203 -0.158993
v 0.134054 0.655188 -0.158993
v 0.144819 0.660203 0.136026
v 0.134054 0.655188 0.136026
v 0.122279 0.656100 0.136850
v 0.112648 0.662694 0.138277
v 0.122279 0.656100 -0.159817
v 0.112648 0.662694 -0.161244
v 0.107743 0.673203 -0.162892
v 0.107743 0.673203 0.139925
v 0.416524 0.024520 0.322871
v 0.420737 0.022729 0.321965
v -0.456214 0.010743 -0.361273
v -0.445391 0.010743 -0.361273
v -0.465572 0.010743 -0.355927
v -0.456486 0.013234 -0.362380
v -0.445119 0.013234 -0.362380
v -0.466330 0.013234 -0.356752
v -0.455086 0.016575 -0.357581
v -0.446330 0.016522 -0.357581
v -0.462669 0.016621 -0.353240
v -0.452191 0.023406 -0.353842
v -0.451310 0.026608 -0.353948
v -0.457663 0.024602 -0.350413
v -0.445724 0.022003 -0.354045
v -0.444751 0.025096 -0.354186
v -0.439895 0.020770 -0.350842
v -0.438819 0.023666 -0.350966
v -0.436387 0.020080 -0.344892
v -0.438747 0.016476 -0.353240
v -0.434369 0.016450 -0.345722
v -0.435275 0.013234 -0.356752
v -0.429593 0.013234 -0.347007
v -0.436034 0.010743 -0.355927
v -0.430649 0.010743 -0.346699
v -0.430649 0.010743 -0.336063
v -0.470956 0.010743 -0.346699
v -0.470956 0.010743 -0.336063
v -0.472012 0.013234 -0.347007
v -0.467047 0.016648 -0.345722
v -0.472012 0.013234 -0.335755
v -0.467047 0.016648 -0.337040
v -0.466330 0.013234 -0.326009
v -0.462669 0.016621 -0.329521
v -0.465572 0.010743 -0.326835
v -0.456486 0.013234 -0.320382
v -0.455086 0.016575 -0.325180
v -0.456214 0.010743 -0.321488
v -0.445119 0.013234 -0.320382
v -0.446330 0.016522 -0.325180
v -0.445391 0.010743 -0.321488
v -0.435275 0.013234 -0.326009
v -0.438747 0.016476 -0.329521
v -0.436034 0.010743 -0.326835
v -0.429593 0.013234 -0.335755
v -0.434369 0.016450 -0.337040
v -0.436387 0.020080 -0.337870
v -0.435301 0.022729 -0.337829
v -0.439895 0.020770 -0.331920
v -0.438819 0.023666 -0.331796
v -0.445724 0.022003 -0.328716
v -0.444751 0.025096 -0.328576
v -0.452191 0.023406 -0.328920
v -0.451310 0.026608 -0.328813
v -0.457663 0.024602 -0.332349
v -0.456832 0.027863 -0.332286
v -0.460790 0.025283 -0.338090
v -0.459979 0.028578 -0.338069
v -0.460790 0.025283 -0.344672
v -0.459979 0.028578 -0.344693
v -0.456832 0.027863 -0.350476
v -0.461587 0.038508 -0.345839
v -0.461587 0.038508 -0.336923
v -0.457501 0.036634 -0.353560
v -0.465891 0.041983 -0.347246
v -0.460523 0.039482 -0.357404
v -0.465891 0.041983 -0.335516
v -0.464366 0.045206 -0.347347
v -0.242451 0.520604 -0.347055
v -0.464365 0.045208 -0.335586
v -0.458984 0.042698 -0.357533
v -0.236744 0.518793 -0.357198
v -0.449662 0.038355 -0.363414
v -0.227233 0.514852 -0.363055
v -0.438897 0.033340 -0.363414
v -0.451225 0.035151 -0.363269
v -0.450424 0.033388 -0.358018
v -0.440489 0.030150 -0.363270
v -0.442252 0.029640 -0.358018
v -0.431191 0.025819 -0.357404
v -0.435174 0.026394 -0.353560
v -0.425823 0.023318 -0.347246
v -0.429574 0.028998 -0.357533
v -0.207333 0.505093 -0.357198
v -0.424191 0.026492 -0.347347
v -0.202276 0.501889 -0.347055
v -0.424190 0.026493 -0.335586
v -0.202651 0.501086 -0.335343
v -0.429572 0.029002 -0.325401
v -0.425823 0.023318 -0.335516
v -0.431088 0.024520 -0.336923
v -0.431191 0.025819 -0.325357
v -0.435174 0.026394 -0.329202
v -0.440489 0.030150 -0.319492
v -0.442252 0.029640 -0.324744
v -0.451225 0.035151 -0.319492
v -0.438895 0.033345 -0.319520
v -0.217869 0.506837 -0.319343
v -0.449659 0.038360 -0.319520
v -0.228634 0.511852 -0.319343
v -0.458982 0.042701 -0.325401
v -0.237769 0.516596 -0.325199
v -0.460523 0.039482 -0.325357
v -0.457501 0.036634 -0.329202
v -0.450424 0.033388 -0.324744
v -0.222387 0.549548 -0.322372
v -0.242826 0.519800 -0.335343
v -0.227220 0.553233 -0.332448
v -0.226585 0.554592 -0.344083
v -0.213875 0.581820 -0.328247
v -0.202636 0.605897 -0.322560
v -0.209361 0.577453 -0.318325
v -0.212873 0.583966 -0.339704
v -0.201140 0.609102 -0.333668
v -0.206623 0.583318 -0.349627
v -0.194462 0.609370 -0.343288
v -0.220653 0.553262 -0.354158
v -0.196800 0.580048 -0.355355
v -0.184392 0.606630 -0.348842
v -0.211013 0.549599 -0.359976
v -0.186035 0.575034 -0.355355
v -0.173627 0.601615 -0.348842
v -0.200248 0.544585 -0.359976
v -0.177213 0.569618 -0.349627
v -0.165052 0.595670 -0.343288
v -0.191243 0.539562 -0.354158
v -0.172699 0.565252 -0.339704
v -0.160965 0.590388 -0.333668
v -0.186410 0.535878 -0.344083
v -0.173701 0.563106 -0.328247
v -0.162461 0.587183 -0.322560
v -0.187045 0.534518 -0.332448
v -0.179951 0.563754 -0.318325
v -0.169139 0.586915 -0.312941
v -0.192977 0.535848 -0.322372
v -0.189774 0.567023 -0.312596
v -0.179210 0.589655 -0.307387
v -0.202617 0.539511 -0.316555
v -0.200539 0.572038 -0.312596
v -0.189974 0.594670 -0.307386
v -0.213382 0.544526 -0.316555
v -0.198549 0.600615 -0.312940
v -0.181499 0.612826 -0.300915
v -0.174885 0.626995 -0.293138
v -0.170735 0.607811 -0.300915
v -0.189770 0.619422 -0.306153
v -0.182810 0.634331 -0.297873
v -0.193329 0.625834 -0.315226
v -0.185773 0.642023 -0.306073
v -0.191225 0.630343 -0.325702
v -0.182978 0.648009 -0.315543
v -0.184020 0.631740 -0.334775
v -0.175176 0.650687 -0.323744
v -0.173645 0.629652 -0.340013
v -0.164456 0.649337 -0.328479
v -0.162880 0.624637 -0.340013
v -0.153691 0.644323 -0.328479
v -0.154610 0.618040 -0.334775
v -0.145766 0.636987 -0.323744
v -0.151050 0.611629 -0.325702
v -0.142803 0.629295 -0.315543
v -0.153155 0.607120 -0.315226
v -0.145598 0.623309 -0.306073
v -0.160360 0.605723 -0.306153
v -0.153401 0.620631 -0.297873
v -0.164120 0.621981 -0.293138
v -0.147973 0.632258 -0.287860
v -0.143786 0.641228 -0.275788
v -0.139580 0.636201 -0.294878
v -0.159034 0.632877 -0.283807
v -0.155138 0.641223 -0.272558
v -0.169798 0.637892 -0.283807
v -0.165902 0.646238 -0.272558
v -0.177383 0.645958 -0.287860
v -0.173196 0.654928 -0.275788
v -0.179755 0.654915 -0.294878
v -0.175063 0.664965 -0.281384
v -0.176278 0.662362 -0.302983
v -0.171005 0.673659 -0.287845
v -0.167885 0.666305 -0.310001
v -0.162107 0.678682 -0.293440
v -0.156824 0.665686 -0.314054
v -0.150756 0.678687 -0.296671
v -0.146060 0.660671 -0.314054
v -0.139991 0.673672 -0.296671
v -0.138475 0.652605 -0.310001
v -0.132697 0.664982 -0.293440
v -0.136103 0.643648 -0.302983
v -0.130830 0.654945 -0.287845
v -0.134889 0.646251 -0.281384
v -0.126839 0.663494 -0.270024
v -0.124007 0.669562 -0.241547
v -0.128328 0.674342 -0.274149
v -0.131335 0.653863 -0.265262
v -0.128774 0.659350 -0.238353
v -0.140611 0.648030 -0.261138
v -0.138285 0.653013 -0.235587
v -0.152181 0.647557 -0.258756
v -0.149991 0.652249 -0.233990
v -0.162946 0.652572 -0.258756
v -0.160756 0.657264 -0.233990
v -0.170021 0.661730 -0.261138
v -0.167695 0.666712 -0.235587
v -0.171510 0.672578 -0.265262
v -0.168949 0.678064 -0.238353
v -0.167014 0.682208 -0.270024
v -0.164182 0.688276 -0.241547
v -0.157738 0.688042 -0.274149
v -0.154671 0.694613 -0.244313
v -0.146168 0.688515 -0.276530
v -0.142965 0.695377 -0.245910
v -0.135403 0.683500 -0.276530
v -0.132200 0.690362 -0.245910
v -0.125261 0.680914 -0.244313
v -0.130311 0.694408 -0.165143
v -0.123442 0.684811 -0.164319
v -0.141076 0.699422 -0.165143
v -0.130311 0.694408 0.142176
v -0.123442 0.684811 0.141352
v -0.141076 0.699422 0.142176
v -0.132200 0.690362 0.222943
v -0.142965 0.695377 0.222943
v -0.135403 0.683500 0.253562
v -0.125261 0.680914 0.221346
v -0.124007 0.669562 0.218580
v -0.128328 0.674342 0.251181
v -0.132697 0.664982 0.270473
v -0.126839 0.663494 0.247057
v -0.130830 0.654945 0.264877
v -0.131335 0.653863 0.242294
v -0.128774 0.659350 0.215386
v -0.134888 0.646251 0.258416
v -0.140611 0.648030 0.238170
v -0.138285 0.653013 0.212620
v -0.143786 0.641228 0.252821
v -0.152181 0.647557 0.235789
v -0.149991 0.652249 0.211023
v -0.155138 0.641223 0.249590
v -0.162946 0.652572 0.235789
v -0.160756 0.657264 0.211023
v -0.165902 0.646238 0.249590
v -0.170021 0.661730 0.238170
v -0.167695 0.666712 0.212620
v -0.173196 0.654928 0.252821
v -0.171510 0.672578 0.242294
v -0.168949 0.678064 0.215386
v -0.175063 0.664965 0.258416
v -0.167014 0.682208 0.247057
v -0.164182 0.688276 0.218580
v -0.171005 0.673659 0.264877
v -0.157738 0.688042 0.251181
v -0.154671 0.694613 0.221346
v -0.162107 0.678682 0.270473
v -0.146168 0.688515 0.253562
v -0.150755 0.678687 0.273703
v -0.139991 0.673672 0.273703
v -0.156824 0.665686 0.291086
v -0.164456 0.649337 0.305511
v -0.167885 0.666305 0.287034
v -0.146060 0.660671 0.291086
v -0.153691 0.644323 0.305511
v -0.138475 0.652605 0.287034
v -0.145766 0.636987 0.300776
v -0.136103 0.643648 0.280015
v -0.142803 0.629295 0.292576
v -0.139580 0.636201 0.271911
v -0.145598 0.623309 0.283106
v -0.147973 0.632258 0.264892
v -0.153400 0.620631 0.274905
v -0.159034 0.632877 0.260840
v -0.164120 0.621981 0.270170
v -0.169798 0.637892 0.260840
v -0.174885 0.626995 0.270170
v -0.177383 0.645958 0.264892
v -0.182810 0.634331 0.274905
v -0.179755 0.654915 0.271911
v -0.185773 0.642023 0.283106
v -0.176278 0.662362 0.280015
v -0.182978 0.648009 0.292575
v -0.175176 0.650687 0.300776
v -0.191225 0.630343 0.302735
v -0.201140 0.609102 0.310701
v -0.193329 0.625834 0.292258
v -0.184020 0.631740 0.311808
v -0.194462 0.609370 0.320321
v -0.173645 0.629652 0.317046
v -0.184392 0.606630 0.325875
v -0.162880 0.624637 0.317046
v -0.173627 0.601615 0.325875
v -0.154610 0.618040 0.311808
v -0.165052 0.595670 0.320321
v -0.151050 0.611629 0.302735
v -0.160965 0.590388 0.310701
v -0.153155 0.607120 0.292258
v -0.162461 0.587183 0.299593
v -0.160360 0.605723 0.283185
v -0.169139 0.586915 0.289973
v -0.170734 0.607811 0.277947
v -0.179210 0.589655 0.284419
v -0.181499 0.612826 0.277947
v -0.189974 0.594670 0.284419
v -0.189770 0.619422 0.283185
v -0.198549 0.600615 0.289973
v -0.202636 0.605897 0.299593
v -0.209361 0.577453 0.295358
v -0.222387 0.549548 0.299405
v -0.200539 0.572038 0.289629
v -0.213875 0.581820 0.305280
v -0.227220 0.553233 0.309480
v -0.212873 0.583966 0.316737
v -0.226585 0.554592 0.321115
v -0.206623 0.583318 0.326659
v -0.220653 0.553262 0.331191
v -0.196800 0.580048 0.332388
v -0.211013 0.549599 0.337008
v -0.186035 0.575034 0.332388
v -0.200248 0.544585 0.337008
v -0.177213 0.569618 0.326659
v -0.191243 0.539562 0.331191
v -0.172699 0.565252 0.316737
v -0.186410 0.535878 0.321115
v -0.173701 0.563106 0.305280
v -0.187045 0.534518 0.309480
v -0.179951 0.563754 0.295358
v -0.192977 0.535848 0.299405
v -0.189774 0.567023 0.289629
v -0.202617 0.539511 0.293587
v -0.213382 0.544526 0.293587
v -0.217869 0.506837 0.296376
v -0.438895 0.033345 0.296553
v -0.208359 0.502896 0.302232
v -0.228634 0.511852 0.296376
v -0.449659 0.038360 0.296553
v -0.237769 0.516596 0.302232
v -0.458982 0.042701 0.302433
v -0.242826 0.519800 0.312375
v -0.464365 0.045208 0.312619
v -0.242451 0.520604 0.324088
v -0.464366 0.045206 0.324380
v -0.236744 0.518793 0.334231
v -0.458984 0.042698 0.334565
v -0.227233 0.514852 0.340087
v -0.449662 0.038355 0.340446
v -0.216468 0.509838 0.340087
v -0.438897 0.033340 0.340446
v -0.207333 0.505093 0.334231
v -0.429574 0.028998 0.334565
v -0.202276 0.501889 0.324088
v -0.424191 0.026492 0.324380
v -0.202651 0.501086 0.312375
v -0.424190 0.026493 0.312619
v -0.429572 0.029002 0.302433
v -0.425823 0.023318 0.312548
v -0.425823 0.023318 0.324278
v -0.431088 0.024520 0.313955
v -0.431191 0.025819 0.302390
v -0.435174 0.026394 0.306234
v -0.440489 0.030150 0.296525
v -0.442252 0.029640 0.301777
v -0.451225 0.035151 0.296525
v -0.450424 0.033388 0.301777
v -0.460523 0.039482 0.302390
v -0.457501 0.036634 0.306234
v -0.465891 0.041983 0.312548
v -0.461587 0.038508 0.313955
v -0.465891 0.041983 0.324278
v -0.460523 0.039482 0.334437
v -0.461587 0.038508 0.322871
v -0.457501 0.036634 0.330592
v -0.459979 0.028578 0.321725
v -0.460790 0.025283 0.321704
v -0.459979 0.028578 0.315101
v -0.456832 0.027863 0.327508
v -0.457663 0.024602 0.327445
v -0.451310 0.026608 0.330981
v -0.452191 0.023406 0.330874
v -0.444751 0.025096 0.331218
v -0.450424 0.033388 0.335050
v -0.442252 0.029640 0.335050
v -0.451225 0.035151 0.340302
v -0.440489 0.030150 0.340302
v -0.431191 0.025819 0.334437
v -0.435174 0.026394 0.330592
v -0.431088 0.024520 0.322871
v -0.438819 0.023666 0.327998
v -0.439895 0.020770 0.327874
v -0.435301 0.022729 0.321965
v -0.436387 0.020080 0.321924
v -0.435301 0.022729 0.314861
v -0.436387 0.020080 0.314902
v -0.438819 0.023666 0.308828
v -0.439895 0.020770 0.308952
v -0.444751 0.025096 0.305608
v -0.445724 0.022003 0.305749
v -0.451310 0.026608 0.305846
v -0.452191 0.023406 0.305952
v -0.456832 0.027863 0.309318
v -0.457663 0.024602 0.309381
v -0.460790 0.025283 0.315122
v -0.462669 0.016621 0.306554
v -0.455086 0.016575 0.302213
v -0.467047 0.016648 0.314072
v -0.466330 0.013234 0.303042
v -0.472012 0.013234 0.312787
v -0.465572 0.010743 0.303867
v -0.456486 0.013234 0.297414
v -0.456214 0.010743 0.298521
v -0.445119 0.013234 0.297414
v -0.446330 0.016522 0.302213
v -0.445391 0.010743 0.298521
v -0.435275 0.013234 0.303042
v -0.438747 0.016476 0.306554
v -0.436034 0.010743 0.303867
v -0.429593 0.013234 0.312787
v -0.434369 0.016450 0.314072
v -0.430649 0.010743 0.313096
v -0.429593 0.013234 0.324039
v -0.434369 0.016450 0.322754
v -0.430649 0.010743 0.323731
v -0.435275 0.013234 0.333785
v -0.438747 0.016476 0.330273
v -0.436034 0.010743 0.332959
v -0.445119 0.013234 0.339412
v -0.456486 0.013234 0.339412
v -0.445391 0.010743 0.338306
v -0.446330 0.016522 0.334614
v -0.455086 0.016575 0.334614
v -0.445724 0.022003 0.331078
v -0.462669 0.016621 0.330273
v -0.467047 0.016648 0.322754
v -0.466330 0.013234 0.333785
v -0.465572 0.010743 0.332959
v -0.472012 0.013234 0.324039
v -0.470956 0.010743 0.323731
v -0.470956 0.010743 0.313096
v -0.456214 0.010743 0.338306
v -0.152852 0.698510 0.141352
v -0.162482 0.691917 0.139925
v -0.152852 0.698510 -0.164319
v -0.162482 0.691917 -0.162892
v -0.167388 0.681408 -0.161244
v -0.166254 0.669800 -0.159817
v -0.167388 0.681408 0.138277
v -0.166254 0.669800 0.136849
v -0.159384 0.660203 0.136026
v -0.148619 0.655188 0.136026
v -0.159384 0.660203 -0.158993
v -0.148619 0.655188 -0.158993
v -0.136844 0.656100 -0.159817
v -0.127213 0.662694 -0.161244
v -0.136844 0.656100 0.136849
v -0.127213 0.662694 0.138277
v -0.122307 0.673203 0.139925
v -0.122307 0.673203 -0.162892
v -0.208359 0.502896 -0.325199
v -0.216468 0.509838 -0.363055
v -0.431088 0.024520 -0.345839
v -0.435301 0.022729 -0.344933
v -0.127545 0.665749 -0.253588
v -0.077060 0.665749 -0.253588
v -0.127545 0.665749 -0.227218
v -0.127545 0.695756 -0.253588
v -0.084491 0.680349 -0.253588
v -0.082500 0.676905 -0.253588
v -0.079051 0.674916 -0.253588
v -0.082500 0.676905 -0.251986
v -0.084491 0.680349 -0.251986
v -0.079051 0.674916 -0.251986
v -0.075070 0.674916 -0.251986
v -0.071621 0.676905 -0.251986
v -0.075070 0.674916 -0.253588
v -0.071621 0.676905 -0.253588
v -0.069630 0.680349 -0.253588
v -0.047046 0.665749 -0.253588
v 0.033453 0.665749 -0.253588
v -0.047046 0.695756 -0.253588
v -0.047046 0.695756 -0.227218
v 0.033453 0.695756 -0.253588
v -0.047046 0.697783 -0.253046
v -0.077060 0.695756 -0.253588
v -0.069630 0.684327 -0.253588
v -0.071621 0.687772 -0.253588
v -0.069630 0.684327 -0.251986
v -0.069630 0.680349 -0.251986
v -0.071621 0.687772 -0.251986
v -0.075070 0.689761 -0.251986
v -0.079051 0.689761 -0.251986
v -0.075070 0.689761 -0.253588
v -0.079051 0.689761 -0.253588
v -0.082500 0.687772 -0.253588
v -0.084491 0.684327 -0.253588
v -0.082500 0.687772 -0.251986
v -0.084491 0.684327 -0.251986
v -0.077060 0.697783 -0.253046
v -0.127545 0.697783 -0.253046
v -0.077060 0.699501 -0.251501
v -0.127545 0.699501 -0.251501
v -0.047046 0.699501 -0.251501
v -0.077060 0.700649 -0.249190
v -0.127545 0.700649 -0.249190
v -0.047046 0.700649 -0.249190
v -0.077060 0.701052 -0.246463
v -0.047046 0.701052 -0.246463
v -0.127545 0.701052 -0.246463
v -0.077060 0.701052 -0.227218
v -0.127545 0.701052 -0.227218
v -0.047046 0.701052 -0.227218
v -0.077060 0.701052 0.207426
v -0.127545 0.701052 0.207426
v -0.047046 0.701052 0.207426
v -0.077060 0.701052 0.226672
v -0.047046 0.701052 0.226672
v -0.127545 0.701052 0.226672
v -0.077060 0.700649 0.229399
v -0.127545 0.700649 0.229399
v -0.047046 0.700649 0.229399
v -0.077060 0.699501 0.231710
v -0.127545 0.699501 0.231710
v -0.047046 0.699501 0.231710
v -0.077060 0.697783 0.233255
v -0.127545 0.697783 0.233255
v -0.047046 0.697783 0.233255
v -0.077060 0.695756 0.233797
v -0.127545 0.695756 0.233797
v -0.047046 0.695756 0.233797
v -0.079051 0.689761 0.233797
v -0.075070 0.689761 0.233797
v -0.071621 0.687772 0.233797
v -0.082500 0.687772 0.233797
v -0.084491 0.684327 0.233797
v -0.082500 0.687772 0.232195
v -0.084491 0.684327 0.232195
v -0.079051 0.689761 0.232195
v -0.075070 0.689761 0.232195
v -0.071621 0.687772 0.232195
v -0.069630 0.684327 0.232195
v -0.069630 0.680349 0.232195
v -0.069630 0.684327 0.233797
v -0.069630 0.680349 0.233797
v -0.071621 0.676905 0.233797
v -0.047046 0.665749 0.233797
v 0.033453 0.665749 0.233797
v -0.077060 0.665749 0.233797
v -0.127545 0.665749 0.233797
v -0.079051 0.674916 0.233797
v -0.075070 0.674916 0.233797
v -0.075070 0.674916 0.232195
v -0.079051 0.674916 0.232195
v -0.071621 0.676905 0.232195
v -0.082500 0.676905 0.232195
v -0.084491 0.680349 0.232195
v -0.082500 0.676905 0.233797
v -0.084491 0.680349 0.233797
v -0.127545 0.665749 0.207426
v -0.127545 0.695756 0.207426
v -0.127545 0.695756 -0.227218
v 0.063458 0.665749 0.233797
v 0.033453 0.695756 0.233797
v 0.056028 0.680349 0.233797
v 0.058019 0.676905 0.233797
v 0.061467 0.674916 0.233797
v 0.058019 0.676905 0.232195
v 0.056028 0.680349 0.232195
v 0.061467 0.674916 0.232195
v 0.065449 0.674916 0.232195
v 0.068898 0.676905 0.232195
v 0.065449 0.674916 0.233797
v 0.068898 0.676905 0.233797
v 0.070889 0.680349 0.233797
v 0.113952 0.665749 0.233797
v 0.113952 0.695756 0.233797
v 0.113952 0.665749 0.207426
v 0.113952 0.665749 -0.227218
v 0.113952 0.695756 0.207426
v 0.113952 0.701052 0.207426
v 0.113952 0.695756 -0.227218
v 0.113952 0.701052 0.226672
v 0.113952 0.700649 0.229399
v 0.113952 0.699501 0.231710
v 0.113952 0.697783 0.233255
v 0.063458 0.697783 0.233255
v 0.033453 0.697783 0.233255
v 0.063458 0.695756 0.233797
v 0.063458 0.699501 0.231710
v 0.033453 0.699501 0.231710
v 0.063458 0.700649 0.229399
v 0.033453 0.700649 0.229399
v 0.063458 0.701052 0.226672
v 0.033453 0.701052 0.226672
v 0.063458 0.701052 0.207426
v 0.033453 0.701052 0.207426
v 0.063458 0.701052 -0.227218
v 0.033453 0.701052 -0.227218
v 0.113952 0.701052 -0.227218
v 0.063458 0.701052 -0.246463
v 0.113952 0.701052 -0.246463
v 0.033453 0.701052 -0.246463
v 0.063458 0.700649 -0.249190
v 0.033453 0.700649 -0.249190
v 0.113952 0.700649 -0.249190
v 0.063458 0.699501 -0.251501
v 0.033453 0.699501 -0.251501
v 0.113952 0.699501 -0.251501
v 0.063458 0.697783 -0.253046
v 0.033453 0.697783 -0.253046
v 0.113952 0.697783 -0.253046
v 0.063458 0.695756 -0.253588
v 0.113952 0.695756 -0.253588
v 0.061467 0.689761 -0.253588
v 0.058019 0.687772 -0.253588
v 0.065449 0.689761 -0.253588
v 0.068898 0.687772 -0.253588
v 0.070889 0.684327 -0.253588
v 0.068898 0.687772 -0.251986
v 0.065449 0.689761 -0.251986
v 0.070889 0.684327 -0.251986
v 0.070889 0.680349 -0.251986
v 0.068898 0.676905 -0.251986
v 0.070889 0.680349 -0.253588
v 0.068898 0.676905 -0.253588
v 0.113952 0.665749 -0.253588
v 0.063458 0.665749 -0.253588
v 0.065449 0.674916 -0.253588
v 0.061467 0.674916 -0.253588
v 0.058019 0.676905 -0.253588
v 0.061467 0.674916 -0.251986
v 0.065449 0.674916 -0.251986
v 0.058019 0.676905 -0.251986
v 0.056028 0.680349 -0.251986
v 0.056028 0.684327 -0.251986
v 0.056028 0.680349 -0.253588
v 0.056028 0.684327 -0.253588
v 0.058019 0.687772 -0.251986
v 0.061467 0.689761 -0.251986
v 0.033453 0.695756 -0.227218
v 0.033453 0.695756 0.207426
v -0.047046 0.695756 0.207426
v 0.061467 0.689761 0.233797
v 0.058019 0.687772 0.233797
v 0.065449 0.689761 0.233797
v 0.068898 0.687772 0.233797
v 0.070889 0.684327 0.233797
v 0.068898 0.687772 0.232195
v 0.065449 0.689761 0.232195
v 0.070889 0.684327 0.232195
v 0.070889 0.680349 0.232195
v 0.061467 0.689761 0.232195
v 0.058019 0.687772 0.232195
v 0.056028 0.684327 0.232195
v 0.056028 0.684327 0.233797
v 0.168501 1.001735 0.458080
v 0.168501 1.024430 0.458080
v 0.262571 1.002870 -0.301266
v 0.262571 1.023295 -0.301266
v 0.713012 1.002870 0.448809
v 0.713012 1.023295 0.448809
v 0.713012 1.002870 -0.301266
v 0.713012 1.023295 -0.301266
v 0.173820 1.001100 0.366263
v 0.173820 1.025065 0.366263
v 0.738037 1.001735 0.366612
v 0.738037 1.024430 0.366612
v -0.248499 1.002870 0.393181
v -0.248499 1.002870 0.448809
v -0.248499 1.023295 0.448809
v -0.248499 1.023295 0.393181
v 0.170467 1.000088 0.394348
v 0.169071 0.999918 0.419156
v 0.168572 1.000444 0.441046
v 0.168501 1.018069 0.475645
v 0.168501 1.021039 0.472096
v 0.168501 1.023476 0.464201
v 0.237614 1.024426 -0.221404
v 0.239355 1.024348 -0.255724
v 0.245803 1.024055 -0.280898
v 0.257231 1.023537 -0.297012
v 0.237614 1.011387 -0.309784
v 0.239355 1.008158 -0.309189
v 0.245803 1.005411 -0.306989
v 0.257231 1.003429 -0.303089
v 0.737970 1.011387 -0.309784
v 0.736228 1.008158 -0.309189
v 0.729780 1.005411 -0.306989
v 0.718352 1.003429 -0.303089
v 0.737970 1.001738 -0.221404
v 0.736228 1.001817 -0.255724
v 0.729780 1.002110 -0.280898
v 0.718352 1.002628 -0.297012
v 0.737501 1.024405 0.393266
v 0.733750 1.024235 0.417631
v 0.724499 1.023816 0.437076
v 0.737970 1.011387 0.458055
v 0.736228 1.008158 0.457410
v 0.729780 1.005411 0.455021
v 0.718352 1.003429 0.450787
v 0.236719 1.001727 0.277750
v 0.230924 1.001667 0.310318
v 0.214520 1.001500 0.338322
v 0.168572 1.025720 0.441046
v 0.169071 1.026247 0.419156
v 0.170467 1.026077 0.394348
v 0.724499 1.002349 0.437076
v 0.733750 1.001930 0.417631
v 0.737501 1.001759 0.393266
v 0.738037 1.024430 0.277803
v 0.738037 1.024430 0.310741
v 0.738037 1.024430 0.339584
v 0.787988 1.011385 0.366612
v 0.785446 1.008096 0.366612
v 0.775867 1.005126 0.366612
v 0.754557 1.002688 0.366612
v 0.118542 1.011384 0.348099
v 0.120892 1.008067 0.348868
v 0.129818 1.004993 0.351793
v 0.151632 1.002313 0.358957
v -0.249555 1.002373 0.404493
v -0.250086 1.002124 0.420995
v -0.249555 1.002373 0.437497
v -0.250738 1.018007 0.457410
v -0.250116 1.020753 0.455021
v -0.249014 1.022736 0.450787
v -0.249555 1.023791 0.437497
v -0.250086 1.024041 0.420995
v -0.249555 1.023791 0.404493
v -0.250906 1.011387 0.383935
v -0.250738 1.008158 0.384580
v -0.250116 1.005411 0.386969
v -0.249014 1.003429 0.391203
v -0.232315 1.024235 0.385498
v -0.239707 1.024055 0.386969
v -0.244436 1.023816 0.388926
v -0.247184 1.023537 0.391203
v 0.123112 1.024430 0.458080
v -0.232315 1.001930 0.456492
v -0.239707 1.002110 0.455021
v -0.244436 1.002349 0.453064
v -0.247184 1.002628 0.450787
v 0.122455 1.001350 0.373345
v 0.122455 1.024815 0.373345
v -0.247184 1.023537 0.450787
v -0.244436 1.023816 0.453064
v -0.239707 1.024055 0.455021
v -0.232315 1.024235 0.456492
v 0.123112 1.001735 0.458080
v -0.247184 1.002628 0.391203
v -0.244436 1.002349 0.388926
v -0.239707 1.002110 0.386969
v -0.232315 1.001930 0.385498
v 0.214520 1.024664 0.338322
v 0.230924 1.024498 0.310318
v 0.236719 1.024438 0.277750
v 0.738037 1.001735 0.339584
v 0.738037 1.001735 0.310741
v 0.738037 1.001735 0.277803
v 0.168501 1.002688 0.464201
v 0.168501 1.005126 0.472096
v 0.168501 1.008096 0.475645
v 0.168501 1.011385 0.476586
v 0.257231 1.022736 -0.303089
v 0.245803 1.020753 -0.306989
v 0.239355 1.018007 -0.309189
v 0.718352 1.022736 -0.303089
v 0.729780 1.020753 -0.306989
v 0.736228 1.018007 -0.309189
v 0.718352 1.022736 0.450787
v 0.729780 1.020753 0.455021
v 0.736228 1.018007 0.457410
v 0.754557 1.023476 0.366612
v 0.775867 1.021039 0.366612
v 0.785446 1.018069 0.366612
v 0.151632 1.023852 0.358957
v 0.129818 1.021172 0.351793
v 0.120892 1.018098 0.348868
v -0.249014 1.003429 0.450787
v -0.250116 1.005411 0.455021
v -0.250738 1.008158 0.457410
v -0.250906 1.011387 0.458055
v -0.249014 1.022736 0.391203
v -0.250116 1.020753 0.386969
v -0.250738 1.018007 0.384580
v 0.257231 1.002628 -0.297012
v 0.245803 1.002110 -0.280898
v 0.239355 1.001817 -0.255724
v 0.237614 1.001738 -0.221404
v 0.718352 1.023537 -0.297012
v 0.729780 1.024055 -0.280898
v 0.736228 1.024348 -0.255724
v 0.737970 1.024426 -0.221404
v 0.190233 1.018069 -0.221419
v 0.199807 1.021038 -0.221413
v 0.221104 1.023474 -0.221405
v 0.192735 1.018062 -0.256142
v 0.202164 1.021009 -0.255971
v 0.223121 1.023411 -0.255763
v 0.202164 1.018040 -0.282823
v 0.211042 1.020906 -0.282045
v 0.230654 1.023180 -0.281081
v 0.223121 1.018012 -0.302096
v 0.230654 1.020778 -0.300357
v 0.245831 1.022826 -0.297693
v 0.784676 1.018067 0.393401
v 0.775141 1.021030 0.393345
v 0.753936 1.023457 0.393278
v 0.779288 1.018053 0.418706
v 0.770065 1.020968 0.418265
v 0.749591 1.023322 0.417730
v 0.764668 1.018024 0.440621
v 0.756334 1.020836 0.439273
v 0.738362 1.023004 0.437455
v 0.785446 1.018069 0.277803
v 0.775867 1.021039 0.277803
v 0.754557 1.023476 0.277803
v 0.785446 1.018069 0.310741
v 0.775867 1.021039 0.310741
v 0.754557 1.023476 0.310741
v 0.785446 1.018069 0.339584
v 0.775867 1.021039 0.339584
v 0.754557 1.023476 0.339584
v -0.232393 1.025460 0.440401
v -0.232471 1.025869 0.420995
v -0.232393 1.025460 0.401589
v -0.239863 1.025226 0.439614
v -0.240015 1.025619 0.420995
v -0.239863 1.025226 0.402377
v -0.244729 1.024885 0.438691
v -0.244984 1.025246 0.420995
v -0.244729 1.024885 0.403299
v -0.247713 1.024416 0.437863
v -0.248101 1.024728 0.420995
v -0.247713 1.024416 0.404127
v -0.253407 1.018022 0.440907
v -0.252607 1.020827 0.439614
v -0.250884 1.022984 0.437863
v -0.254297 1.018038 0.420995
v -0.253442 1.020898 0.420995
v -0.251548 1.023167 0.420995
v -0.253407 1.018022 0.401083
v -0.252607 1.020827 0.402377
v -0.250884 1.022984 0.404127
v -0.232393 1.000705 0.401589
v -0.232471 1.000296 0.420995
v -0.232393 1.000705 0.440401
v -0.239863 1.000938 0.402376
v -0.240015 1.000546 0.420995
v -0.239863 1.000938 0.439614
v -0.244729 1.001280 0.403299
v -0.244984 1.000918 0.420995
v -0.244729 1.001280 0.438691
v -0.247713 1.001749 0.404127
v -0.248101 1.001436 0.420995
v -0.247713 1.001749 0.437863
v -0.232595 1.018053 0.473363
v -0.232480 1.020968 0.469946
v -0.232341 1.023322 0.462361
v -0.240251 1.018040 0.471189
v -0.240031 1.020906 0.467900
v -0.239758 1.023180 0.460634
v -0.245359 1.018024 0.467947
v -0.245008 1.020836 0.464859
v -0.244535 1.023004 0.458201
v -0.248621 1.018012 0.463425
v -0.248130 1.020778 0.460634
v -0.247376 1.022826 0.455011
v -0.232627 1.011385 0.367720
v -0.232595 1.008111 0.368627
v -0.232480 1.005196 0.372044
v -0.232341 1.002843 0.379629
v -0.240312 1.011386 0.369928
v -0.240251 1.008125 0.370801
v -0.240031 1.005259 0.374090
v -0.239758 1.002985 0.381357
v -0.245456 1.011386 0.373222
v -0.245359 1.008140 0.374044
v -0.245008 1.005329 0.377131
v -0.244535 1.003161 0.383790
v -0.248755 1.011387 0.377818
v -0.248621 1.008153 0.378566
v -0.248130 1.005387 0.381357
v -0.247376 1.003339 0.386979
v 0.089658 1.011384 0.353812
v 0.091605 1.008069 0.354674
v 0.098926 1.005005 0.357950
v 0.114396 1.002378 0.366010
v 0.123112 1.018069 0.475645
v 0.123112 1.021039 0.472096
v 0.123112 1.023476 0.464201
v 0.124656 1.000206 0.395657
v 0.123635 0.999951 0.419486
v 0.123178 1.000448 0.441087
v 0.123178 1.025716 0.441087
v 0.123635 1.026214 0.419485
v 0.124656 1.025959 0.395657
v 0.161126 1.018090 0.332239
v 0.171185 1.021132 0.333943
v 0.194866 1.023683 0.336949
v 0.181566 1.018076 0.308583
v 0.191378 1.021071 0.309142
v 0.213526 1.023539 0.309971
v 0.189066 1.018070 0.277533
v 0.198674 1.021043 0.277603
v 0.220089 1.023484 0.277706
v 0.194866 1.002482 0.336949
v 0.171185 1.005032 0.333943
v 0.161126 1.008075 0.332239
v 0.158471 1.011384 0.331779
v 0.213526 1.002626 0.309971
v 0.191378 1.005094 0.309142
v 0.181566 1.008089 0.308583
v 0.178967 1.011384 0.308430
v 0.220089 1.002680 0.277706
v 0.198674 1.005122 0.277603
v 0.189066 1.008095 0.277533
v 0.186517 1.011385 0.277514
v 0.123112 1.002688 0.464201
v 0.123112 1.005126 0.472096
v 0.123112 1.008096 0.475645
v 0.123112 1.011385 0.476586
v 0.114396 1.023787 0.366010
v 0.098926 1.021160 0.357950
v 0.091605 1.018095 0.354674
v -0.232341 1.023322 0.379629
v -0.232480 1.020968 0.372044
v -0.232595 1.018053 0.368627
v -0.239758 1.023180 0.381357
v -0.240031 1.020906 0.374090
v -0.240251 1.018040 0.370801
v -0.244535 1.023004 0.383790
v -0.245008 1.020836 0.377131
v -0.245359 1.018024 0.374044
v -0.247377 1.022826 0.386979
v -0.248130 1.020778 0.381357
v -0.248621 1.018012 0.378566
v -0.232341 1.002843 0.462361
v -0.232480 1.005196 0.469946
v -0.232595 1.008111 0.473363
v -0.232627 1.011385 0.474270
v -0.239758 1.002985 0.460634
v -0.240031 1.005259 0.467900
v -0.240251 1.008125 0.471189
v -0.240311 1.011386 0.472062
v -0.244535 1.003161 0.458201
v -0.245008 1.005329 0.464859
v -0.245359 1.008140 0.467947
v -0.245456 1.011386 0.468768
v -0.247377 1.003339 0.455011
v -0.248130 1.005387 0.460634
v -0.248621 1.008153 0.463425
v -0.248755 1.011387 0.464172
v -0.250884 1.003180 0.437863
v -0.252607 1.005338 0.439614
v -0.253407 1.008142 0.440907
v -0.253620 1.011386 0.441262
v -0.251548 1.002998 0.420995
v -0.253442 1.005267 0.420995
v -0.254297 1.008127 0.420995
v -0.254524 1.011386 0.420995
v -0.250884 1.003180 0.404127
v -0.252607 1.005338 0.402376
v -0.253407 1.008142 0.401083
v -0.253620 1.011386 0.400728
v 0.754557 1.002688 0.277803
v 0.775867 1.005126 0.277803
v 0.785446 1.008096 0.277803
v 0.787988 1.011385 0.277803
v 0.754557 1.002688 0.310741
v 0.775867 1.005126 0.310741
v 0.785446 1.008096 0.310741
v 0.787988 1.011385 0.310741
v 0.754557 1.002688 0.339584
v 0.775867 1.005126 0.339584
v 0.785446 1.008096 0.339584
v 0.787988 1.011385 0.339584
v 0.753936 1.002707 0.393278
v 0.775141 1.005135 0.393345
v 0.784676 1.008098 0.393401
v 0.787206 1.011385 0.393416
v 0.749591 1.002843 0.417730
v 0.770065 1.005196 0.418265
v 0.779288 1.008111 0.418706
v 0.781735 1.011385 0.418828
v 0.738362 1.003161 0.437455
v 0.756334 1.005329 0.439272
v 0.764668 1.008140 0.440621
v 0.766886 1.011386 0.440991
v 0.221104 1.002691 -0.221405
v 0.199807 1.005127 -0.221413
v 0.190233 1.008096 -0.221419
v 0.187693 1.011385 -0.221421
v 0.223121 1.002753 -0.255763
v 0.202164 1.005156 -0.255971
v 0.192735 1.008102 -0.256142
v 0.190233 1.011385 -0.256190
v 0.230654 1.002985 -0.281081
v 0.211042 1.005259 -0.282045
v 0.202164 1.008125 -0.282823
v 0.199807 1.011386 -0.283037
v 0.245831 1.003339 -0.297693
v 0.230654 1.005387 -0.300357
v 0.223121 1.008153 -0.302096
v 0.221104 1.011387 -0.302570
v 0.729753 1.003339 -0.297693
v 0.744929 1.005387 -0.300357
v 0.752462 1.008153 -0.302096
v 0.754479 1.011387 -0.302570
v 0.744929 1.002985 -0.281081
v 0.764541 1.005259 -0.282045
v 0.773419 1.008125 -0.282823
v 0.775776 1.011386 -0.283037
v 0.752462 1.002753 -0.255763
v 0.773419 1.005156 -0.255971
v 0.782848 1.008102 -0.256142
v 0.785350 1.011385 -0.256190
v 0.754479 1.002691 -0.221405
v 0.775776 1.005127 -0.221413
v 0.785350 1.008096 -0.221419
v 0.787890 1.011385 -0.221421
v 0.752462 1.018012 -0.302096
v 0.744929 1.020778 -0.300357
v 0.729753 1.022826 -0.297693
v 0.773419 1.018040 -0.282823
v 0.764541 1.020906 -0.282045
v 0.744929 1.023180 -0.281081
v 0.782848 1.018062 -0.256142
v 0.773419 1.021009 -0.255971
v 0.752462 1.023411 -0.255763
v 0.785350 1.018069 -0.221419
v 0.775776 1.021038 -0.221413
v 0.754479 1.023474 -0.221405
v -0.382203 1.165514 -0.003244
v -0.380392 1.190554 -0.001983
v -0.372981 1.191964 -0.001914
v -0.375071 1.163051 -0.003371
v -0.365849 1.189500 -0.002040
v -0.361954 1.169367 -0.003057
v -0.386098 1.185648 -0.002228
v -0.367660 1.164461 -0.003302
vn -0.0000 1.0000 -0.0000
vn 0.0393 0.9984 -0.0397
vn 0.0217 0.9972 -0.0716
vn -0.0000 0.9980 -0.0624
vn -0.0217 0.9972 -0.0716
vn -0.0393 0.9984 -0.0397
vn -0.0710 0.9972 -0.0219
vn -0.0618 0.9981 -0.0000
vn -0.0710 0.9972 0.0219
vn -0.0393 0.9984 0.0397
vn -0.0000 0.9980 0.0624
vn 0.0217 0.9972 0.0716
vn 0.0393 0.9984 0.0397
vn -0.0217 0.9972 0.0716
vn 0.0710 0.9972 0.0219
vn 0.0618 0.9981 -0.0000
vn 0.0710 0.9972 -0.0219
vn -0.0580 0.9966 0.0585
vn -0.0376 0.9959 0.0829
vn -0.0821 0.9959 0.0380
vn -0.0997 0.9949 0.0130
vn -0.1039 0.9943 0.0242
vn -0.0975 0.9952 -0.0000
vn -0.1084 0.9935 0.0343
vn -0.0898 0.9947 0.0496
vn -0.0687 0.9952 0.0694
vn -0.1140 0.9925 0.0430
vn -0.0970 0.9935 0.0589
vn -0.0774 0.9939 0.0782
vn -0.0583 0.9935 0.0980
vn -0.0491 0.9947 0.0907
vn -0.0340 0.9934 0.1094
vn -0.0239 0.9942 0.1049
vn -0.0426 0.9924 0.1151
vn -0.0229 0.9919 0.1253
vn -0.0151 0.9922 0.1235
vn -0.0305 0.9912 0.1290
vn -0.0162 0.9903 0.1382
vn -0.0101 0.9904 0.1380
vn -0.0222 0.9901 0.1386
vn -0.0080 0.9892 0.1466
vn -0.0140 0.9892 0.1456
vn -0.0225 0.9896 0.1419
vn -0.0337 0.9905 0.1335
vn -0.0199 0.9915 0.1283
vn -0.0300 0.9921 0.1219
vn -0.0126 0.9911 0.1326
vn -0.0475 0.9915 0.1207
vn -0.0436 0.9928 0.1120
vn -0.0644 0.9925 0.1042
vn -0.0603 0.9934 0.0980
vn -0.0839 0.9929 0.0847
vn -0.0792 0.9936 0.0800
vn -0.1032 0.9925 0.0650
vn -0.0970 0.9934 0.0609
vn -0.1195 0.9917 0.0480
vn -0.1109 0.9929 0.0440
vn -0.1322 0.9906 0.0341
vn -0.1207 0.9922 0.0303
vn -0.1277 0.9913 0.0308
vn -0.1405 0.9898 0.0228
vn -0.1270 0.9917 0.0201
vn -0.1373 0.9903 0.0224
vn -0.1442 0.9894 0.0141
vn -0.1313 0.9913 0.0127
vn -0.1369 0.9904 0.0163
vn -0.1240 0.9920 0.0232
vn -0.1223 0.9924 0.0153
vn -0.1367 0.9906 0.0102
vn -0.1452 0.9894 0.0081
vn -0.1207 0.9927 0.0077
vn -0.1364 0.9906 0.0048
vn -0.1200 0.9928 -0.0000
vn -0.1362 0.9907 -0.0000
vn -0.0997 0.9949 -0.0130
vn -0.1207 0.9927 -0.0077
vn -0.1364 0.9906 -0.0048
vn -0.1039 0.9943 -0.0242
vn -0.1223 0.9924 -0.0153
vn -0.1367 0.9906 -0.0102
vn -0.1457 0.9893 -0.0035
vn -0.1452 0.9894 -0.0081
vn -0.1458 0.9893 -0.0000
vn -0.1369 0.9904 -0.0163
vn -0.1442 0.9894 -0.0141
vn -0.1240 0.9920 -0.0232
vn -0.1373 0.9903 -0.0224
vn -0.1405 0.9898 -0.0228
vn -0.1277 0.9913 -0.0308
vn -0.1322 0.9906 -0.0341
vn -0.1270 0.9917 -0.0201
vn -0.1207 0.9922 -0.0303
vn -0.1313 0.9913 -0.0127
vn -0.1195 0.9917 -0.0480
vn -0.1109 0.9929 -0.0440
vn -0.1140 0.9925 -0.0430
vn -0.1032 0.9925 -0.0650
vn -0.0970 0.9934 -0.0609
vn -0.0970 0.9935 -0.0589
vn -0.0898 0.9947 -0.0496
vn -0.1084 0.9935 -0.0343
vn -0.0821 0.9959 -0.0380
vn -0.0580 0.9966 -0.0585
vn -0.0687 0.9952 -0.0694
vn -0.0376 0.9959 -0.0829
vn -0.0491 0.9947 -0.0907
vn -0.0128 0.9948 -0.1007
vn -0.0239 0.9942 -0.1049
vn -0.0340 0.9934 -0.1094
vn -0.0426 0.9924 -0.1151
vn -0.0583 0.9935 -0.0980
vn -0.0774 0.9939 -0.0782
vn -0.0644 0.9925 -0.1042
vn -0.0475 0.9916 -0.1207
vn -0.0839 0.9929 -0.0847
vn -0.0792 0.9936 -0.0800
vn -0.0603 0.9934 -0.0980
vn -0.0314 0.9990 -0.0317
vn -0.0385 0.9990 -0.0230
vn -0.0228 0.9990 -0.0388
vn -0.0436 0.9928 -0.1120
vn -0.0152 0.9990 -0.0427
vn 0.1220 0.9429 0.3099
vn 0.1689 0.9474 0.2719
vn 0.2213 0.9492 0.2237
vn 0.3234 0.5025 0.8018
vn 0.4586 0.5112 0.7269
vn 0.6034 0.5147 0.6091
vn 0.2694 0.9477 0.1710
vn 0.7225 0.5122 0.4645
vn 0.3075 0.9435 0.1237
vn -0.0422 0.9990 -0.0153
vn 0.7988 0.5042 0.3283
vn 0.8313 -0.1508 0.5349
vn 0.9162 -0.1359 0.3770
vn 0.6952 -0.1566 0.7016
vn 0.6160 -0.6816 0.3949
vn 0.6927 -0.6631 0.2838
vn 0.5103 -0.6885 0.5153
vn 0.5280 -0.1504 0.8358
vn 0.3900 -0.6805 0.6203
vn 0.3710 -0.1352 0.9187
vn 0.2797 -0.6612 0.6961
vn 0.1476 -0.9189 0.3657
vn 0.2004 -0.9267 0.3178
vn 0.2586 -0.9300 0.2612
vn 0.0922 -0.9707 0.2219
vn 0.1234 -0.9735 0.1925
vn 0.1573 -0.9747 0.1589
vn 0.3149 -0.9273 0.2026
vn 0.1906 -0.9737 0.1247
vn 0.3626 -0.9199 0.1493
vn 0.2198 -0.9711 0.0932
vn 0.1371 -0.9863 0.0916
vn 0.1583 -0.9849 0.0698
vn 0.1138 -0.9868 0.1150
vn 0.1073 -0.9916 0.0722
vn 0.1251 -0.9906 0.0561
vn 0.0890 -0.9920 0.0899
vn 0.0907 -0.9862 0.1384
vn 0.0715 -0.9915 0.1084
vn 0.0691 -0.9847 0.1598
vn 0.0555 -0.9904 0.1263
vn 0.0438 -0.9932 0.1082
vn 0.0577 -0.9941 0.0915
vn 0.0737 -0.9945 0.0744
vn 0.0457 -0.9957 0.0805
vn 0.0323 -0.9946 0.0984
vn 0.0619 -0.9961 0.0625
vn 0.0906 -0.9942 0.0583
vn 0.0798 -0.9957 0.0461
vn 0.1071 -0.9933 0.0443
vn 0.0975 -0.9947 0.0327
vn 0.0707 -0.9969 0.0335
vn 0.0912 -0.9956 0.0214
vn 0.0502 -0.9975 0.0507
vn 0.1114 -0.9937 0.0127
vn 0.1149 -0.9931 0.0217
vn 0.1226 -0.9919 0.0322
vn 0.1315 -0.9913 0.0072
vn 0.1334 -0.9910 0.0141
vn 0.1356 -0.9905 0.0223
vn 0.1417 -0.9891 0.0409
vn 0.1542 -0.9877 0.0253
vn 0.1576 -0.9874 0.0121
vn 0.1891 -0.9815 0.0301
vn 0.1947 -0.9808 0.0147
vn 0.1763 -0.9831 0.0493
vn 0.1561 -0.9877 0.0047
vn 0.1951 -0.9808 0.0051
vn 0.1545 -0.9880 0.0010
vn 0.1938 -0.9810 0.0008
vn 0.1299 -0.9915 0.0026
vn 0.1090 -0.9940 0.0056
vn 0.1080 -0.9942 -0.0000
vn 0.1293 -0.9916 -0.0000
vn 0.1538 -0.9881 -0.0000
vn 0.1090 -0.9940 -0.0056
vn 0.1299 -0.9915 -0.0026
vn 0.1545 -0.9880 -0.0010
vn 0.1315 -0.9913 -0.0072
vn 0.1561 -0.9877 -0.0047
vn 0.1114 -0.9937 -0.0127
vn 0.0866 -0.9962 -0.0107
vn 0.0912 -0.9956 -0.0214
vn 0.0844 -0.9964 -0.0000
vn 0.0975 -0.9947 -0.0327
vn 0.1149 -0.9931 -0.0217
vn 0.1334 -0.9910 -0.0141
vn 0.1071 -0.9933 -0.0443
vn 0.1226 -0.9919 -0.0322
vn 0.1356 -0.9905 -0.0223
vn 0.1576 -0.9874 -0.0121
vn 0.1542 -0.9877 -0.0253
vn 0.1417 -0.9891 -0.0409
vn 0.1891 -0.9815 -0.0301
vn 0.1763 -0.9831 -0.0493
vn 0.1947 -0.9808 -0.0147
vn 0.1251 -0.9906 -0.0561
vn 0.1583 -0.9849 -0.0698
vn 0.1073 -0.9916 -0.0722
vn 0.1371 -0.9863 -0.0916
vn 0.0906 -0.9942 -0.0583
vn 0.0798 -0.9957 -0.0461
vn 0.0619 -0.9961 -0.0625
vn 0.0737 -0.9945 -0.0744
vn 0.0890 -0.9920 -0.0899
vn 0.0577 -0.9941 -0.0915
vn 0.0715 -0.9915 -0.1084
vn 0.0457 -0.9957 -0.0805
vn 0.0438 -0.9932 -0.1082
vn 0.0555 -0.9904 -0.1263
vn 0.0323 -0.9946 -0.0984
vn 0.0332 -0.9969 -0.0714
vn 0.0212 -0.9955 -0.0921
vn 0.0502 -0.9975 -0.0507
vn 0.0125 -0.9936 -0.1125
vn 0.0215 -0.9930 -0.1161
vn 0.0318 -0.9918 -0.1238
vn 0.0071 -0.9911 -0.1327
vn 0.0140 -0.9908 -0.1347
vn 0.0221 -0.9903 -0.1369
vn 0.0405 -0.9889 -0.1430
vn 0.0251 -0.9875 -0.1556
vn 0.0120 -0.9872 -0.1591
vn 0.0298 -0.9812 -0.1908
vn 0.0145 -0.9804 -0.1965
vn 0.0488 -0.9828 -0.1780
vn 0.0047 -0.9875 -0.1576
vn 0.0051 -0.9804 -0.1969
vn 0.0010 -0.9878 -0.1560
vn 0.0008 -0.9807 -0.1956
vn 0.0026 -0.9914 -0.1312
vn 0.0055 -0.9939 -0.1100
vn -0.0000 -0.9940 -0.1090
vn -0.0000 -0.9914 -0.1306
vn -0.0000 -0.9879 -0.1553
vn -0.0055 -0.9939 -0.1100
vn -0.0026 -0.9914 -0.1312
vn -0.0010 -0.9878 -0.1560
vn -0.0071 -0.9911 -0.1328
vn -0.0047 -0.9875 -0.1576
vn -0.0125 -0.9936 -0.1125
vn -0.0106 -0.9961 -0.0874
vn -0.0212 -0.9955 -0.0921
vn -0.0000 -0.9964 -0.0853
vn -0.0323 -0.9946 -0.0984
vn -0.0215 -0.9930 -0.1161
vn -0.0140 -0.9908 -0.1347
vn -0.0438 -0.9932 -0.1082
vn -0.0318 -0.9918 -0.1238
vn -0.0221 -0.9903 -0.1369
vn -0.0120 -0.9872 -0.1591
vn -0.0251 -0.9875 -0.1556
vn -0.0405 -0.9889 -0.1430
vn -0.0298 -0.9812 -0.1908
vn -0.0488 -0.9828 -0.1780
vn -0.0145 -0.9804 -0.1965
vn -0.0555 -0.9904 -0.1263
vn -0.0691 -0.9847 -0.1598
vn -0.0715 -0.9915 -0.1084
vn -0.0907 -0.9862 -0.1384
vn -0.0577 -0.9941 -0.0915
vn -0.0457 -0.9957 -0.0805
vn -0.0619 -0.9961 -0.0625
vn -0.0737 -0.9945 -0.0744
vn -0.0890 -0.9920 -0.0899
vn -0.0798 -0.9957 -0.0461
vn -0.0906 -0.9942 -0.0583
vn -0.1073 -0.9916 -0.0722
vn -0.1071 -0.9933 -0.0443
vn -0.1251 -0.9906 -0.0561
vn -0.0975 -0.9947 -0.0327
vn -0.0707 -0.9969 -0.0335
vn -0.0912 -0.9956 -0.0214
vn -0.0502 -0.9975 -0.0507
vn -0.1114 -0.9937 -0.0127
vn -0.1149 -0.9931 -0.0217
vn -0.1226 -0.9919 -0.0322
vn -0.1315 -0.9913 -0.0072
vn -0.1334 -0.9910 -0.0141
vn -0.1356 -0.9905 -0.0223
vn -0.1417 -0.9891 -0.0409
vn -0.1542 -0.9877 -0.0253
vn -0.1576 -0.9874 -0.0121
vn -0.1891 -0.9815 -0.0301
vn -0.1947 -0.9808 -0.0147
vn -0.1763 -0.9831 -0.0493
vn -0.1561 -0.9877 -0.0047
vn -0.1951 -0.9808 -0.0051
vn -0.1545 -0.9880 -0.0010
vn -0.1938 -0.9810 -0.0008
vn -0.1299 -0.9915 -0.0026
vn -0.1090 -0.9940 -0.0056
vn -0.1080 -0.9942 -0.0000
vn -0.1293 -0.9916 -0.0000
vn -0.1538 -0.9881 -0.0000
vn -0.1090 -0.9940 0.0056
vn -0.1299 -0.9915 0.0026
vn -0.1545 -0.9880 0.0010
vn -0.1315 -0.9913 0.0072
vn -0.1561 -0.9877 0.0047
vn -0.1114 -0.9937 0.0127
vn -0.0866 -0.9962 0.0107
vn -0.0912 -0.9956 0.0214
vn -0.0844 -0.9964 -0.0000
vn -0.0975 -0.9947 0.0327
vn -0.1149 -0.9931 0.0217
vn -0.1334 -0.9910 0.0141
vn -0.1071 -0.9933 0.0443
vn -0.1226 -0.9919 0.0322
vn -0.1356 -0.9905 0.0223
vn -0.1576 -0.9874 0.0121
vn -0.1542 -0.9877 0.0253
vn -0.1417 -0.9891 0.0409
vn -0.1891 -0.9815 0.0301
vn -0.1763 -0.9831 0.0493
vn -0.1947 -0.9808 0.0147
vn -0.1251 -0.9906 0.0561
vn -0.1583 -0.9849 0.0698
vn -0.1073 -0.9916 0.0722
vn -0.1371 -0.9863 0.0916
vn -0.0906 -0.9942 0.0583
vn -0.0798 -0.9957 0.0461
vn -0.0619 -0.9961 0.0625
vn -0.0737 -0.9945 0.0744
vn -0.0890 -0.9920 0.0899
vn -0.0577 -0.9941 0.0915
vn -0.0715 -0.9915 0.1084
vn -0.0457 -0.9957 0.0805
vn -0.0438 -0.9932 0.1082
vn -0.0555 -0.9904 0.1263
vn -0.0323 -0.9946 0.0984
vn -0.0332 -0.9969 0.0714
vn -0.0212 -0.9955 0.0921
vn -0.0502 -0.9975 0.0507
vn -0.0125 -0.9936 0.1125
vn -0.0215 -0.9930 0.1161
vn -0.0318 -0.9918 0.1238
vn -0.0071 -0.9911 0.1328
vn -0.0140 -0.9908 0.1347
vn -0.0221 -0.9903 0.1369
vn -0.0405 -0.9889 0.1430
vn -0.0251 -0.9875 0.1556
vn -0.0120 -0.9872 0.1591
vn -0.0298 -0.9812 0.1908
vn -0.0145 -0.9804 0.1965
vn -0.0488 -0.9828 0.1780
vn -0.0047 -0.9875 0.1576
vn -0.0051 -0.9804 0.1969
vn -0.0010 -0.9878 0.1560
vn -0.0008 -0.9807 0.1956
vn -0.0026 -0.9914 0.1312
vn -0.0055 -0.9939 0.1100
vn -0.0000 -0.9940 0.1090
vn -0.0000 -0.9914 0.1306
vn -0.0000 -0.9879 0.1553
vn 0.0055 -0.9939 0.1100
vn 0.0026 -0.9914 0.1312
vn 0.0010 -0.9878 0.1560
vn 0.0071 -0.9911 0.1328
vn 0.0047 -0.9875 0.1576
vn 0.0125 -0.9936 0.1125
vn 0.0106 -0.9961 0.0874
vn 0.0212 -0.9955 0.0921
vn -0.0000 -0.9964 0.0853
vn 0.0215 -0.9930 0.1161
vn 0.0140 -0.9908 0.1347
vn 0.0318 -0.9918 0.1238
vn 0.0221 -0.9903 0.1369
vn 0.0120 -0.9872 0.1591
vn 0.0251 -0.9875 0.1556
vn 0.0405 -0.9889 0.1430
vn 0.0298 -0.9812 0.1908
vn 0.0488 -0.9828 0.1780
vn 0.0145 -0.9804 0.1965
vn 0.0641 -0.9673 0.2453
vn 0.0396 -0.9646 0.2609
vn 0.1019 -0.9099 0.4022
vn 0.0634 -0.9030 0.4250
vn 0.0339 -0.9002 0.4341
vn 0.0204 -0.9632 0.2679
vn 0.0142 -0.9010 0.4336
vn 0.0079 -0.9632 0.2687
vn 0.0051 -0.9804 0.1969
vn 0.0008 -0.9807 0.1956
vn 0.0016 -0.9637 0.2669
vn -0.0000 -0.9808 0.1948
vn -0.0000 -0.9640 0.2659
vn 0.0037 -0.9030 0.4297
vn -0.0000 -0.9040 0.4275
vn -0.0037 -0.9030 0.4297
vn -0.0016 -0.9637 0.2669
vn -0.0142 -0.9010 0.4336
vn -0.0079 -0.9632 0.2687
vn -0.0339 -0.9002 0.4341
vn -0.0204 -0.9632 0.2679
vn -0.0634 -0.9030 0.4250
vn -0.0396 -0.9646 0.2609
vn -0.1019 -0.9099 0.4022
vn -0.0641 -0.9673 0.2453
vn -0.1476 -0.9189 0.3657
vn -0.0922 -0.9707 0.2219
vn -0.0691 -0.9847 0.1598
vn -0.0907 -0.9862 0.1384
vn -0.1234 -0.9735 0.1925
vn -0.1138 -0.9868 0.1150
vn -0.1573 -0.9747 0.1589
vn -0.2004 -0.9267 0.3178
vn -0.2586 -0.9300 0.2612
vn -0.3149 -0.9273 0.2026
vn -0.1906 -0.9737 0.1247
vn -0.3626 -0.9199 0.1494
vn -0.2198 -0.9711 0.0932
vn -0.3990 -0.9111 0.1031
vn -0.2431 -0.9678 0.0648
vn -0.4217 -0.9044 0.0642
vn -0.2586 -0.9652 0.0400
vn -0.4307 -0.9018 0.0343
vn -0.2655 -0.9639 0.0206
vn -0.4303 -0.9026 0.0144
vn -0.2662 -0.9639 0.0079
vn -0.1951 -0.9808 0.0051
vn -0.1938 -0.9810 0.0008
vn -0.2645 -0.9644 0.0016
vn -0.1930 -0.9812 -0.0000
vn -0.2634 -0.9647 -0.0000
vn -0.4264 -0.9045 0.0037
vn -0.4242 -0.9056 -0.0000
vn -0.4264 -0.9045 -0.0037
vn -0.2645 -0.9644 -0.0016
vn -0.4303 -0.9026 -0.0144
vn -0.2662 -0.9639 -0.0079
vn -0.4307 -0.9018 -0.0343
vn -0.2655 -0.9639 -0.0206
vn -0.4218 -0.9044 -0.0642
vn -0.2586 -0.9652 -0.0400
vn -0.3990 -0.9111 -0.1031
vn -0.2431 -0.9678 -0.0648
vn -0.3626 -0.9199 -0.1494
vn -0.2198 -0.9711 -0.0932
vn -0.1583 -0.9849 -0.0698
vn -0.1371 -0.9863 -0.0916
vn -0.1906 -0.9737 -0.1247
vn -0.1138 -0.9868 -0.1150
vn -0.1573 -0.9747 -0.1589
vn -0.3149 -0.9273 -0.2026
vn -0.2586 -0.9300 -0.2612
vn -0.2004 -0.9267 -0.3178
vn -0.1234 -0.9735 -0.1925
vn -0.1476 -0.9189 -0.3657
vn -0.0922 -0.9707 -0.2219
vn -0.1019 -0.9099 -0.4022
vn -0.0641 -0.9673 -0.2453
vn -0.0634 -0.9030 -0.4250
vn -0.0396 -0.9645 -0.2609
vn -0.0339 -0.9002 -0.4341
vn -0.0204 -0.9632 -0.2679
vn -0.0142 -0.9010 -0.4336
vn -0.0079 -0.9632 -0.2687
vn -0.0051 -0.9804 -0.1969
vn -0.0008 -0.9807 -0.1956
vn -0.0016 -0.9637 -0.2669
vn -0.0000 -0.9808 -0.1948
vn -0.0000 -0.9640 -0.2659
vn -0.0037 -0.9030 -0.4297
vn -0.0000 -0.9040 -0.4275
vn 0.0037 -0.9030 -0.4297
vn 0.0016 -0.9637 -0.2669
vn 0.0142 -0.9010 -0.4336
vn 0.0079 -0.9632 -0.2687
vn 0.0339 -0.9002 -0.4341
vn 0.0204 -0.9632 -0.2679
vn 0.0634 -0.9030 -0.4250
vn 0.0396 -0.9645 -0.2609
vn 0.1019 -0.9099 -0.4022
vn 0.0641 -0.9673 -0.2453
vn 0.1476 -0.9189 -0.3657
vn 0.0922 -0.9707 -0.2219
vn 0.0691 -0.9847 -0.1598
vn 0.0907 -0.9862 -0.1384
vn 0.1234 -0.9735 -0.1925
vn 0.1138 -0.9868 -0.1150
vn 0.1573 -0.9747 -0.1589
vn 0.2004 -0.9267 -0.3178
vn 0.2586 -0.9300 -0.2612
vn 0.3149 -0.9273 -0.2026
vn 0.1906 -0.9737 -0.1247
vn 0.3626 -0.9199 -0.1493
vn 0.2198 -0.9711 -0.0932
vn 0.3990 -0.9111 -0.1031
vn 0.2431 -0.9678 -0.0648
vn 0.4218 -0.9044 -0.0642
vn 0.2586 -0.9652 -0.0400
vn 0.4308 -0.9018 -0.0343
vn 0.2655 -0.9639 -0.0206
vn 0.4303 -0.9026 -0.0144
vn 0.2662 -0.9639 -0.0079
vn 0.1951 -0.9808 -0.0051
vn 0.1938 -0.9810 -0.0008
vn 0.2645 -0.9644 -0.0016
vn 0.1930 -0.9812 -0.0000
vn 0.2634 -0.9647 -0.0000
vn 0.4264 -0.9045 -0.0037
vn 0.4242 -0.9056 -0.0000
vn 0.4264 -0.9045 0.0037
vn 0.2645 -0.9644 0.0016
vn 0.4303 -0.9026 0.0144
vn 0.2662 -0.9639 0.0079
vn 0.4308 -0.9018 0.0343
vn 0.2655 -0.9639 0.0206
vn 0.4217 -0.9044 0.0642
vn 0.2586 -0.9652 0.0400
vn 0.3990 -0.9111 0.1031
vn 0.2431 -0.9678 0.0648
vn 0.7427 -0.6417 0.1912
vn 0.7710 -0.6258 0.1184
vn 0.9613 -0.1187 0.2485
vn 0.9828 -0.1049 0.1518
vn 0.7822 -0.6196 0.0646
vn 0.9917 -0.0977 0.0831
vn 0.7828 -0.6216 0.0287
vn 0.9947 -0.0960 0.0377
vn 0.7793 -0.6265 0.0085
vn 0.9952 -0.0970 0.0117
vn 0.9952 -0.0978 -0.0000
vn 0.7772 -0.6292 -0.0000
vn 0.7793 -0.6265 -0.0085
vn 0.9952 -0.0970 -0.0117
vn 0.7828 -0.6216 -0.0287
vn 0.9947 -0.0960 -0.0377
vn 0.7822 -0.6196 -0.0646
vn 0.9917 -0.0977 -0.0831
vn 0.7710 -0.6258 -0.1184
vn 0.9828 -0.1050 -0.1518
vn 0.7427 -0.6417 -0.1912
vn 0.9613 -0.1187 -0.2485
vn 0.6927 -0.6631 -0.2838
vn 0.9162 -0.1359 -0.3770
vn 0.6160 -0.6816 -0.3949
vn 0.8313 -0.1508 -0.5349
vn 0.6952 -0.1566 -0.7016
vn 0.5103 -0.6885 -0.5153
vn 0.3900 -0.6805 -0.6203
vn 0.5280 -0.1504 -0.8358
vn 0.2797 -0.6611 -0.6962
vn 0.3710 -0.1352 -0.9187
vn 0.1883 -0.6392 -0.7456
vn 0.2441 -0.1178 -0.9626
vn 0.1165 -0.6230 -0.7735
vn 0.1490 -0.1042 -0.9833
vn 0.0636 -0.6167 -0.7846
vn 0.0816 -0.0969 -0.9919
vn 0.0282 -0.6186 -0.7852
vn 0.0370 -0.0952 -0.9948
vn 0.0083 -0.6236 -0.7817
vn 0.0114 -0.0962 -0.9953
vn -0.0000 -0.0970 -0.9953
vn -0.0000 -0.6263 -0.7796
vn -0.0083 -0.6236 -0.7817
vn -0.0114 -0.0962 -0.9953
vn -0.0282 -0.6186 -0.7852
vn -0.0370 -0.0952 -0.9948
vn -0.0636 -0.6167 -0.7846
vn -0.0815 -0.0969 -0.9919
vn -0.1165 -0.6230 -0.7735
vn -0.1490 -0.1042 -0.9833
vn -0.1883 -0.6392 -0.7456
vn -0.2441 -0.1178 -0.9626
vn -0.2797 -0.6611 -0.6962
vn -0.3710 -0.1352 -0.9187
vn -0.3900 -0.6805 -0.6203
vn -0.5280 -0.1504 -0.8359
vn -0.6952 -0.1565 -0.7016
vn -0.5103 -0.6885 -0.5153
vn -0.6160 -0.6816 -0.3949
vn -0.8313 -0.1508 -0.5349
vn -0.6927 -0.6631 -0.2838
vn -0.9162 -0.1360 -0.3770
vn -0.7427 -0.6417 -0.1912
vn -0.9613 -0.1187 -0.2485
vn -0.7710 -0.6257 -0.1184
vn -0.9828 -0.1049 -0.1518
vn -0.7823 -0.6196 -0.0646
vn -0.9917 -0.0977 -0.0831
vn -0.7828 -0.6215 -0.0287
vn -0.9947 -0.0960 -0.0377
vn -0.7793 -0.6266 -0.0085
vn -0.9952 -0.0969 -0.0117
vn -0.9952 -0.0977 -0.0000
vn -0.7772 -0.6293 -0.0000
vn -0.7793 -0.6266 0.0085
vn -0.9952 -0.0969 0.0117
vn -0.7829 -0.6215 0.0287
vn -0.9947 -0.0960 0.0377
vn -0.7823 -0.6196 0.0646
vn -0.9917 -0.0977 0.0831
vn -0.7710 -0.6257 0.1184
vn -0.9828 -0.1049 0.1518
vn -0.7427 -0.6417 0.1913
vn -0.9613 -0.1187 0.2485
vn -0.6927 -0.6631 0.2838
vn -0.9162 -0.1360 0.3770
vn -0.6160 -0.6816 0.3949
vn -0.8313 -0.1509 0.5349
vn -0.6952 -0.1566 0.7016
vn -0.5103 -0.6885 0.5153
vn -0.3900 -0.6805 0.6203
vn -0.5280 -0.1504 0.8359
vn -0.2797 -0.6612 0.6961
vn -0.3710 -0.1352 0.9187
vn -0.1883 -0.6392 0.7456
vn -0.2441 -0.1178 0.9626
vn -0.1165 -0.6230 0.7735
vn -0.1490 -0.1041 0.9833
vn -0.0636 -0.6167 0.7846
vn -0.0815 -0.0969 0.9919
vn -0.0282 -0.6186 0.7852
vn -0.0370 -0.0952 0.9948
vn -0.0084 -0.6236 0.7817
vn -0.0114 -0.0962 0.9953
vn -0.0000 -0.0970 0.9953
vn -0.0000 -0.6263 0.7796
vn 0.0084 -0.6236 0.7817
vn 0.0114 -0.0962 0.9953
vn 0.0282 -0.6186 0.7852
vn 0.0370 -0.0952 0.9948
vn 0.0636 -0.6167 0.7846
vn 0.0815 -0.0969 0.9919
vn 0.1165 -0.6230 0.7735
vn 0.1490 -0.1042 0.9833
vn 0.1883 -0.6392 0.7456
vn 0.2441 -0.1178 0.9626
vn 0.2136 0.4931 0.8434
vn 0.1303 0.4879 0.8631
vn 0.0825 0.9381 0.3364
vn 0.0502 0.9355 0.3498
vn 0.0259 0.9362 0.3504
vn 0.0708 0.4894 0.8692
vn 0.0102 0.9393 0.3429
vn 0.0316 0.4960 0.8678
vn 0.0024 0.9426 0.3340
vn 0.0095 0.5032 0.8641
vn -0.0000 0.9441 0.3297
vn -0.0000 0.5065 0.8623
vn -0.0024 0.9426 0.3340
vn -0.0095 0.5032 0.8641
vn -0.0102 0.9393 0.3429
vn -0.0316 0.4960 0.8678
vn -0.0259 0.9362 0.3504
vn -0.0708 0.4894 0.8692
vn -0.0502 0.9355 0.3498
vn -0.1303 0.4879 0.8631
vn -0.0825 0.9381 0.3364
vn -0.2136 0.4931 0.8434
vn -0.1220 0.9429 0.3099
vn -0.3234 0.5025 0.8018
vn -0.1689 0.9474 0.2719
vn -0.4586 0.5113 0.7269
vn -0.2213 0.9492 0.2237
vn -0.6034 0.5147 0.6091
vn -0.2694 0.9477 0.1710
vn -0.7225 0.5121 0.4645
vn -0.3075 0.9435 0.1237
vn -0.7988 0.5041 0.3283
vn -0.3341 0.9388 0.0837
vn -0.8412 0.4952 0.2171
vn -0.3475 0.9363 0.0509
vn -0.8614 0.4904 0.1326
vn -0.3481 0.9371 0.0262
vn -0.8676 0.4921 0.0720
vn -0.3407 0.9401 0.0104
vn -0.8662 0.4987 0.0321
vn -0.3317 0.9434 0.0024
vn -0.8625 0.5059 0.0096
vn -0.3275 0.9449 -0.0000
vn -0.8606 0.5092 -0.0000
vn -0.3317 0.9434 -0.0024
vn -0.8625 0.5059 -0.0096
vn -0.3407 0.9401 -0.0104
vn -0.8662 0.4987 -0.0321
vn -0.3481 0.9371 -0.0262
vn -0.8676 0.4921 -0.0720
vn -0.3475 0.9363 -0.0509
vn -0.8614 0.4904 -0.1326
vn -0.3341 0.9388 -0.0837
vn -0.8412 0.4952 -0.2171
vn -0.3075 0.9435 -0.1237
vn -0.7988 0.5041 -0.3283
vn -0.2694 0.9477 -0.1710
vn -0.7225 0.5121 -0.4645
vn -0.2213 0.9492 -0.2237
vn -0.6034 0.5147 -0.6091
vn -0.1689 0.9474 -0.2719
vn -0.4586 0.5113 -0.7269
vn -0.1220 0.9429 -0.3098
vn -0.3234 0.5025 -0.8018
vn -0.0825 0.9381 -0.3364
vn -0.2136 0.4930 -0.8434
vn -0.0502 0.9355 -0.3498
vn -0.1303 0.4878 -0.8632
vn -0.0259 0.9362 -0.3504
vn -0.0708 0.4894 -0.8692
vn -0.0102 0.9393 -0.3429
vn -0.0316 0.4960 -0.8678
vn -0.0024 0.9426 -0.3340
vn -0.0095 0.5031 -0.8642
vn -0.0000 0.9441 -0.3297
vn -0.0000 0.5064 -0.8623
vn 0.0024 0.9426 -0.3340
vn 0.0095 0.5031 -0.8642
vn 0.0102 0.9393 -0.3430
vn 0.0316 0.4960 -0.8678
vn 0.0259 0.9362 -0.3504
vn 0.0708 0.4894 -0.8692
vn 0.0502 0.9355 -0.3498
vn 0.1303 0.4878 -0.8632
vn 0.0825 0.9381 -0.3364
vn 0.2136 0.4930 -0.8434
vn 0.1220 0.9429 -0.3099
vn 0.3234 0.5025 -0.8018
vn 0.1689 0.9474 -0.2719
vn 0.4586 0.5112 -0.7269
vn 0.2213 0.9492 -0.2237
vn 0.6034 0.5147 -0.6091
vn 0.2694 0.9477 -0.1710
vn 0.7225 0.5122 -0.4645
vn 0.3075 0.9435 -0.1237
vn 0.7988 0.5042 -0.3283
vn 0.3341 0.9388 -0.0837
vn 0.8412 0.4952 -0.2171
vn 0.3476 0.9363 -0.0509
vn 0.8614 0.4904 -0.1326
vn 0.3482 0.9371 -0.0262
vn 0.8675 0.4921 -0.0720
vn 0.3407 0.9401 -0.0104
vn 0.8662 0.4987 -0.0321
vn 0.3317 0.9434 -0.0024
vn 0.8626 0.5058 -0.0096
vn 0.3275 0.9449 -0.0000
vn 0.8607 0.5091 -0.0000
vn 0.3317 0.9434 0.0024
vn 0.8626 0.5058 0.0096
vn 0.3407 0.9401 0.0104
vn 0.8662 0.4987 0.0321
vn 0.3482 0.9371 0.0262
vn 0.8675 0.4921 0.0720
vn 0.3476 0.9363 0.0509
vn 0.8614 0.4904 0.1326
vn 0.3341 0.9388 0.0837
vn 0.8412 0.4952 0.2171
vn -0.0436 0.9990 -0.0101
vn -0.0449 0.9990 -0.0074
vn -0.0482 0.9988 -0.0059
vn -0.0528 0.9986 -0.0042
vn -0.1343 0.9909 -0.0071
vn -0.1361 0.9907 -0.0030
vn -0.0568 0.9984 -0.0022
vn -0.1368 0.9906 -0.0000
vn -0.0585 0.9983 -0.0000
vn -0.0568 0.9984 0.0022
vn -0.1361 0.9907 0.0030
vn -0.0528 0.9986 0.0042
vn -0.1343 0.9909 0.0071
vn -0.1457 0.9893 0.0035
vn -0.0482 0.9988 0.0059
vn -0.0449 0.9990 0.0074
vn -0.0436 0.9990 0.0101
vn -0.0423 0.9990 0.0153
vn -0.0385 0.9990 0.0230
vn -0.0314 0.9990 0.0317
vn -0.0228 0.9990 0.0388
vn -0.0152 0.9990 0.0427
vn -0.0100 0.9990 0.0440
vn -0.0074 0.9989 0.0453
vn -0.0059 0.9988 0.0487
vn -0.0042 0.9986 0.0533
vn -0.0070 0.9907 0.1356
vn -0.0029 0.9905 0.1374
vn -0.0035 0.9891 0.1471
vn -0.0021 0.9984 0.0573
vn -0.0048 0.9905 0.1377
vn -0.0000 0.9891 0.1472
vn -0.0000 0.9904 0.1381
vn -0.0000 0.9905 0.1375
vn 0.0035 0.9891 0.1471
vn 0.0048 0.9905 0.1377
vn 0.0029 0.9905 0.1374
vn 0.0070 0.9907 0.1356
vn 0.0080 0.9892 0.1466
vn 0.0101 0.9904 0.1380
vn 0.0076 0.9925 0.1219
vn 0.0151 0.9922 0.1235
vn -0.0000 0.9926 0.1212
vn 0.0162 0.9903 0.1382
vn 0.0229 0.9919 0.1253
vn 0.0140 0.9892 0.1456
vn 0.0222 0.9901 0.1386
vn 0.0305 0.9912 0.1290
vn 0.0225 0.9896 0.1419
vn 0.0337 0.9905 0.1335
vn 0.0199 0.9915 0.1283
vn 0.0126 0.9911 0.1326
vn 0.0300 0.9921 0.1219
vn 0.0436 0.9928 0.1120
vn 0.0475 0.9916 0.1207
vn 0.0426 0.9924 0.1151
vn 0.0100 0.9990 0.0440
vn 0.0152 0.9990 0.0427
vn 0.0074 0.9989 0.0453
vn 0.0059 0.9988 0.0487
vn 0.0042 0.9986 0.0533
vn 0.0021 0.9984 0.0573
vn -0.0000 0.9983 0.0590
vn 0.0228 0.9990 0.0388
vn 0.0603 0.9934 0.0980
vn 0.0314 0.9990 0.0317
vn 0.0792 0.9936 0.0800
vn 0.0385 0.9990 0.0230
vn 0.0970 0.9934 0.0609
vn 0.0422 0.9990 0.0153
vn 0.1109 0.9929 0.0440
vn 0.1195 0.9917 0.0480
vn 0.1032 0.9925 0.0650
vn 0.0839 0.9929 0.0847
vn 0.1140 0.9925 0.0430
vn 0.0970 0.9935 0.0589
vn 0.0774 0.9939 0.0782
vn 0.0583 0.9935 0.0980
vn 0.0644 0.9925 0.1042
vn 0.0491 0.9947 0.0907
vn 0.0340 0.9934 0.1095
vn 0.0687 0.9952 0.0694
vn 0.0376 0.9959 0.0829
vn 0.0239 0.9942 0.1049
vn 0.0580 0.9966 0.0585
vn 0.0898 0.9947 0.0496
vn 0.0821 0.9959 0.0380
vn 0.1084 0.9935 0.0343
vn 0.1039 0.9943 0.0242
vn 0.1240 0.9920 0.0232
vn 0.1223 0.9924 0.0153
vn 0.1277 0.9913 0.0308
vn 0.1369 0.9904 0.0163
vn 0.1367 0.9906 0.0102
vn 0.1373 0.9903 0.0224
vn 0.1452 0.9894 0.0081
vn 0.1442 0.9894 0.0141
vn 0.1405 0.9898 0.0228
vn 0.1322 0.9906 0.0341
vn 0.1270 0.9917 0.0201
vn 0.1207 0.9922 0.0303
vn 0.1313 0.9913 0.0127
vn 0.0436 0.9990 0.0101
vn 0.0449 0.9990 0.0074
vn 0.0482 0.9988 0.0059
vn 0.0528 0.9986 0.0042
vn 0.1343 0.9909 0.0071
vn 0.1361 0.9907 0.0030
vn 0.1457 0.9893 0.0035
vn 0.0568 0.9984 0.0022
vn 0.1364 0.9906 0.0048
vn 0.1458 0.9893 -0.0000
vn 0.1368 0.9906 -0.0000
vn 0.1362 0.9907 -0.0000
vn 0.1457 0.9893 -0.0035
vn 0.1364 0.9906 -0.0048
vn 0.1361 0.9907 -0.0030
vn 0.1343 0.9909 -0.0071
vn 0.1452 0.9894 -0.0081
vn 0.1367 0.9906 -0.0102
vn 0.1207 0.9927 -0.0077
vn 0.1223 0.9924 -0.0153
vn 0.1200 0.9928 -0.0000
vn 0.1369 0.9904 -0.0163
vn 0.1240 0.9920 -0.0232
vn 0.1442 0.9894 -0.0141
vn 0.1373 0.9903 -0.0224
vn 0.1277 0.9913 -0.0308
vn 0.1405 0.9898 -0.0228
vn 0.1322 0.9906 -0.0341
vn 0.1270 0.9917 -0.0201
vn 0.1313 0.9913 -0.0127
vn 0.1207 0.9922 -0.0303
vn 0.1109 0.9929 -0.0440
vn 0.1195 0.9917 -0.0480
vn 0.1140 0.9925 -0.0430
vn 0.0436 0.9990 -0.0101
vn 0.0423 0.9990 -0.0153
vn 0.0449 0.9990 -0.0074
vn 0.0482 0.9988 -0.0059
vn 0.0528 0.9986 -0.0042
vn 0.0568 0.9984 -0.0022
vn 0.0585 0.9983 -0.0000
vn 0.0385 0.9990 -0.0230
vn 0.0970 0.9934 -0.0609
vn 0.0314 0.9990 -0.0317
vn 0.0792 0.9936 -0.0800
vn 0.0228 0.9990 -0.0388
vn 0.0603 0.9934 -0.0980
vn 0.0152 0.9990 -0.0427
vn 0.0436 0.9928 -0.1120
vn 0.0475 0.9915 -0.1207
vn 0.0644 0.9925 -0.1042
vn 0.0839 0.9929 -0.0847
vn 0.0426 0.9924 -0.1151
vn 0.0583 0.9935 -0.0980
vn 0.0774 0.9939 -0.0782
vn 0.1032 0.9925 -0.0650
vn 0.0970 0.9935 -0.0589
vn 0.0898 0.9947 -0.0496
vn 0.1084 0.9935 -0.0343
vn 0.0687 0.9952 -0.0694
vn 0.0821 0.9959 -0.0380
vn 0.1039 0.9943 -0.0242
vn 0.0580 0.9966 -0.0585
vn 0.0491 0.9947 -0.0907
vn 0.0376 0.9959 -0.0829
vn 0.0340 0.9934 -0.1094
vn 0.0239 0.9942 -0.1049
vn 0.0229 0.9919 -0.1253
vn 0.0151 0.9922 -0.1235
vn 0.0305 0.9912 -0.1290
vn 0.0162 0.9903 -0.1382
vn 0.0101 0.9904 -0.1380
vn 0.0221 0.9901 -0.1386
vn 0.0080 0.9892 -0.1466
vn 0.0140 0.9892 -0.1456
vn 0.0225 0.9896 -0.1419
vn 0.0337 0.9905 -0.1335
vn 0.0199 0.9915 -0.1283
vn 0.0300 0.9921 -0.1219
vn 0.0126 0.9911 -0.1326
vn 0.0100 0.9990 -0.0440
vn 0.0074 0.9989 -0.0453
vn 0.0059 0.9988 -0.0487
vn 0.0042 0.9986 -0.0533
vn 0.0070 0.9907 -0.1356
vn 0.0029 0.9905 -0.1374
vn 0.0035 0.9891 -0.1471
vn 0.0021 0.9984 -0.0573
vn 0.0048 0.9905 -0.1377
vn -0.0000 0.9891 -0.1472
vn -0.0000 0.9904 -0.1381
vn -0.0000 0.9905 -0.1375
vn -0.0035 0.9891 -0.1471
vn -0.0048 0.9905 -0.1377
vn -0.0029 0.9905 -0.1374
vn -0.0070 0.9907 -0.1356
vn -0.0080 0.9892 -0.1466
vn -0.0101 0.9904 -0.1380
vn -0.0076 0.9925 -0.1219
vn -0.0151 0.9922 -0.1235
vn -0.0000 0.9926 -0.1212
vn -0.0162 0.9903 -0.1382
vn -0.0229 0.9919 -0.1253
vn -0.0140 0.9892 -0.1456
vn -0.0221 0.9901 -0.1386
vn -0.0305 0.9912 -0.1290
vn -0.0225 0.9896 -0.1419
vn -0.0337 0.9905 -0.1335
vn -0.0199 0.9915 -0.1283
vn -0.0126 0.9911 -0.1326
vn -0.0300 0.9921 -0.1219
vn -0.0100 0.9990 -0.0440
vn -0.0074 0.9989 -0.0454
vn -0.0059 0.9988 -0.0487
vn -0.0042 0.9986 -0.0533
vn -0.0021 0.9984 -0.0573
vn -0.0000 0.9983 -0.0590
vn -0.0000 0.9951 -0.0985
vn 0.0128 0.9948 -0.1007
vn 0.0076 0.9925 -0.1219
vn 0.0997 0.9949 -0.0130
vn 0.0975 0.9952 -0.0000
vn 0.0997 0.9949 0.0130
vn 0.1207 0.9927 0.0077
vn 0.0128 0.9948 0.1007
vn -0.0000 0.9951 0.0985
vn -0.0128 0.9948 0.1007
vn -0.0076 0.9925 0.1219
vn 0.0332 -0.9969 0.0714
vn 0.0184 -0.9980 0.0608
vn 0.0332 -0.9989 0.0335
vn 0.0603 -0.9980 0.0187
vn -0.0000 -1.0000 -0.0000
vn 0.0522 -0.9986 -0.0000
vn -0.0000 -0.9986 0.0528
vn 0.0866 -0.9962 0.0107
vn 0.0332 -0.9989 -0.0335
vn 0.0603 -0.9980 -0.0187
vn 0.0707 -0.9969 -0.0335
vn 0.0184 -0.9980 -0.0608
vn -0.0000 -0.9986 -0.0528
vn 0.0106 -0.9961 -0.0874
vn -0.0332 -0.9989 -0.0335
vn -0.0184 -0.9980 -0.0608
vn -0.0332 -0.9969 -0.0714
vn -0.0522 -0.9986 -0.0000
vn -0.0603 -0.9980 -0.0187
vn -0.0866 -0.9962 -0.0107
vn -0.0332 -0.9989 0.0335
vn -0.0603 -0.9980 0.0187
vn -0.0707 -0.9969 0.0335
vn -0.0184 -0.9980 0.0608
vn -0.0106 -0.9961 0.0874
vn 0.8851 0.4650 -0.0181
vn 0.8789 -0.3390 -0.3355
vn 0.9006 -0.3628 -0.2395
vn 0.8918 -0.4242 -0.1575
vn 0.9408 -0.2740 0.1997
vn 0.9980 0.0550 0.0311
vn 0.9003 0.4184 -0.1199
vn 0.7595 0.6269 -0.1737
vn 0.6505 0.7519 -0.1072
vn 0.7220 0.6306 0.2847
vn 0.5470 -0.8367 -0.0279
vn 0.5497 -0.8328 -0.0647
vn 0.0609 -0.9856 -0.1576
vn 0.0520 -0.9969 -0.0582
vn 0.0425 -0.9991 -0.0033
vn 0.5363 -0.8441 -0.0032
vn 0.8918 -0.4522 0.0124
vn 0.8874 -0.4582 0.0514
vn 0.8870 -0.4618 -0.0018
vn -0.0005 0.0037 -1.0000
vn -0.0004 0.0036 -1.0000
vn -0.0003 0.0036 -1.0000
vn 0.8396 0.5379 0.0757
vn 0.8427 0.5383 0.0034
vn 0.4617 0.8870 0.0050
vn 0.4620 0.8832 0.0804
vn -0.0423 0.9991 0.0050
vn -0.0367 0.9973 0.0636
vn 0.4503 0.8646 0.2232
vn 0.8268 0.5185 0.2181
vn -0.0448 0.9845 0.1694
vn 0.4182 0.8267 0.3765
vn 0.7915 0.4802 0.3781
vn -0.0647 0.9588 0.2767
vn 0.3525 0.7574 0.5496
vn 0.7210 0.4087 0.5596
vn -0.1084 0.9113 0.3973
vn 0.2517 0.6578 0.7099
vn 0.6139 0.3043 0.7283
vn -0.1773 0.8428 0.5082
vn 0.1311 0.5437 0.8290
vn 0.4866 0.1837 0.8541
vn -0.2604 0.7647 0.5894
vn 0.0133 0.4356 0.9000
vn 0.3625 0.0685 0.9295
vn -0.3415 0.6914 0.6367
vn -0.1247 0.3080 0.9432
vn 0.2138 -0.0654 0.9747
vn -0.4337 0.6039 0.6688
vn -0.2311 0.2188 0.9480
vn 0.1034 -0.1649 0.9809
vn -0.5071 0.5478 0.6654
vn -0.2771 0.1791 0.9440
vn 0.0553 -0.2069 0.9768
vn -0.5385 0.5201 0.6630
vn -0.3592 0.1050 0.9273
vn -0.0319 -0.2815 0.9590
vn -0.5949 0.4669 0.6543
vn -0.5019 -0.0223 0.8646
vn -0.1823 -0.4105 0.8934
vn -0.6947 0.3745 0.6141
vn -0.6909 -0.1877 0.6981
vn -0.3787 -0.5804 0.7209
vn -0.8289 0.2550 0.4979
vn -0.8446 -0.3194 0.4297
vn -0.5365 -0.7180 0.4436
vn -0.9381 0.1625 0.3059
vn -0.9112 -0.3735 0.1741
vn -0.6028 -0.7774 0.1797
vn -0.9840 0.1289 0.1230
vn -0.9220 -0.3812 0.0679
vn -0.6130 -0.7870 0.0700
vn -0.9909 0.1262 0.0477
vn -0.7983 0.6010 0.0396
vn -0.7969 0.6039 0.0150
vn -0.3969 0.9163 -0.0534
vn -0.3871 0.9218 -0.0209
vn 0.1156 0.9848 -0.1300
vn 0.1287 0.9904 -0.0501
vn 0.5985 0.7828 -0.1703
vn 0.6096 0.7900 -0.0653
vn 0.9167 0.3641 -0.1649
vn 0.9249 0.3748 -0.0634
vn 0.9812 -0.1550 -0.1149
vn 0.9887 -0.1430 -0.0445
vn 0.7769 -0.6288 -0.0321
vn 0.7832 -0.6216 -0.0130
vn 0.7588 -0.6469 -0.0756
vn 0.9363 -0.2018 -0.2873
vn 0.8549 0.3051 -0.4195
vn 0.7307 -0.6717 -0.1223
vn 0.8299 -0.2951 -0.4735
vn 0.6975 0.1680 -0.6966
vn 0.5307 0.7277 -0.4344
vn 0.3668 0.5860 -0.7226
vn 0.0575 0.9429 -0.3280
vn -0.0660 0.8369 -0.5433
vn -0.4265 0.8950 -0.1308
vn -0.4765 0.8525 -0.2152
vn -0.7885 0.6066 0.1016
vn -0.7534 0.6363 0.1661
vn -0.5314 0.8007 -0.2767
vn -0.7078 0.6779 0.1985
vn -0.5742 0.7595 -0.3056
vn -0.6754 0.7086 0.2041
vn -0.3169 0.6022 -0.7327
vn -0.2098 0.7024 -0.6802
vn 0.0252 0.2816 -0.9592
vn 0.1690 0.4096 -0.8965
vn 0.3604 -0.1141 -0.9258
vn 0.5021 0.0050 -0.8648
vn 0.5991 -0.4798 -0.6410
vn 0.6978 -0.4007 -0.5937
vn 0.6996 -0.6964 -0.1600
vn 0.6744 -0.7160 -0.1803
vn 0.6590 -0.7280 -0.1892
vn 0.5418 -0.5260 -0.6556
vn 0.2788 -0.1831 -0.9427
vn 0.6508 -0.7344 -0.1927
vn 0.5099 -0.5508 -0.6608
vn 0.2331 -0.2207 -0.9471
vn -0.0578 0.2078 -0.9765
vn -0.1039 0.1660 -0.9806
vn -0.3795 0.5438 -0.7485
vn -0.4144 0.5098 -0.7539
vn -0.6003 0.7344 -0.3166
vn -0.6158 0.7192 -0.3217
vn -0.6583 0.7252 0.2019
vn -0.6499 0.7331 0.2005
vn -0.6601 0.6873 -0.3032
vn -0.6318 0.7448 0.2147
vn -0.7130 0.6368 -0.2935
vn -0.6093 0.7670 0.2013
vn -0.6192 0.3344 -0.7105
vn -0.5057 0.4416 -0.7411
vn -0.3557 -0.0572 -0.9328
vn -0.2117 0.0742 -0.9745
vn 0.0015 -0.4345 -0.9007
vn 0.1389 -0.3142 -0.9391
vn 0.3581 -0.6953 -0.6232
vn 0.4507 -0.6169 -0.6452
vn 0.6390 -0.7491 -0.1750
vn 0.6198 -0.7648 -0.1760
vn 0.6042 -0.7800 -0.1627
vn 0.2838 -0.7669 -0.5756
vn -0.1095 -0.5386 -0.8354
vn 0.5875 -0.7965 -0.1430
vn 0.2041 -0.8456 -0.4932
vn -0.2375 -0.6662 -0.7070
vn -0.4743 -0.1662 -0.8645
vn -0.6151 -0.3147 -0.7229
vn -0.7159 0.2480 -0.6527
vn -0.8221 0.1521 -0.5486
vn -0.7571 0.5977 -0.2639
vn -0.8022 0.5563 -0.2167
vn -0.5871 0.7866 0.1914
vn -0.5638 0.8081 0.1707
vn -0.8403 0.5193 -0.1560
vn -0.5448 0.8269 0.1396
vn -0.8652 0.4926 -0.0941
vn -0.5338 0.8392 0.1041
vn -0.9676 0.0040 -0.2523
vn -0.9145 0.0629 -0.3996
vn -0.8105 -0.4955 -0.3123
vn -0.7634 -0.4208 -0.4901
vn -0.4257 -0.8464 -0.3200
vn -0.3593 -0.7865 -0.5023
vn 0.0846 -0.9625 -0.2578
vn 0.1326 -0.9164 -0.3778
vn 0.5716 -0.8121 -0.1177
vn 0.5586 -0.8245 -0.0904
vn -0.4475 -0.8718 -0.1994
vn -0.4589 -0.8857 -0.0709
vn -0.8328 -0.5196 -0.1910
vn -0.8444 -0.5317 -0.0656
vn -0.9901 -0.0235 -0.1386
vn -0.9985 -0.0326 -0.0443
vn -0.8777 0.4773 -0.0431
vn -0.8807 0.4735 -0.0097
vn -0.5303 0.8448 0.0714
vn -0.5275 0.8490 0.0301
vn -0.5361 0.8442 0.0038
vn -0.8869 0.4620 0.0020
vn -0.0004 0.0037 -1.0000
vn -0.8427 -0.5383 -0.0012
vn -0.4617 -0.8870 -0.0024
vn -0.9990 -0.0447 0.0003
vn 0.8765 -0.4687 0.1094
vn 0.8516 -0.4930 0.1779
vn 0.9872 0.0358 0.1554
vn 0.9597 0.0081 0.2809
vn 0.9041 -0.0466 0.4249
vn 0.8114 -0.5320 0.2422
vn 0.8189 -0.1288 0.5592
vn 0.7624 -0.5789 0.2893
vn 0.7175 -0.2252 0.6591
vn 0.7144 -0.6243 0.3159
vn 0.6187 -0.3179 0.7184
vn 0.6544 -0.6761 0.3387
vn 0.4977 -0.4242 0.7566
vn 0.6142 -0.7174 0.3287
vn 0.4121 -0.5069 0.7571
vn 0.5967 -0.7322 0.3284
vn 0.3743 -0.5399 0.7539
vn 0.5650 -0.7573 0.3276
vn 0.3050 -0.5963 0.7425
vn 0.5092 -0.8021 0.3122
vn 0.1855 -0.6951 0.6946
vn 0.4356 -0.8630 0.2558
vn 0.0304 -0.8270 0.5614
vn 0.3810 -0.9114 0.1556
vn -0.0912 -0.9344 0.3444
vn 0.3655 -0.9288 0.0609
vn -0.1382 -0.9807 0.1384
vn 0.3671 -0.9299 0.0231
vn -0.1435 -0.9882 0.0536
vn 0.9974 0.0505 0.0506
vn 0.9990 0.0448 0.0008
vn 0.6738 0.7272 0.1311
vn 0.5532 0.8015 0.2270
vn 0.8910 0.4078 -0.1996
vn 0.7865 0.6163 0.0398
vn 0.4419 -0.8902 -0.1109
vn 0.8832 -0.4261 0.1958
vn 0.7453 -0.6196 -0.2463
vn 0.4453 -0.8643 -0.2339
vn 0.4342 -0.9005 -0.0232
vn 0.4408 -0.8949 0.0701
vn 0.4462 -0.8684 0.2161
vn 0.4551 -0.7707 0.4461
vn -0.0704 -0.9947 0.0743
vn -0.0733 -0.9679 0.2404
vn -0.0767 -0.8662 0.4937
vn 0.8504 -0.3500 0.3928
vn 0.4622 -0.5991 0.6538
vn -0.0824 -0.6787 0.7298
vn -0.5716 -0.7957 0.2004
vn -0.5832 -0.7075 0.3992
vn -0.5969 -0.5515 0.5827
vn -0.9080 -0.4056 0.1053
vn -0.9132 -0.3566 0.1972
vn -0.9187 -0.2763 0.2821
vn -0.0865 -0.4647 0.8812
vn -0.6054 -0.3756 0.7017
vn -0.9215 -0.1877 0.3400
vn -0.9956 0.0773 -0.0528
vn -0.9955 0.0577 -0.0746
vn -0.9959 0.0376 -0.0823
vn -0.8235 0.4872 -0.2906
vn -0.8287 0.3777 -0.4130
vn -0.8351 0.2568 -0.4865
vn -0.9967 0.0163 -0.0794
vn -0.9163 -0.1410 0.3748
vn -0.8379 0.1712 -0.5183
vn -0.4419 0.6104 -0.6574
vn -0.4489 0.4222 -0.7876
vn -0.4502 0.2897 -0.8446
vn 0.0786 0.6825 -0.7267
vn 0.0843 0.4744 -0.8763
vn 0.0849 0.3291 -0.9405
vn 0.0693 0.3029 -0.9505
vn -0.4466 0.2228 -0.8665
vn -0.8294 0.0817 -0.5527
vn -0.7958 -0.0437 -0.6039
vn -0.4245 0.1630 -0.8907
vn 0.0642 0.3253 -0.9434
vn 0.5901 0.2715 -0.7603
vn 0.5684 0.2957 -0.7678
vn 0.5404 0.3965 -0.7421
vn 0.9026 0.2068 -0.3776
vn 0.9114 0.1439 -0.3855
vn 0.8709 0.3569 -0.3378
vn 0.8193 0.4941 -0.2908
vn 0.5089 0.4840 -0.7119
vn 0.0607 0.3389 -0.9389
vn 0.0527 0.3473 -0.9363
vn 0.4580 0.5661 -0.6854
vn 0.7385 0.6275 -0.2466
vn 0.9052 0.3704 0.2084
vn 0.9623 0.2204 0.1592
vn 0.8158 0.5178 0.2578
vn 0.6811 0.6647 0.3070
vn 0.6172 0.7603 -0.2025
vn 0.3833 0.6473 -0.6588
vn 0.2953 0.7123 -0.6367
vn 0.4727 0.8652 -0.1670
vn 0.5207 0.7806 0.3457
vn 0.5598 0.3885 0.7319
vn 0.6701 0.2689 0.6918
vn 0.4292 0.4836 0.7629
vn 0.3044 0.5435 0.7822
vn 0.3685 0.8529 0.3698
vn 0.3351 0.9310 -0.1446
vn 0.2224 0.9658 -0.1330
vn 0.2444 0.8910 0.3826
vn 0.2021 0.5752 0.7926
vn 0.1577 0.0868 0.9837
vn 0.2206 0.0546 0.9738
vn 0.1053 0.1048 0.9889
vn 0.0659 0.1136 0.9913
vn 0.1263 0.5898 0.7976
vn 0.1528 0.9087 0.3885
vn 0.0863 0.9163 0.3911
vn 0.0712 0.5959 0.7999
vn 0.0372 0.1175 0.9924
vn -0.0139 -0.3925 0.9196
vn -0.0229 -0.3935 0.9190
vn -0.0076 -0.3914 0.9202
vn -0.0026 -0.3913 0.9202
vn 0.0133 0.1184 0.9929
vn 0.0254 0.5980 0.8011
vn 0.0031 0.6000 0.8000
vn 0.0016 0.1221 0.9925
vn -0.0004 -0.3878 0.9218
vn -0.0184 -0.7981 0.6023
vn -0.0515 -0.7967 0.6021
vn -0.0024 -0.7964 0.6048
vn 1.0000 -0.0000 -0.0000
vn 0.0038 0.9199 0.3921
vn 0.0307 0.9193 0.3923
vn 0.0035 0.9923 -0.1238
vn 0.0280 0.9917 -0.1255
vn 0.0022 0.7957 -0.6057
vn 0.0177 0.7935 -0.6083
vn 0.0784 0.9889 -0.1260
vn 0.0495 0.7921 -0.6084
vn 0.0876 0.7875 -0.6100
vn 0.1390 0.9820 -0.1279
vn 0.0066 0.3826 -0.9239
vn 0.0115 0.3806 -0.9247
vn 0.0025 0.3830 -0.9238
vn -0.0388 -0.1260 -0.9913
vn -0.0694 -0.1249 -0.9897
vn -0.0138 -0.1266 -0.9919
vn -0.0746 -0.5999 -0.7966
vn -0.1329 -0.5947 -0.7929
vn -0.0268 -0.6021 -0.7980
vn -0.0907 -0.9162 -0.3902
vn -0.1614 -0.9078 -0.3870
vn -0.0327 -0.9196 -0.3915
vn -0.0823 -0.9891 0.1220
vn -0.1465 -0.9816 0.1228
vn -0.0296 -0.9921 0.1217
vn -0.0920 -0.7935 0.6016
vn -0.1481 -0.7845 0.6022
vn -0.2346 -0.9638 0.1263
vn -0.0355 -0.3929 0.9189
vn -0.2223 -0.7632 0.6067
vn -0.3500 -0.9268 0.1361
vn -0.3847 -0.8475 -0.3658
vn -0.2583 -0.8882 -0.3800
vn -0.3185 -0.5497 -0.7722
vn -0.2132 -0.5809 -0.7855
vn -0.1687 -0.1064 -0.9799
vn -0.1119 -0.1202 -0.9864
vn 0.0256 0.3717 -0.9280
vn 0.0178 0.3770 -0.9260
vn 0.2105 0.7542 -0.6220
vn 0.1402 0.7768 -0.6139
vn 0.0344 0.3645 -0.9306
vn 0.0436 0.3561 -0.9334
vn -0.2365 -0.0771 -0.9686
vn -0.3050 -0.0288 -0.9519
vn -0.4428 -0.4909 -0.7503
vn -0.5681 -0.4002 -0.7191
vn -0.5330 -0.7744 -0.3409
vn -0.6824 -0.6648 -0.3041
vn -0.4856 -0.8601 0.1563
vn -0.6222 -0.7597 0.1890
vn -0.3104 -0.7222 0.6181
vn -0.3993 -0.6579 0.6385
vn -0.0511 -0.3884 0.9201
vn -0.0667 -0.3786 0.9231
vn 0.2859 0.0058 0.9583
vn 0.3418 -0.0540 0.9382
vn -0.0785 -0.3645 0.9279
vn 0.7442 0.1485 0.6512
vn 0.3808 -0.1145 0.9175
vn -0.0845 -0.3495 0.9331
vn -0.5226 -0.4924 0.6960
vn -0.4731 -0.5766 0.6661
vn -0.8175 -0.5052 0.2765
vn -0.7373 -0.6348 0.2313
vn -0.8980 -0.3860 -0.2114
vn -0.8088 -0.5281 -0.2585
vn -0.7468 -0.1658 -0.6441
vn -0.6736 -0.2856 -0.6817
vn -0.3989 0.0995 -0.9116
vn -0.3616 0.0339 -0.9317
vn -0.9577 -0.2380 -0.1616
vn -0.9914 -0.0779 -0.1055
vn -0.8714 -0.3691 0.3232
vn -0.9049 -0.2161 0.3666
vn -0.5568 -0.4036 0.7260
vn -0.5846 -0.3008 0.7535
vn -0.0916 -0.3329 0.9385
vn -0.0976 -0.3083 0.9463
vn 0.4025 -0.1760 0.8983
vn 0.4232 -0.2326 0.8757
vn 0.7899 0.0258 0.6126
vn 0.8211 -0.0950 0.5628
vn 0.9923 0.0648 0.1057
vn 0.9976 -0.0133 0.0677
vn 0.8432 -0.1692 0.5102
vn 0.9083 0.2061 -0.3640
vn 0.9984 -0.0177 0.0531
vn 0.8520 -0.2390 0.4658
vn 0.4544 -0.2891 0.8426
vn 0.4658 -0.4097 0.7844
vn -0.0878 -0.3289 0.9403
vn -0.5977 -0.2698 0.7550
vn 0.9987 -0.0219 0.0455
vn 0.9010 0.3068 -0.3066
vn 0.5736 0.5665 -0.5917
vn 0.5592 0.7189 -0.4129
vn 0.5876 0.3893 -0.7093
vn 0.0718 0.8610 -0.5035
vn -0.4360 0.7750 -0.4575
vn 0.0683 0.9642 -0.2562
vn -0.4325 0.8717 -0.2304
vn -0.8208 0.5529 -0.1436
vn -0.9959 0.0880 -0.0205
vn -0.8209 0.5709 -0.0133
vn -0.4296 0.9025 -0.0324
vn -0.9963 0.0849 0.0143
vn -0.9032 -0.4271 0.0428
vn -0.5634 -0.8237 0.0646
vn -0.5614 -0.8272 -0.0240
vn -0.5645 -0.8190 -0.1033
vn -0.9035 -0.4233 -0.0677
vn -0.8999 -0.4357 -0.0181
vn -0.9961 0.0863 -0.0206
vn -0.9972 0.0740 -0.0093
vn -0.5700 -0.7930 -0.2153
vn -0.9067 -0.4065 -0.1121
vn -0.9962 0.0841 0.0233
vn -0.8213 0.5700 0.0253
vn -0.8222 0.5478 0.1547
vn -0.8261 0.5636 -0.0000
vn -0.4306 0.9007 0.0574
vn -0.4335 0.8667 0.2466
vn -0.4345 0.9006 0.0069
vn 0.0687 0.9595 0.2733
vn 0.0715 0.9952 0.0665
vn 0.0711 0.9974 0.0095
vn -0.4360 0.7750 0.4575
vn 0.0718 0.8610 0.5035
vn -0.8235 0.4872 0.2906
vn -0.4419 0.6104 0.6574
vn 0.0786 0.6825 0.7267
vn -0.8287 0.3777 0.4130
vn -0.4489 0.4222 0.7876
vn 0.0843 0.4743 0.8763
vn -0.8351 0.2568 0.4865
vn -0.4502 0.2897 0.8446
vn 0.0849 0.3291 0.9405
vn -0.8379 0.1712 0.5183
vn -0.4466 0.2228 0.8665
vn 0.0693 0.3029 0.9505
vn -0.8294 0.0817 0.5527
vn 0.5901 0.2715 0.7603
vn 0.5877 0.3893 0.7093
vn 0.5684 0.2957 0.7678
vn 0.9114 0.1439 0.3855
vn 0.9083 0.2061 0.3640
vn 0.9026 0.2068 0.3775
vn 0.9923 0.0648 -0.1057
vn 0.9976 -0.0133 -0.0677
vn 0.9984 -0.0177 -0.0531
vn 0.5736 0.5665 0.5917
vn 0.8875 0.3318 0.3197
vn 0.9983 0.0103 -0.0569
vn 0.5592 0.7189 0.4129
vn 0.8096 0.5253 0.2618
vn 0.8635 -0.5043 -0.0088
vn 0.8412 -0.3114 -0.4420
vn 0.4623 -0.5991 -0.6537
vn 0.4551 -0.7707 -0.4460
vn 0.8520 -0.2390 -0.4658
vn 0.4658 -0.4096 -0.7844
vn 0.8432 -0.1692 -0.5102
vn 0.4544 -0.2891 -0.8426
vn 0.8212 -0.0950 -0.5628
vn 0.4232 -0.2326 -0.8757
vn 0.9623 0.2204 -0.1592
vn 0.7899 0.0258 -0.6127
vn 0.4025 -0.1760 -0.8983
vn -0.0976 -0.3083 -0.9463
vn -0.0879 -0.3289 -0.9403
vn -0.0915 -0.3329 -0.9385
vn 0.7442 0.1485 -0.6512
vn 0.3808 -0.1145 -0.9175
vn -0.0845 -0.3495 -0.9331
vn 0.3418 -0.0540 -0.9382
vn -0.0784 -0.3645 -0.9279
vn 0.6702 0.2689 -0.6918
vn 0.9052 0.3704 -0.2085
vn 0.8158 0.5178 -0.2578
vn 0.8709 0.3569 0.3378
vn 0.8193 0.4941 0.2908
vn 0.7385 0.6275 0.2466
vn 0.5404 0.3965 0.7421
vn 0.5089 0.4839 0.7119
vn 0.4580 0.5661 0.6854
vn 0.0642 0.3252 0.9434
vn 0.0607 0.3389 0.9389
vn 0.0527 0.3474 0.9362
vn -0.4245 0.1630 0.8907
vn -0.3989 0.0995 0.9116
vn -0.3616 0.0339 0.9317
vn -0.7958 -0.0437 0.6039
vn -0.7468 -0.1658 0.6441
vn -0.6736 -0.2855 0.6817
vn -0.9577 -0.2380 0.1616
vn -0.8980 -0.3860 0.2114
vn -0.8088 -0.5281 0.2585
vn -0.8714 -0.3691 -0.3232
vn -0.8175 -0.5052 -0.2765
vn -0.7373 -0.6348 -0.2313
vn -0.5568 -0.4036 -0.7260
vn -0.5226 -0.4924 -0.6960
vn -0.4731 -0.5766 -0.6661
vn -0.0667 -0.3786 -0.9231
vn -0.3993 -0.6580 -0.6385
vn -0.6222 -0.7597 -0.1890
vn -0.3104 -0.7222 -0.6181
vn -0.4856 -0.8601 -0.1563
vn -0.0511 -0.3884 -0.9201
vn 0.2859 0.0058 -0.9583
vn 0.2206 0.0546 -0.9738
vn 0.5598 0.3885 -0.7319
vn 0.4292 0.4836 -0.7629
vn 0.6811 0.6647 -0.3070
vn 0.5207 0.7806 -0.3457
vn 0.6172 0.7603 0.2025
vn 0.4727 0.8652 0.1670
vn 0.3833 0.6473 0.6588
vn 0.2953 0.7123 0.6367
vn 0.0437 0.3561 0.9334
vn 0.0344 0.3645 0.9306
vn -0.3050 -0.0288 0.9519
vn -0.2365 -0.0771 0.9686
vn -0.5681 -0.4002 0.7191
vn -0.4428 -0.4909 0.7503
vn -0.6823 -0.6648 0.3041
vn -0.5330 -0.7744 0.3410
vn -0.3500 -0.9268 -0.1361
vn -0.3847 -0.8475 0.3658
vn -0.3185 -0.5497 0.7722
vn -0.2583 -0.8882 0.3800
vn -0.2132 -0.5809 0.7855
vn -0.2346 -0.9638 -0.1263
vn -0.2223 -0.7633 -0.6066
vn -0.1481 -0.7845 -0.6022
vn -0.0355 -0.3929 -0.9189
vn -0.0229 -0.3935 -0.9190
vn 0.1577 0.0868 -0.9837
vn 0.1052 0.1048 -0.9889
vn 0.3044 0.5435 -0.7822
vn 0.2021 0.5752 -0.7926
vn 0.3685 0.8529 -0.3698
vn 0.2444 0.8910 -0.3825
vn 0.3351 0.9310 0.1446
vn 0.2224 0.9658 0.1330
vn 0.2105 0.7542 0.6220
vn 0.1402 0.7768 0.6139
vn 0.0256 0.3717 0.9280
vn 0.0178 0.3770 0.9260
vn -0.1687 -0.1064 0.9799
vn -0.1120 -0.1202 0.9864
vn -0.1329 -0.5947 0.7929
vn -0.0694 -0.1249 0.9897
vn 0.0115 0.3806 0.9247
vn -0.0388 -0.1259 0.9913
vn 0.0067 0.3826 0.9239
vn -0.0746 -0.5999 0.7966
vn -0.1614 -0.9078 0.3870
vn -0.0907 -0.9162 0.3902
vn -0.1465 -0.9816 -0.1228
vn -0.0823 -0.9891 -0.1220
vn -0.0920 -0.7935 -0.6016
vn -0.0516 -0.7967 -0.6021
vn -0.0139 -0.3925 -0.9196
vn -0.0076 -0.3914 -0.9202
vn 0.0659 0.1136 -0.9913
vn 0.0372 0.1174 -0.9924
vn 0.1263 0.5898 -0.7976
vn 0.0712 0.5959 -0.7999
vn 0.1527 0.9087 -0.3885
vn 0.0863 0.9163 -0.3911
vn 0.1390 0.9820 0.1279
vn 0.0784 0.9889 0.1259
vn 0.0877 0.7875 0.6100
vn 0.0495 0.7921 0.6084
vn 0.0025 0.3830 0.9238
vn 0.0177 0.7935 0.6083
vn 0.0280 0.9917 0.1255
vn 0.0022 0.7957 0.6057
vn 0.0035 0.9923 0.1238
vn 0.0003 0.3866 0.9223
vn -0.0138 -0.1266 0.9919
vn -0.0018 -0.1232 0.9924
vn -0.0268 -0.6020 0.7980
vn -0.0034 -0.6006 0.7996
vn -0.0327 -0.9196 0.3915
vn -0.0042 -0.9200 0.3920
vn -0.0296 -0.9921 -0.1217
vn -0.0038 -0.9924 -0.1233
vn -0.0184 -0.7981 -0.6023
vn -0.0024 -0.7964 -0.6048
vn -0.0026 -0.3913 -0.9202
vn -0.0004 -0.3878 -0.9217
vn 0.0133 0.1184 -0.9929
vn 0.0016 0.1220 -0.9925
vn 0.0254 0.5980 -0.8011
vn 0.0031 0.6000 -0.8000
vn 0.0307 0.9194 -0.3922
vn 0.0038 0.9199 -0.3921
vn -0.9049 -0.2161 -0.3666
vn -0.5846 -0.3008 -0.7535
vn -0.5977 -0.2698 -0.7550
vn -0.9163 -0.1410 -0.3748
vn -0.9914 -0.0779 0.1055
vn -0.9967 0.0163 0.0794
vn -0.9215 -0.1877 -0.3400
vn -0.9959 0.0376 0.0823
vn -0.9955 0.0577 0.0746
vn -0.9187 -0.2763 -0.2821
vn -0.5969 -0.5515 -0.5827
vn -0.6055 -0.3756 -0.7017
vn -0.0824 -0.6787 -0.7298
vn -0.0865 -0.4647 -0.8812
vn -0.0767 -0.8662 -0.4937
vn -0.5832 -0.7075 -0.3992
vn -0.0728 -0.9630 -0.2594
vn -0.9132 -0.3566 -0.1971
vn -0.0708 -0.9904 -0.1189
vn -0.9956 0.0773 0.0528
vn -0.0738 -0.9969 -0.0258
vn 0.0724 0.9967 -0.0377
vn -0.0042 -0.9200 -0.3920
vn -0.0038 -0.9924 0.1233
vn -0.0034 -0.6006 -0.7995
vn -0.0017 -0.1232 -0.9924
vn 0.0003 0.3866 -0.9223
vn 0.2347 -0.4156 0.8787
vn 0.2325 -0.4157 0.8793
vn -0.2325 -0.4156 0.8793
vn -0.2347 -0.4156 0.8787
vn 0.6405 -0.4101 0.6492
vn 0.6440 -0.4100 0.6459
vn 0.1766 0.7163 0.6750
vn -0.1840 0.7051 0.6848
vn -0.1426 0.8328 0.5349
vn 0.1430 0.8315 0.5368
vn 0.4794 0.7303 0.4867
vn 0.3912 0.8320 0.3934
vn 0.2420 0.3105 0.9192
vn -0.2418 0.2218 0.9446
vn 0.6451 0.3856 0.6596
vn 0.3584 -0.2140 0.9087
vn -0.0854 -0.4076 0.9092
vn 0.7470 -0.0645 0.6616
vn -0.6854 0.1424 0.7141
vn -0.4556 -0.5974 0.6600
vn -0.5016 0.7026 0.5047
vn -0.9590 0.0928 0.2678
vn -0.6585 -0.7137 0.2389
vn -0.6838 0.7059 0.1847
vn -0.3875 0.8355 0.3895
vn -0.5272 0.8378 0.1420
vn -0.8827 -0.4043 0.2397
vn -0.8833 -0.4042 0.2374
vn -0.6440 -0.4100 0.6459
vn -0.6406 -0.4101 0.6492
vn -0.8826 -0.4043 -0.2397
vn -0.8833 -0.4043 -0.2373
vn 0.8827 -0.4042 0.2397
vn 0.8833 -0.4042 0.2374
vn 0.8834 -0.4042 -0.2373
vn 0.8827 -0.4042 -0.2398
vn 0.6496 0.7395 0.1765
vn 0.5343 0.8329 0.1440
vn 0.6496 0.7395 -0.1765
vn 0.5343 0.8330 -0.1440
vn 0.4794 0.7303 -0.4867
vn 0.3911 0.8320 -0.3934
vn 0.6440 -0.4100 -0.6459
vn 0.6406 -0.4101 -0.6492
vn 0.1766 0.7163 -0.6750
vn 0.1430 0.8315 -0.5368
vn 0.2347 -0.4158 -0.8787
vn 0.2325 -0.4158 -0.8792
vn -0.1840 0.7051 -0.6848
vn -0.1426 0.8328 -0.5348
vn -0.2347 -0.4158 -0.8787
vn -0.2325 -0.4158 -0.8793
vn -0.5016 0.7026 -0.5047
vn -0.3875 0.8355 -0.3895
vn -0.6439 -0.4100 -0.6459
vn -0.6406 -0.4101 -0.6492
vn -0.6838 0.7059 -0.1847
vn -0.5272 0.8378 -0.1420
vn -0.9590 0.0927 -0.2678
vn -0.6853 0.1424 -0.7142
vn -0.6585 -0.7137 -0.2389
vn -0.4556 -0.5974 -0.6600
vn -0.2418 0.2217 -0.9447
vn -0.0853 -0.4076 -0.9092
vn 0.2420 0.3105 -0.9193
vn 0.3584 -0.2139 -0.9087
vn 0.6451 0.3856 -0.6597
vn 0.7470 -0.0645 -0.6617
vn 0.8716 0.4282 -0.2388
vn 0.9704 0.0153 -0.2410
vn 0.8716 0.4282 0.2387
vn 0.9704 0.0153 0.2410
vn 0.8147 -0.5635 -0.1368
vn 0.8147 -0.5635 0.1368
vn 0.6900 -0.6201 0.3735
vn 0.6139 -0.7870 -0.0606
vn 0.6139 -0.7870 0.0606
vn 0.5574 -0.8140 0.1634
vn 0.6492 0.2827 0.7061
vn 0.8768 0.4070 0.2562
vn 0.8741 0.4076 0.2642
vn 0.6385 0.2900 0.7129
vn 0.8697 0.4174 -0.2636
vn 0.8732 0.4125 -0.2595
vn 0.8845 0.3933 -0.2510
vn 0.8643 0.4239 0.2707
vn 0.6110 0.3412 0.7143
vn 0.2005 0.1702 0.9648
vn 0.2362 0.0944 0.9671
vn 0.2511 0.0793 0.9647
vn -0.2591 -0.0444 0.9648
vn -0.2247 -0.1268 0.9661
vn -0.2109 -0.1489 0.9661
vn 0.4631 -0.8592 0.2173
vn 0.4745 -0.7216 0.5041
vn 0.3607 -0.9088 0.2096
vn 0.2376 -0.8411 0.4860
vn 0.2786 -0.9489 0.1480
vn 0.0588 -0.9405 0.3346
vn -0.6165 -0.3423 0.7091
vn -0.6274 -0.3177 0.7109
vn 0.2343 -0.9707 0.0530
vn -0.0257 -0.9929 0.1162
vn -0.8559 -0.4484 0.2578
vn -0.8650 -0.4273 0.2632
vn -0.6539 -0.2492 0.7144
vn -0.8800 -0.3903 0.2708
vn -0.8695 -0.4255 -0.2510
vn -0.8682 -0.4236 -0.2586
vn -0.8598 -0.4362 -0.2654
vn -0.6216 -0.3431 -0.7042
vn -0.6352 -0.3071 -0.7087
vn -0.6281 -0.3097 -0.7138
vn 0.2343 -0.9707 -0.0530
vn -0.0257 -0.9929 -0.1162
vn 0.2786 -0.9489 -0.1480
vn 0.0588 -0.9405 -0.3346
vn 0.3607 -0.9088 -0.2096
vn 0.2376 -0.8410 -0.4860
vn -0.2291 -0.1059 -0.9676
vn -0.2333 -0.1114 -0.9660
vn 0.4631 -0.8592 -0.2173
vn 0.4745 -0.7216 -0.5042
vn 0.2298 0.1206 -0.9657
vn 0.2298 0.1110 -0.9669
vn -0.2071 -0.1681 -0.9638
vn 0.2617 0.0508 -0.9638
vn 0.6621 0.2561 -0.7043
vn 0.6352 0.3029 -0.7105
vn 0.6313 0.3118 -0.7101
vn 0.5575 -0.8140 -0.1634
vn 0.6899 -0.6201 -0.3735
vn 0.6895 0.1901 -0.6989
vn 0.8944 0.3693 -0.2524
vn 0.3010 -0.0376 -0.9529
vn 0.3372 -0.1161 -0.9342
vn 0.7166 0.1319 -0.6849
vn 0.9046 0.3485 -0.2456
vn 0.8412 0.4732 0.2618
vn 0.8532 0.4497 0.2643
vn 0.5487 0.4709 0.6908
vn 0.5802 0.4094 0.7041
vn 0.1172 0.3460 0.9309
vn 0.1579 0.2621 0.9520
vn -0.3402 0.1325 0.9310
vn -0.3022 0.0474 0.9521
vn -0.7132 -0.1181 0.6910
vn -0.6863 -0.1818 0.7042
vn -0.9029 -0.3409 0.2618
vn -0.8926 -0.3652 0.2643
vn -0.8481 -0.4696 -0.2455
vn -0.8575 -0.4484 -0.2524
vn -0.5615 -0.4647 -0.6847
vn -0.5886 -0.4065 -0.6988
vn -0.1279 -0.3332 -0.9341
vn -0.1647 -0.2550 -0.9528
vn -0.0783 -0.4395 -0.8948
vn 0.3867 -0.2225 -0.8950
vn -0.5252 -0.5433 -0.6550
vn -0.4806 -0.6419 -0.5975
vn -0.0159 -0.5747 -0.8182
vn 0.4501 -0.3573 -0.8184
vn 0.8005 -0.0440 -0.5977
vn 0.7536 0.0535 -0.6552
vn 0.9344 0.2878 -0.2100
vn 0.9181 0.3210 -0.2326
vn 0.8058 0.5439 0.2342
vn 0.8250 0.5050 0.2534
vn 0.4591 0.6509 0.6047
vn 0.5072 0.5529 0.6611
vn 0.0016 0.5874 0.8093
vn 0.0639 0.4567 0.8873
vn -0.4507 0.3764 0.8094
vn -0.3906 0.2446 0.8875
vn -0.7935 0.0664 0.6049
vn -0.7494 -0.0336 0.6613
vn -0.9344 -0.2683 0.2343
vn -0.9170 -0.3081 0.2535
vn -0.8207 -0.5314 -0.2099
vn -0.8357 -0.4976 -0.2325
vn -0.8048 -0.5666 -0.1766
vn -0.4334 -0.7464 -0.5051
vn -0.9529 -0.2277 0.2005
vn -0.9683 -0.1955 0.1554
vn -0.7906 -0.5970 -0.1362
vn -0.3929 -0.8343 -0.3867
vn 0.1076 -0.8426 -0.5276
vn 0.0510 -0.7201 -0.6920
vn 0.5759 -0.6243 -0.5278
vn 0.5185 -0.5020 -0.6922
vn 0.8916 -0.2352 -0.3869
vn 0.8502 -0.1475 -0.5054
vn 0.9653 0.2226 -0.1363
vn 0.9512 0.2530 -0.1767
vn 0.7718 0.6166 0.1553
vn 0.7865 0.5841 0.2004
vn 0.3733 0.8360 0.4022
vn 0.4113 0.7516 0.5156
vn -0.1129 0.8341 0.5400
vn -0.0611 0.7213 0.6899
vn -0.5660 0.6228 0.5402
vn -0.5129 0.5106 0.6901
vn -0.8803 0.2513 0.4024
vn -0.8400 0.1679 0.5159
vn -0.6083 0.7130 0.3488
vn -0.9118 0.3195 0.2581
vn -0.9811 -0.1661 0.0990
vn -0.7829 -0.6165 -0.0836
vn -0.9293 0.3540 0.1050
vn -0.9869 -0.1571 0.0379
vn -0.7724 -0.6341 -0.0346
vn -0.3433 -0.9348 -0.0906
vn -0.3659 -0.9003 -0.2359
vn 0.1724 -0.9778 -0.1193
vn 0.1490 -0.9358 -0.3194
vn 0.6378 -0.7609 -0.1193
vn 0.6206 -0.7161 -0.3195
vn 0.9368 -0.3379 -0.0907
vn 0.9248 -0.2983 -0.2361
vn 0.9822 0.1847 -0.0346
vn 0.9754 0.2041 -0.0837
vn 0.7543 0.6554 0.0379
vn 0.7575 0.6453 0.0989
vn 0.3262 0.9394 0.1049
vn 0.3414 0.9039 0.2579
vn -0.1771 0.9735 0.1446
vn -0.1547 0.9244 0.3487
vn -0.6314 0.7618 0.1447
vn -0.1797 0.9834 0.0270
vn -0.6373 0.7701 0.0270
vn -0.9346 0.3551 0.0193
vn -0.6373 0.7701 -0.0270
vn -0.9346 0.3551 -0.0193
vn -0.1797 0.9834 -0.0270
vn -0.6314 0.7618 -0.1447
vn -0.9293 0.3540 -0.1050
vn -0.1771 0.9735 -0.1446
vn -0.1547 0.9244 -0.3487
vn -0.6083 0.7130 -0.3488
vn -0.9118 0.3195 -0.2581
vn -0.9811 -0.1661 -0.0990
vn -0.9869 -0.1571 -0.0379
vn -0.9864 -0.1645 -0.0066
vn -0.8803 0.2513 -0.4024
vn -0.5660 0.6228 -0.5402
vn -0.9683 -0.1955 -0.1554
vn -0.7829 -0.6165 0.0836
vn -0.7724 -0.6341 0.0346
vn -0.7906 -0.5970 0.1362
vn -0.3659 -0.9003 0.2359
vn -0.3433 -0.9348 0.0906
vn -0.3929 -0.8343 0.3867
vn 0.1490 -0.9358 0.3193
vn 0.1724 -0.9778 0.1193
vn 0.1076 -0.8426 0.5276
vn 0.6206 -0.7161 0.3195
vn 0.6378 -0.7609 0.1193
vn 0.5759 -0.6243 0.5278
vn 0.9248 -0.2983 0.2361
vn 0.9368 -0.3379 0.0907
vn 0.8916 -0.2352 0.3869
vn 0.9754 0.2041 0.0837
vn 0.9822 0.1847 0.0346
vn 0.9653 0.2226 0.1363
vn 0.7575 0.6453 -0.0989
vn 0.7543 0.6554 -0.0379
vn 0.7718 0.6166 -0.1553
vn 0.3414 0.9038 -0.2579
vn 0.3263 0.9394 -0.1049
vn 0.3733 0.8360 -0.4022
vn -0.1128 0.8341 -0.5400
vn -0.0611 0.7213 -0.6899
vn -0.5129 0.5106 -0.6901
vn 0.4113 0.7516 -0.5156
vn 0.0016 0.5874 -0.8093
vn 0.4591 0.6509 -0.6046
vn -0.4507 0.3764 -0.8094
vn -0.8401 0.1679 -0.5159
vn -0.7935 0.0664 -0.6049
vn -0.9529 -0.2277 -0.2005
vn -0.9344 -0.2683 -0.2343
vn -0.8048 -0.5666 0.1766
vn -0.8207 -0.5315 0.2099
vn -0.4334 -0.7464 0.5051
vn -0.4806 -0.6419 0.5975
vn 0.0510 -0.7201 0.6920
vn -0.0159 -0.5747 0.8182
vn 0.5184 -0.5020 0.6922
vn 0.4501 -0.3573 0.8184
vn 0.8502 -0.1475 0.5054
vn 0.8005 -0.0441 0.5978
vn 0.9512 0.2530 0.1767
vn 0.9344 0.2878 0.2100
vn 0.7865 0.5841 -0.2005
vn 0.8058 0.5439 -0.2342
vn 0.8250 0.5050 -0.2534
vn 0.5072 0.5529 -0.6611
vn 0.9181 0.3210 0.2326
vn 0.8412 0.4732 -0.2618
vn 0.9045 0.3485 0.2456
vn 0.5487 0.4709 -0.6908
vn 0.0639 0.4567 -0.8873
vn 0.1172 0.3460 -0.9309
vn -0.3906 0.2446 -0.8875
vn -0.3402 0.1325 -0.9310
vn -0.7494 -0.0336 -0.6613
vn -0.7132 -0.1181 -0.6910
vn -0.9170 -0.3081 -0.2535
vn -0.9029 -0.3409 -0.2619
vn -0.8357 -0.4976 0.2326
vn -0.8481 -0.4696 0.2455
vn -0.5251 -0.5433 0.6550
vn -0.5615 -0.4647 0.6847
vn -0.0783 -0.4395 0.8948
vn -0.1279 -0.3332 0.9341
vn 0.3867 -0.2225 0.8950
vn 0.3372 -0.1161 0.9342
vn 0.7536 0.0535 0.6552
vn 0.7166 0.1319 0.6849
vn 0.6895 0.1901 0.6989
vn 0.8944 0.3693 0.2524
vn 0.3010 -0.0376 0.9529
vn 0.6702 0.2315 0.7052
vn 0.2752 0.0183 0.9612
vn 0.8870 0.3843 0.2560
vn 0.8532 0.4497 -0.2643
vn 0.8615 0.4335 -0.2643
vn 0.5802 0.4094 -0.7041
vn 0.6026 0.3660 -0.7092
vn 0.1579 0.2621 -0.9520
vn 0.1869 0.2026 -0.9613
vn -0.3022 0.0474 -0.9521
vn -0.2752 -0.0131 -0.9613
vn -0.6863 -0.1818 -0.7042
vn -0.6674 -0.2269 -0.7093
vn -0.8926 -0.3652 -0.2643
vn -0.8855 -0.3820 -0.2643
vn -0.8575 -0.4484 0.2524
vn -0.8642 -0.4332 0.2559
vn -0.5886 -0.4065 0.6988
vn -0.6079 -0.3651 0.7051
vn -0.1647 -0.2550 0.9528
vn -0.1908 -0.1992 0.9612
vn -0.2181 -0.1429 0.9654
vn 0.2496 0.0754 0.9654
vn -0.6289 -0.3240 0.7068
vn -0.2346 -0.1092 0.9659
vn 0.2290 0.1133 0.9668
vn -0.6362 -0.3055 0.7085
vn 0.6521 0.2740 0.7068
vn 0.6346 0.3047 0.7102
vn 0.8805 0.3998 0.2549
vn 0.8729 0.4131 0.2596
vn 0.8687 0.4171 -0.2670
vn 0.8746 0.4071 -0.2634
vn 0.6226 0.3223 -0.7131
vn 0.6399 0.2886 -0.7122
vn 0.2144 0.1434 -0.9662
vn 0.2377 0.0923 -0.9669
vn -0.2475 -0.0723 -0.9662
vn -0.2240 -0.1293 -0.9660
vn -0.6468 -0.2703 -0.7132
vn -0.6272 -0.3196 -0.7103
vn -0.8776 -0.3981 -0.2670
vn -0.8649 -0.4280 -0.2624
vn -0.8718 -0.4182 0.2549
vn -0.8684 -0.4229 0.2587
vn -0.8599 -0.4361 0.2654
vn -0.8559 -0.4483 -0.2578
vn -0.6282 -0.3096 0.7138
vn 0.0587 -0.9405 0.3346
vn 0.2785 -0.9489 0.1481
vn 0.2375 -0.8410 0.4860
vn -0.2292 -0.1058 0.9676
vn 0.2298 0.1206 0.9657
vn 0.6900 -0.6201 0.3734
vn 0.6313 0.3119 0.7101
vn 0.6139 -0.7871 0.0606
vn 0.8696 0.4175 0.2636
vn 0.6139 -0.7871 -0.0606
vn 0.8768 0.4070 -0.2562
vn 0.6492 0.2827 -0.7061
vn 0.6900 -0.6201 -0.3734
vn 0.5574 -0.8140 -0.1634
vn 0.9704 0.0152 0.2410
vn 0.9704 0.0152 -0.2410
vn 0.7471 -0.0645 -0.6616
vn 0.6452 0.3855 -0.6597
vn 0.8716 0.4281 -0.2387
vn 0.8716 0.4281 0.2387
vn 0.3584 -0.2140 -0.9087
vn 0.4745 -0.7216 -0.5041
vn -0.2417 0.2217 -0.9447
vn -0.0853 -0.4077 -0.9091
vn 0.2375 -0.8410 -0.4860
vn 0.2511 0.0793 -0.9647
vn -0.2109 -0.1488 -0.9661
vn 0.0587 -0.9405 -0.3346
vn 0.2785 -0.9489 -0.1481
vn -0.6165 -0.3422 -0.7091
vn -0.4556 -0.5975 -0.6599
vn -0.9590 0.0928 -0.2678
vn -0.6853 0.1424 0.7142
vn -0.4556 -0.5974 0.6599
vn -0.2417 0.2217 0.9447
vn 0.2420 0.3105 0.9193
vn 0.6452 0.3855 0.6596
vn 0.7471 -0.0645 0.6616
vn 0.1766 0.7163 0.6751
vn 0.4793 0.7303 0.4867
vn 0.1429 0.8315 0.5368
vn 0.3911 0.8320 0.3934
vn 0.5343 0.8330 0.1440
vn 0.8826 -0.4044 0.2397
vn 0.6405 -0.4102 0.6492
vn 0.6440 -0.4101 0.6459
vn 0.8832 -0.4044 0.2374
vn -0.2325 -0.4157 0.8793
vn -0.3875 0.8355 0.3896
vn -0.6405 -0.4102 0.6492
vn -0.6440 -0.4101 0.6459
vn -0.6838 0.7059 0.1846
vn -0.8826 -0.4044 0.2397
vn -0.8832 -0.4044 0.2374
vn -0.8826 -0.4044 -0.2397
vn -0.8833 -0.4044 -0.2374
vn -0.3875 0.8355 -0.3896
vn -0.2325 -0.4158 -0.8792
vn 0.1430 0.8315 -0.5367
vn 0.6439 -0.4101 -0.6459
vn 0.8826 -0.4044 -0.2397
vn 0.8833 -0.4044 -0.2374
vn 0.3288 0.9442 -0.0193
vn 0.7596 0.6503 -0.0066
vn 0.3288 0.9442 0.0193
vn 0.7596 0.6503 0.0066
vn 0.9850 0.1722 -0.0065
vn 0.9850 0.1722 0.0065
vn 0.9366 -0.3501 -0.0160
vn 0.9366 -0.3501 0.0160
vn 0.6388 -0.7691 0.0207
vn 0.6388 -0.7691 -0.0207
vn 0.1779 -0.9838 0.0207
vn 0.1779 -0.9838 -0.0207
vn -0.3339 -0.9425 -0.0160
vn -0.3339 -0.9425 0.0160
vn -0.7647 -0.6443 -0.0064
vn -0.7647 -0.6443 0.0064
vn -0.9864 -0.1645 0.0066
vn 0.2347 -0.4158 -0.8786
vn -0.6406 -0.4100 -0.6492
vn -0.6440 -0.4099 -0.6459
vn -0.1766 0.7163 -0.6750
vn 0.1840 0.7051 -0.6848
vn 0.1426 0.8328 -0.5348
vn -0.1429 0.8315 -0.5368
vn -0.4794 0.7303 -0.4867
vn -0.3912 0.8320 -0.3934
vn -0.2420 0.3105 -0.9193
vn 0.2417 0.2217 -0.9447
vn -0.6451 0.3855 -0.6597
vn -0.3585 -0.2140 -0.9087
vn 0.0853 -0.4076 -0.9092
vn -0.7470 -0.0646 -0.6617
vn 0.6853 0.1424 -0.7142
vn 0.4556 -0.5974 -0.6600
vn 0.5016 0.7026 -0.5047
vn 0.9590 0.0928 -0.2678
vn 0.6585 -0.7137 -0.2389
vn 0.6839 0.7059 -0.1847
vn 0.3875 0.8355 -0.3896
vn 0.5270 0.8379 -0.1419
vn 0.8827 -0.4042 -0.2397
vn 0.8833 -0.4042 -0.2374
vn 0.8827 -0.4043 0.2397
vn -0.8827 -0.4042 -0.2397
vn -0.8834 -0.4041 -0.2374
vn -0.8834 -0.4042 0.2374
vn -0.8827 -0.4042 0.2397
vn -0.6496 0.7395 -0.1765
vn -0.5343 0.8329 -0.1440
vn -0.6496 0.7395 0.1765
vn -0.5343 0.8329 0.1440
vn -0.4794 0.7303 0.4867
vn -0.3912 0.8320 0.3934
vn -0.1766 0.7163 0.6750
vn -0.1430 0.8315 0.5368
vn 0.1840 0.7051 0.6848
vn 0.1426 0.8328 0.5349
vn 0.5016 0.7026 0.5047
vn 0.3875 0.8355 0.3896
vn 0.6439 -0.4101 0.6459
vn 0.6406 -0.4102 0.6492
vn 0.6839 0.7059 0.1847
vn 0.5273 0.8377 0.1420
vn 0.9590 0.0928 0.2678
vn 0.6854 0.1425 0.7141
vn 0.6585 -0.7137 0.2389
vn 0.4556 -0.5974 0.6600
vn 0.2417 0.2218 0.9447
vn 0.0854 -0.4076 0.9092
vn -0.2420 0.3105 0.9192
vn -0.3585 -0.2140 0.9087
vn -0.6451 0.3855 0.6597
vn -0.7470 -0.0646 0.6616
vn -0.8716 0.4281 0.2388
vn -0.9704 0.0152 0.2410
vn -0.8716 0.4281 -0.2388
vn -0.9704 0.0152 -0.2410
vn -0.8147 -0.5634 0.1368
vn -0.8147 -0.5634 -0.1368
vn -0.6900 -0.6200 -0.3735
vn -0.6140 -0.7870 0.0606
vn -0.6140 -0.7870 -0.0606
vn -0.5575 -0.8139 -0.1635
vn -0.6494 0.2824 -0.7061
vn -0.8768 0.4068 -0.2562
vn -0.8746 0.4070 -0.2634
vn -0.6400 0.2885 -0.7122
vn -0.8697 0.4173 0.2636
vn -0.8729 0.4130 0.2596
vn -0.8805 0.3997 0.2549
vn -0.8688 0.4171 -0.2670
vn -0.6226 0.3223 -0.7131
vn -0.2144 0.1434 -0.9662
vn -0.2378 0.0922 -0.9669
vn -0.2512 0.0790 -0.9647
vn 0.2476 -0.0723 -0.9662
vn 0.2240 -0.1294 -0.9660
vn 0.2109 -0.1490 -0.9661
vn -0.4631 -0.8592 -0.2174
vn -0.4745 -0.7216 -0.5042
vn -0.3607 -0.9088 -0.2097
vn -0.2376 -0.8410 -0.4860
vn -0.2786 -0.9489 -0.1480
vn -0.0588 -0.9405 -0.3346
vn 0.6165 -0.3423 -0.7091
vn 0.6272 -0.3197 -0.7102
vn -0.2343 -0.9707 -0.0530
vn 0.0257 -0.9929 -0.1162
vn 0.8559 -0.4484 -0.2578
vn 0.8648 -0.4280 -0.2624
vn 0.6468 -0.2703 -0.7131
vn 0.8776 -0.3981 -0.2670
vn 0.8718 -0.4182 0.2549
vn 0.8684 -0.4230 0.2587
vn 0.8598 -0.4363 0.2654
vn 0.6288 -0.3240 0.7068
vn 0.6362 -0.3056 0.7085
vn 0.6281 -0.3097 0.7138
vn -0.2343 -0.9707 0.0530
vn 0.0257 -0.9929 0.1162
vn -0.2786 -0.9489 0.1480
vn -0.0588 -0.9405 0.3346
vn -0.3607 -0.9088 0.2096
vn -0.2375 -0.8410 0.4860
vn 0.2291 -0.1058 0.9676
vn 0.2345 -0.1092 0.9659
vn -0.4631 -0.8592 0.2174
vn -0.4745 -0.7216 0.5042
vn -0.2298 0.1206 0.9657
vn -0.2290 0.1133 0.9668
vn 0.2181 -0.1429 0.9654
vn -0.2496 0.0754 0.9654
vn -0.6522 0.2740 0.7068
vn -0.6346 0.3047 0.7102
vn -0.6313 0.3118 0.7101
vn -0.5575 -0.8139 0.1634
vn -0.6900 -0.6200 0.3735
vn -0.2752 0.0183 0.9612
vn -0.6702 0.2315 0.7052
vn -0.8870 0.3843 0.2560
vn -0.8615 0.4335 -0.2643
vn -0.8944 0.3693 0.2524
vn -0.8532 0.4497 -0.2643
vn -0.6895 0.1901 0.6989
vn -0.7166 0.1319 0.6849
vn -0.9046 0.3485 0.2456
vn -0.8412 0.4732 -0.2618
vn -0.5487 0.4709 -0.6908
vn -0.5802 0.4094 -0.7041
vn -0.6026 0.3660 -0.7092
vn -0.1172 0.3460 -0.9309
vn -0.1579 0.2621 -0.9520
vn -0.1869 0.2026 -0.9613
vn 0.3402 0.1325 -0.9310
vn 0.3021 0.0474 -0.9521
vn 0.2752 -0.0131 -0.9613
vn 0.7132 -0.1181 -0.6910
vn 0.6863 -0.1818 -0.7042
vn 0.6675 -0.2269 -0.7092
vn 0.9029 -0.3409 -0.2618
vn 0.8926 -0.3652 -0.2643
vn 0.8855 -0.3820 -0.2643
vn 0.8481 -0.4696 0.2455
vn 0.8575 -0.4484 0.2524
vn 0.8642 -0.4332 0.2560
vn 0.5615 -0.4647 0.6847
vn 0.5886 -0.4065 0.6988
vn 0.6079 -0.3651 0.7051
vn 0.1279 -0.3332 0.9341
vn 0.1647 -0.2550 0.9528
vn 0.1908 -0.1992 0.9612
vn -0.3372 -0.1161 0.9342
vn -0.3010 -0.0376 0.9529
vn -0.3867 -0.2225 0.8950
vn -0.7536 0.0535 0.6552
vn 0.0783 -0.4395 0.8948
vn 0.0159 -0.5747 0.8182
vn -0.4501 -0.3573 0.8184
vn -0.8005 -0.0441 0.5977
vn -0.9344 0.2877 0.2100
vn -0.9181 0.3210 0.2326
vn -0.8058 0.5439 -0.2342
vn -0.8251 0.5050 -0.2534
vn -0.4591 0.6509 -0.6046
vn -0.5072 0.5529 -0.6611
vn -0.0016 0.5874 -0.8093
vn -0.0639 0.4567 -0.8873
vn 0.4507 0.3764 -0.8094
vn 0.3906 0.2446 -0.8875
vn 0.7935 0.0664 -0.6049
vn 0.7494 -0.0336 -0.6613
vn 0.9344 -0.2683 -0.2343
vn 0.9170 -0.3081 -0.2535
vn 0.8207 -0.5315 0.2099
vn 0.8357 -0.4976 0.2326
vn 0.4806 -0.6419 0.5975
vn 0.5251 -0.5433 0.6550
vn 0.4334 -0.7464 0.5051
vn -0.0510 -0.7201 0.6920
vn 0.8048 -0.5666 0.1766
vn 0.7906 -0.5970 0.1362
vn 0.3929 -0.8343 0.3867
vn -0.1076 -0.8426 0.5276
vn -0.5759 -0.6243 0.5278
vn -0.5185 -0.5020 0.6922
vn -0.8916 -0.2352 0.3869
vn -0.8502 -0.1475 0.5054
vn -0.9653 0.2226 0.1363
vn -0.9512 0.2530 0.1767
vn -0.7718 0.6166 -0.1553
vn -0.7865 0.5841 -0.2004
vn -0.3733 0.8360 -0.4022
vn -0.4113 0.7516 -0.5156
vn 0.1128 0.8341 -0.5400
vn 0.0611 0.7213 -0.6899
vn 0.5660 0.6228 -0.5402
vn 0.5129 0.5106 -0.6901
vn 0.8803 0.2513 -0.4024
vn 0.8400 0.1679 -0.5159
vn 0.9683 -0.1955 -0.1554
vn 0.9529 -0.2277 -0.2005
vn 0.9811 -0.1661 -0.0989
vn 0.7829 -0.6165 0.0836
vn 0.9118 0.3195 -0.2581
vn 0.9293 0.3540 -0.1050
vn 0.9869 -0.1571 -0.0379
vn 0.7724 -0.6342 0.0346
vn 0.3433 -0.9348 0.0906
vn 0.3659 -0.9003 0.2359
vn -0.1724 -0.9778 0.1193
vn -0.1490 -0.9358 0.3194
vn -0.6378 -0.7609 0.1193
vn -0.6206 -0.7161 0.3195
vn -0.9368 -0.3379 0.0907
vn -0.9248 -0.2983 0.2360
vn -0.9822 0.1847 0.0346
vn -0.9754 0.2041 0.0837
vn -0.7543 0.6554 -0.0379
vn -0.7575 0.6453 -0.0989
vn -0.3262 0.9394 -0.1049
vn -0.3414 0.9039 -0.2579
vn 0.1771 0.9735 -0.1446
vn 0.1547 0.9244 -0.3487
vn 0.6314 0.7618 -0.1447
vn 0.6083 0.7130 -0.3488
vn 0.1797 0.9834 -0.0270
vn 0.6373 0.7701 -0.0270
vn 0.9346 0.3551 -0.0193
vn 0.6373 0.7701 0.0270
vn 0.9346 0.3551 0.0193
vn 0.1797 0.9834 0.0270
vn 0.6314 0.7618 0.1447
vn 0.9293 0.3540 0.1050
vn 0.1771 0.9735 0.1446
vn 0.1547 0.9244 0.3487
vn 0.6083 0.7130 0.3488
vn 0.9118 0.3195 0.2581
vn 0.9811 -0.1661 0.0989
vn 0.9869 -0.1571 0.0379
vn 0.9864 -0.1645 0.0066
vn 0.8803 0.2513 0.4024
vn 0.5660 0.6228 0.5402
vn 0.9683 -0.1955 0.1554
vn 0.7829 -0.6165 -0.0836
vn 0.7724 -0.6342 -0.0346
vn 0.7906 -0.5970 -0.1362
vn 0.3659 -0.9003 -0.2359
vn 0.3433 -0.9348 -0.0906
vn 0.3929 -0.8343 -0.3867
vn -0.1490 -0.9358 -0.3194
vn -0.1724 -0.9778 -0.1193
vn -0.1076 -0.8426 -0.5276
vn -0.6206 -0.7161 -0.3195
vn -0.6378 -0.7609 -0.1193
vn -0.5759 -0.6243 -0.5278
vn -0.9248 -0.2983 -0.2360
vn -0.9368 -0.3379 -0.0907
vn -0.8916 -0.2352 -0.3869
vn -0.9754 0.2041 -0.0837
vn -0.9822 0.1847 -0.0346
vn -0.9653 0.2226 -0.1363
vn -0.7575 0.6453 0.0989
vn -0.7543 0.6554 0.0379
vn -0.7718 0.6166 0.1553
vn -0.3414 0.9039 0.2579
vn -0.3262 0.9394 0.1049
vn -0.3733 0.8360 0.4022
vn 0.1129 0.8341 0.5400
vn 0.0611 0.7213 0.6899
vn 0.5129 0.5106 0.6901
vn -0.4113 0.7516 0.5156
vn -0.0016 0.5874 0.8093
vn -0.4591 0.6509 0.6046
vn 0.4507 0.3764 0.8094
vn 0.8400 0.1679 0.5159
vn 0.7935 0.0664 0.6049
vn 0.9529 -0.2277 0.2005
vn 0.9344 -0.2683 0.2343
vn 0.8048 -0.5666 -0.1766
vn 0.8207 -0.5315 -0.2099
vn 0.4334 -0.7464 -0.5051
vn 0.4806 -0.6419 -0.5975
vn -0.0510 -0.7201 -0.6920
vn 0.0159 -0.5747 -0.8182
vn -0.5184 -0.5020 -0.6922
vn -0.4501 -0.3573 -0.8184
vn -0.8502 -0.1475 -0.5054
vn -0.8005 -0.0441 -0.5977
vn -0.9512 0.2530 -0.1767
vn -0.9344 0.2878 -0.2100
vn -0.7865 0.5841 0.2004
vn -0.8058 0.5439 0.2342
vn -0.8251 0.5050 0.2534
vn -0.5072 0.5529 0.6611
vn -0.9181 0.3210 -0.2326
vn -0.8412 0.4732 0.2618
vn -0.9046 0.3485 -0.2456
vn -0.5487 0.4709 0.6908
vn -0.0639 0.4567 0.8873
vn -0.1172 0.3460 0.9309
vn 0.3907 0.2446 0.8874
vn 0.3402 0.1325 0.9310
vn 0.7494 -0.0336 0.6613
vn 0.7132 -0.1181 0.6910
vn 0.9170 -0.3081 0.2535
vn 0.9029 -0.3409 0.2618
vn 0.8357 -0.4976 -0.2326
vn 0.8481 -0.4696 -0.2455
vn 0.5252 -0.5433 -0.6550
vn 0.5615 -0.4647 -0.6847
vn 0.0783 -0.4395 -0.8948
vn 0.1279 -0.3332 -0.9341
vn -0.3867 -0.2225 -0.8950
vn -0.3372 -0.1161 -0.9342
vn -0.7536 0.0535 -0.6552
vn -0.7166 0.1319 -0.6849
vn -0.6895 0.1901 -0.6989
vn -0.8944 0.3693 -0.2524
vn -0.3010 -0.0376 -0.9529
vn -0.6702 0.2315 -0.7052
vn -0.2752 0.0183 -0.9612
vn -0.8870 0.3843 -0.2560
vn -0.8532 0.4497 0.2643
vn -0.8615 0.4335 0.2643
vn -0.5802 0.4094 0.7041
vn -0.6026 0.3660 0.7092
vn -0.1579 0.2621 0.9520
vn -0.1869 0.2026 0.9613
vn 0.3022 0.0474 0.9521
vn 0.2752 -0.0131 0.9613
vn 0.6863 -0.1818 0.7042
vn 0.6674 -0.2269 0.7093
vn 0.8926 -0.3652 0.2643
vn 0.8855 -0.3820 0.2643
vn 0.8575 -0.4484 -0.2524
vn 0.8642 -0.4332 -0.2560
vn 0.5886 -0.4065 -0.6988
vn 0.6079 -0.3651 -0.7051
vn 0.1647 -0.2550 -0.9528
vn 0.1908 -0.1993 -0.9612
vn 0.2181 -0.1430 -0.9654
vn -0.2496 0.0753 -0.9654
vn 0.6288 -0.3240 -0.7068
vn 0.2345 -0.1093 -0.9660
vn -0.2290 0.1133 -0.9668
vn 0.6362 -0.3056 -0.7085
vn -0.6522 0.2740 -0.7068
vn -0.6346 0.3046 -0.7103
vn -0.8805 0.3997 -0.2549
vn -0.8729 0.4130 -0.2596
vn -0.8688 0.4171 0.2670
vn -0.8746 0.4070 0.2634
vn -0.6226 0.3223 0.7131
vn -0.6399 0.2885 0.7122
vn -0.2144 0.1434 0.9662
vn -0.2377 0.0922 0.9669
vn 0.2475 -0.0723 0.9662
vn 0.2240 -0.1293 0.9660
vn 0.6468 -0.2703 0.7132
vn 0.6272 -0.3196 0.7103
vn 0.8776 -0.3981 0.2670
vn 0.8648 -0.4280 0.2624
vn 0.8718 -0.4182 -0.2549
vn 0.8684 -0.4230 -0.2587
vn 0.8598 -0.4362 -0.2654
vn 0.8559 -0.4484 0.2578
vn 0.6281 -0.3098 -0.7138
vn -0.2375 -0.8410 -0.4861
vn -0.3607 -0.9088 -0.2096
vn 0.2291 -0.1059 -0.9676
vn -0.2298 0.1205 -0.9657
vn -0.6900 -0.6201 -0.3735
vn -0.5575 -0.8139 -0.1634
vn -0.6313 0.3118 -0.7101
vn -0.8697 0.4173 -0.2637
vn -0.8769 0.4068 0.2562
vn -0.6493 0.2825 0.7061
vn -0.2511 0.0792 0.9647
vn 0.2109 -0.1488 0.9661
vn 0.6165 -0.3422 0.7091
vn 0.6853 0.1425 -0.7142
vn -0.3584 -0.2139 -0.9087
vn -0.8827 -0.4042 -0.2398
vn -0.6440 -0.4100 -0.6459
vn -0.8834 -0.4042 -0.2373
vn 0.6406 -0.4102 -0.6492
vn 0.5273 0.8377 -0.1421
vn 0.8827 -0.4043 -0.2398
vn 0.8833 -0.4042 -0.2373
vn -0.3288 0.9442 0.0193
vn -0.7596 0.6503 0.0066
vn -0.3288 0.9442 -0.0193
vn -0.7596 0.6503 -0.0066
vn -0.9850 0.1722 0.0065
vn -0.9850 0.1722 -0.0065
vn -0.9366 -0.3501 0.0160
vn -0.9366 -0.3501 -0.0160
vn -0.6388 -0.7691 -0.0207
vn -0.6388 -0.7691 0.0207
vn -0.1779 -0.9838 -0.0207
vn -0.1779 -0.9838 0.0207
vn 0.3339 -0.9425 0.0160
vn 0.3339 -0.9425 -0.0160
vn 0.7647 -0.6444 0.0064
vn 0.7647 -0.6444 -0.0064
vn 0.9864 -0.1645 -0.0066
vn -0.0000 -0.0000 -1.0000
vn -1.0000 -0.0000 -0.0000
vn -0.0000 0.1303 -0.9915
vn 0.7067 0.7075 -0.0000
vn 0.9659 0.2591 -0.0000
vn 0.2586 0.9660 -0.0000
vn -0.2586 0.9660 -0.0000
vn -0.7067 0.7075 -0.0000
vn -0.9659 0.2591 -0.0000
vn -0.0000 0.0868 -0.9962
vn -0.0000 0.4767 -0.8791
vn -0.9659 -0.2590 -0.0000
vn -0.7068 -0.7074 -0.0000
vn -0.2586 -0.9660 -0.0000
vn 0.2586 -0.9660 -0.0000
vn 0.7068 -0.7074 -0.0000
vn 0.9659 -0.2590 -0.0000
vn -0.0000 0.7963 -0.6050
vn -0.0000 0.9542 -0.2992
vn -0.0000 0.9973 -0.0733
vn -0.0000 0.9973 0.0733
vn -0.0000 0.9542 0.2992
vn -0.0000 0.7963 0.6050
vn -0.0000 0.4767 0.8791
vn -0.0000 0.1303 0.9915
vn -0.0000 0.0868 0.9962
vn -0.0000 -0.0000 1.0000
vn 0.7068 0.7074 -0.0000
vn -0.2078 0.9781 -0.0079
vn -0.2134 0.9758 -0.0474
vn -0.6947 0.7041 -0.1469
vn -0.6898 0.7235 -0.0258
vn -0.0861 0.9963 -0.0036
vn -0.0876 0.9959 -0.0213
vn -0.2105 0.9646 -0.1589
vn -0.6233 0.6603 -0.4189
vn -0.0881 0.9936 -0.0708
vn -0.1740 0.9381 -0.2996
vn -0.4363 0.6037 -0.6672
vn -0.0803 0.9864 -0.1434
vn -0.0332 0.9543 -0.2969
vn -0.0663 0.8457 -0.5296
vn -0.0292 0.9996 -0.0019
vn -0.0306 0.9995 -0.0119
vn -0.1522 -0.9683 -0.1980
vn -0.1816 -0.9795 -0.0874
vn -0.0768 -0.9964 -0.0357
vn -0.0641 -0.9948 -0.0789
vn -0.1976 0.9800 -0.0226
vn -0.6612 0.7460 -0.0795
vn -0.0320 0.9987 -0.0391
vn -0.0306 0.9964 -0.0791
vn 0.6952 0.7139 0.0841
vn 0.6695 0.6853 0.2866
vn 0.9192 -0.1340 0.3704
vn 0.9831 -0.1419 0.1157
vn -0.0090 0.9845 -0.1752
vn -0.1887 0.5050 -0.8423
vn 0.9888 -0.1449 -0.0356
vn 0.6901 0.7233 -0.0251
vn 0.6846 0.7289 -0.0001
vn 0.9892 -0.1467 -0.0001
vn -0.5665 -0.1067 -0.8172
vn -0.2442 -0.0773 -0.9666
vn -0.8430 -0.1274 -0.5227
vn -0.5752 -0.8177 -0.0216
vn -0.5838 -0.8021 -0.1254
vn -0.2134 -0.9758 -0.0474
vn -0.2078 -0.9781 -0.0079
vn 0.0663 0.8457 -0.5296
vn 0.1887 0.5050 -0.8423
vn 0.0332 0.9543 -0.2969
vn 0.2066 0.9784 0.0030
vn 0.2111 0.9771 0.0264
vn 0.6868 0.7268 0.0099
vn 0.0859 0.9963 0.0014
vn 0.0870 0.9961 0.0120
vn 0.0850 0.9904 0.1093
vn 0.0408 0.9744 0.2213
vn 0.0851 0.8901 0.4478
vn 0.1925 0.9528 0.2349
vn 0.2136 0.9719 0.0989
vn 0.0879 0.9951 0.0444
vn 0.5290 0.6336 0.5645
vn 0.2429 0.5442 0.8030
vn 0.0297 0.9995 -0.0056
vn 0.0313 0.9995 0.0004
vn 0.0328 0.9992 0.0235
vn 0.0335 0.9974 0.0631
vn 0.0144 0.9923 0.1228
vn 0.6846 0.7289 -0.0000
vn 0.9892 -0.1468 -0.0000
vn 0.9892 -0.1460 0.0143
vn 0.7067 -0.1188 0.6974
vn 0.0081 0.8662 0.4997
vn 0.0143 0.4687 0.8833
vn 0.0039 0.9702 0.2421
vn -0.9888 -0.1450 -0.0367
vn -0.9705 -0.1391 -0.1969
vn 0.2080 0.9781 -0.0077
vn 0.2058 0.9786 -0.0000
vn 0.0857 0.9963 -0.0000
vn 0.0289 0.9996 -0.0002
vn 0.0289 0.9996 -0.0009
vn 0.0291 0.9996 -0.0024
vn 0.2443 -0.0773 -0.9666
vn -0.9779 0.1798 0.1067
vn -0.9867 0.1628 -0.0000
vn -0.9998 -0.0178 -0.0000
vn -0.9943 -0.0196 0.1050
vn 0.0297 -0.9995 -0.0056
vn -0.0156 -0.9987 -0.0484
vn -0.0199 -0.9995 -0.0233
vn 0.0291 -0.9996 -0.0024
vn -0.0035 0.9995 -0.0318
vn -0.0194 0.9988 -0.0443
vn -0.0172 0.9998 0.0017
vn -0.0011 1.0000 0.0053
vn -0.0244 0.9928 0.1172
vn -0.0187 0.9986 0.0497
vn -0.0577 0.9971 0.0494
vn -0.0738 0.9904 0.1169
vn -0.0540 0.9985 -0.0000
vn -0.0577 0.9971 -0.0494
vn -0.0263 0.9936 -0.1101
vn -0.0738 0.9904 -0.1169
vn -0.1224 0.9913 0.0494
vn -0.1513 0.9815 0.1170
vn -0.1190 0.9929 -0.0000
vn -0.1224 0.9913 -0.0494
vn -0.1513 0.9815 -0.1170
vn -0.2436 0.9687 0.0485
vn -0.2819 0.9528 0.1127
vn -0.2463 0.9692 -0.0000
vn -0.2436 0.9687 -0.0485
vn -0.2819 0.9528 -0.1127
vn -0.4176 0.9041 -0.0907
vn -0.4222 0.9051 -0.0510
vn -0.4233 0.9060 -0.0000
vn -0.4222 0.9051 0.0510
vn -0.4176 0.9041 0.0907
vn -0.9387 0.2347 0.2525
vn -0.7910 0.5782 0.2001
vn -0.8656 0.4926 0.0901
vn -0.5769 0.8049 0.1388
vn -0.6463 0.7604 0.0645
vn -0.6463 0.7604 -0.0645
vn -0.5769 0.8049 -0.1388
vn -0.7910 0.5782 -0.2001
vn -0.8656 0.4926 -0.0900
vn -0.8810 0.4732 -0.0000
vn -0.6511 0.7590 -0.0000
vn -0.9779 0.1798 -0.1067
vn -0.9387 0.2348 -0.2525
vn -0.9669 -0.0259 0.2538
vn -0.9943 -0.0196 -0.1050
vn -0.0005 -0.9988 0.0492
vn -0.0187 -0.9986 0.0497
vn -0.0172 -0.9999 0.0017
vn -0.0011 -1.0000 0.0053
vn -0.0263 -0.9936 -0.1101
vn -0.0193 -0.9988 -0.0443
vn -0.0577 -0.9971 -0.0494
vn -0.0738 -0.9904 -0.1169
vn -0.0539 -0.9985 -0.0000
vn -0.0577 -0.9971 0.0494
vn -0.0244 -0.9928 0.1171
vn -0.0738 -0.9904 0.1169
vn -0.1224 -0.9912 -0.0494
vn -0.1513 -0.9815 -0.1170
vn -0.1190 -0.9929 -0.0000
vn -0.1224 -0.9912 0.0494
vn -0.1513 -0.9815 0.1170
vn -0.2435 -0.9687 -0.0485
vn -0.2819 -0.9528 -0.1127
vn -0.2463 -0.9692 -0.0000
vn -0.2435 -0.9687 0.0485
vn -0.2819 -0.9528 0.1127
vn -0.4175 -0.9041 0.0907
vn -0.4221 -0.9051 0.0510
vn -0.4234 -0.9060 -0.0000
vn -0.4221 -0.9051 -0.0510
vn -0.4175 -0.9041 -0.0907
vn 0.0022 0.9929 0.1189
vn 0.0017 0.9989 0.0468
vn -0.0016 0.8777 0.4792
vn -0.0723 0.8680 0.4913
vn -0.1239 0.4664 0.8759
vn -0.0028 0.4837 0.8752
vn -0.2213 0.8501 0.4778
vn -0.3620 0.4451 0.8191
vn -0.0372 0.9725 0.2298
vn -0.1141 0.9669 0.2282
vn -0.4250 0.7973 0.4286
vn -0.6205 0.3957 0.6771
vn -0.2362 0.9459 0.2226
vn -0.6377 0.6999 0.3218
vn -0.8327 0.3168 0.4542
vn -0.4135 0.8897 0.1936
vn -0.9669 -0.0259 -0.2538
vn 0.0161 -0.0655 0.9977
vn 0.3224 -0.0894 0.9424
vn -0.6768 -0.0512 0.7344
vn -0.8803 -0.0372 0.4729
vn -0.4044 -0.0612 0.9126
vn -0.1400 -0.0662 0.9879
vn -0.0008 0.9743 0.2253
vn -0.0553 -0.9057 -0.4203
vn -0.0813 -0.8684 -0.4892
vn -0.1352 -0.5253 -0.8401
vn -0.0923 -0.5784 -0.8105
vn -0.0245 -0.9827 -0.1837
vn -0.0413 -0.9735 -0.2249
vn -0.1580 -0.0661 -0.9852
vn -0.3522 -0.5001 -0.7911
vn -0.4044 -0.0612 -0.9125
vn -0.2214 -0.8501 -0.4778
vn -0.1141 -0.9669 -0.2282
vn -0.6098 -0.4420 -0.6579
vn -0.6768 -0.0512 -0.7343
vn -0.4250 -0.7973 -0.4286
vn -0.2362 -0.9459 -0.2226
vn -0.8244 -0.3504 -0.4446
vn -0.8803 -0.0373 -0.4730
vn -0.6377 -0.6999 -0.3218
vn -0.4134 -0.8897 -0.1937
vn -0.0927 0.5107 -0.8547
vn -0.1005 -0.0740 -0.9922
vn -0.1397 0.4663 -0.8735
vn -0.5769 -0.8050 -0.1388
vn -0.7909 -0.5783 -0.2001
vn -0.9335 -0.2587 -0.2484
vn 0.4363 0.6038 -0.6672
vn 0.6233 0.6603 -0.4189
vn 0.8430 -0.1274 -0.5227
vn 0.5665 -0.1067 -0.8172
vn -0.6205 0.3957 -0.6770
vn -0.8327 0.3168 -0.4542
vn -0.3620 0.4451 -0.8191
vn -0.0155 0.9987 -0.0484
vn -0.0199 0.9995 -0.0233
vn 0.0289 -0.9996 -0.0009
vn -0.0238 -0.9997 -0.0110
vn -0.0268 -0.9996 -0.0031
vn 0.0288 -0.9996 -0.0002
vn -0.1066 0.9382 -0.3293
vn -0.1522 0.9683 -0.1980
vn -0.4159 0.6840 -0.5993
vn -0.2271 0.5834 -0.7798
vn -0.0238 0.9997 -0.0110
vn -0.0268 0.9996 -0.0031
vn 0.0144 -0.9923 0.1227
vn 0.0022 -0.9929 0.1189
vn 0.0017 -0.9989 0.0468
vn 0.0335 -0.9974 0.0631
vn -0.0012 0.9998 -0.0179
vn 0.0012 1.0000 0.0096
vn 0.0312 -0.9995 0.0004
vn -0.0012 -0.9998 -0.0179
vn 0.0328 -0.9992 0.0235
vn 0.0012 -1.0000 0.0096
vn 0.0090 0.9845 -0.1752
vn -0.2634 -0.0925 -0.9602
vn -0.2151 -0.6599 -0.7199
vn -0.1067 -0.9382 -0.3293
vn -0.0455 -0.9897 -0.1358
vn -0.0111 -0.9964 -0.0837
vn -0.0032 -0.0689 0.9976
vn -0.0005 0.9934 0.1149
vn -0.5866 0.7504 -0.3047
vn -0.8629 -0.1516 -0.4821
vn -0.5325 -0.1209 -0.8377
vn -0.0035 -0.9995 -0.0318
vn -0.0005 -0.9934 0.1149
vn -0.0005 0.9988 0.0492
vn -0.0111 0.9964 -0.0837
vn -0.7909 -0.5782 0.2001
vn -0.9335 -0.2587 0.2484
vn -0.9744 -0.1988 0.1054
vn -0.8656 -0.4926 0.0901
vn -0.0455 0.9897 -0.1358
vn -0.0641 0.9948 -0.0789
vn -0.0829 0.9965 -0.0092
vn -0.1816 0.9795 -0.0874
vn -0.0768 0.9964 -0.0357
vn -0.3719 -0.7665 -0.5235
vn -0.9807 -0.1525 -0.1226
vn 0.0862 0.9963 -0.0035
vn 0.0293 0.9996 -0.0019
vn 0.0293 -0.9996 -0.0019
vn -0.0292 -0.9996 -0.0019
vn -0.4950 -0.8312 -0.2530
vn -0.1976 -0.9800 -0.0226
vn -0.0829 -0.9965 -0.0092
vn -0.5500 -0.8326 -0.0654
vn 0.5702 -0.8215 -0.0001
vn 0.5702 -0.8215 -0.0000
vn 0.2058 -0.9786 -0.0000
vn 0.0039 -0.9703 0.2421
vn 0.0081 -0.8662 0.4997
vn -0.0016 -0.8777 0.4792
vn -0.0008 -0.9743 0.2253
vn 0.0138 -0.5257 0.8505
vn -0.0027 -0.5428 0.8398
vn -0.0553 0.9057 -0.4204
vn -0.0245 0.9827 -0.1837
vn -0.0663 -0.8457 -0.5296
vn 0.0663 -0.8457 -0.5296
vn 0.0332 -0.9544 -0.2968
vn -0.0332 -0.9544 -0.2968
vn -0.0812 0.8684 -0.4893
vn -0.0413 0.9735 -0.2249
vn -0.2214 0.8501 -0.4778
vn -0.1141 0.9669 -0.2282
vn -0.4250 0.7973 -0.4286
vn -0.2362 0.9459 -0.2226
vn -0.6377 0.6998 -0.3218
vn -0.4136 0.8896 -0.1937
vn -0.0724 -0.8680 0.4913
vn -0.0372 -0.9725 0.2298
vn -0.1199 -0.5257 0.8422
vn -0.2213 -0.8501 0.4778
vn -0.1141 -0.9669 0.2282
vn -0.3522 -0.5001 0.7911
vn -0.4250 -0.7973 0.4286
vn -0.2362 -0.9459 0.2226
vn -0.6098 -0.4419 0.6579
vn -0.6377 -0.6999 0.3218
vn -0.4135 -0.8897 0.1936
vn -0.8244 -0.3504 0.4446
vn -0.5769 -0.8050 0.1388
vn -0.8810 -0.4731 -0.0000
vn -0.6511 -0.7590 -0.0000
vn -0.6463 -0.7604 0.0645
vn -0.9744 -0.1988 -0.1054
vn -0.9836 -0.1804 -0.0000
vn -0.8656 -0.4926 -0.0901
vn -0.6463 -0.7604 -0.0645
vn 0.0857 -0.9963 -0.0000
vn 0.5723 -0.8200 0.0083
vn 0.5815 -0.8105 0.0711
vn 0.2111 -0.9771 0.0264
vn 0.2066 -0.9784 0.0030
vn 0.0862 -0.9963 -0.0035
vn 0.2080 -0.9781 -0.0076
vn 0.5755 -0.8175 -0.0210
vn 0.2136 -0.9719 0.0989
vn 0.0879 -0.9951 0.0444
vn 0.0870 -0.9961 0.0120
vn 0.0859 -0.9963 0.0014
vn 0.0851 -0.8901 0.4478
vn 0.2123 -0.6088 0.7644
vn -0.0861 -0.9963 -0.0036
vn 0.0408 -0.9744 0.2213
vn 0.4644 -0.7211 0.5141
vn 0.5692 -0.7834 0.2497
vn 0.1925 -0.9528 0.2349
vn 0.0849 -0.9904 0.1093
vn -0.0876 -0.9959 -0.0213
vn -0.1659 -0.5576 -0.8134
vn 0.1659 -0.5576 -0.8134
vn 0.0090 -0.9845 -0.1752
vn -0.0090 -0.9845 -0.1752
vn -0.2104 -0.9646 -0.1589
vn -0.0881 -0.9936 -0.0708
vn -0.5376 -0.7555 -0.3745
vn -0.1740 -0.9381 -0.2996
vn -0.0803 -0.9864 -0.1433
vn -0.3916 -0.6826 -0.6170
vn -0.0320 -0.9987 -0.0391
vn -0.0306 -0.9964 -0.0791
vn 0.1740 -0.9381 -0.2996
vn 0.2104 -0.9646 -0.1589
vn 0.0881 -0.9936 -0.0708
vn 0.0803 -0.9864 -0.1433
vn -0.0306 -0.9995 -0.0119
vn 0.3916 -0.6826 -0.6170
vn 0.5376 -0.7555 -0.3745
vn 0.2134 -0.9758 -0.0474
vn 0.0876 -0.9959 -0.0213
vn 0.5838 -0.8021 -0.1254
vn 0.9705 -0.1391 -0.1969
vn 0.6947 0.7041 -0.1469
vn 0.0306 -0.9964 -0.0791
vn 0.0306 -0.9995 -0.0119
vn 0.0320 -0.9987 -0.0391
vn 0.1740 0.9381 -0.2996
vn 0.2105 0.9646 -0.1589
vn 0.0320 0.9987 -0.0391
vn 0.0306 0.9964 -0.0791
vn 0.0306 0.9995 -0.0119
vn 0.0803 0.9864 -0.1434
vn 0.0881 0.9936 -0.0708
vn 0.2134 0.9758 -0.0474
vn 0.0876 0.9959 -0.0213
vt 0.409388 0.557757
vt 0.384293 0.582362
vt 0.369424 0.575351
vt 0.376120 0.557430
vt 0.369778 0.539380
vt 0.384783 0.532663
vt 0.391794 0.517793
vt 0.409716 0.524490
vt 0.427765 0.518147
vt 0.434483 0.533152
vt 0.442656 0.558085
vt 0.448998 0.576135
vt 0.433993 0.582852
vt 0.449352 0.540164
vt 0.426982 0.597722
vt 0.409060 0.591025
vt 0.391011 0.597368
vt 0.451002 0.516955
vt 0.461300 0.524000
vt 0.444161 0.506521
vt 0.425319 0.501507
vt 0.440045 0.494296
vt 0.409913 0.504485
vt 0.453408 0.485488
vt 0.458562 0.494662
vt 0.465218 0.503016
vt 0.465060 0.476092
vt 0.471098 0.483414
vt 0.477752 0.490726
vt 0.484932 0.497523
vt 0.473439 0.509835
vt 0.482510 0.515169
vt 0.473440 0.528356
vt 0.492134 0.503705
vt 0.491628 0.519106
vt 0.485565 0.531060
vt 0.498669 0.509198
vt 0.500602 0.520988
vt 0.497214 0.532233
vt 0.503193 0.513212
vt 0.508249 0.531893
vt 0.509787 0.520007
vt 0.509787 0.509878
vt 0.506808 0.501580
vt 0.526172 0.501689
vt 0.523385 0.489964
vt 0.527399 0.514745
vt 0.501735 0.494115
vt 0.519103 0.479556
vt 0.495570 0.486906
vt 0.513499 0.470373
vt 0.488844 0.479851
vt 0.506707 0.462337
vt 0.481922 0.472988
vt 0.498806 0.455387
vt 0.474837 0.466681
vt 0.489735 0.449603
vt 0.467473 0.461462
vt 0.479413 0.445118
vt 0.459696 0.469451
vt 0.459235 0.458321
vt 0.467745 0.442100
vt 0.455772 0.464847
vt 0.449109 0.458121
vt 0.454716 0.440616
vt 0.447947 0.467285
vt 0.449652 0.476294
vt 0.437581 0.482121
vt 0.436637 0.470451
vt 0.437194 0.459425
vt 0.424154 0.486467
vt 0.423777 0.473017
vt 0.410074 0.488124
vt 0.410213 0.473994
vt 0.394568 0.501204
vt 0.396029 0.486190
vt 0.396670 0.472750
vt 0.379986 0.493705
vt 0.382690 0.481580
vt 0.383864 0.469932
vt 0.396624 0.460530
vt 0.383524 0.458896
vt 0.410337 0.461348
vt 0.372618 0.466543
vt 0.371637 0.457358
vt 0.370736 0.475517
vt 0.364843 0.463952
vt 0.361509 0.457358
vt 0.360829 0.468477
vt 0.353211 0.460337
vt 0.353320 0.440974
vt 0.341595 0.443760
vt 0.366376 0.439746
vt 0.345746 0.465410
vt 0.331186 0.448042
vt 0.355335 0.475011
vt 0.338537 0.471576
vt 0.322003 0.453646
vt 0.349154 0.482213
vt 0.361466 0.493706
vt 0.366800 0.484635
vt 0.375630 0.505846
vt 0.368585 0.516143
vt 0.354647 0.501927
vt 0.358151 0.522984
vt 0.346293 0.508583
vt 0.353138 0.541827
vt 0.345927 0.527100
vt 0.337119 0.513737
vt 0.327723 0.502085
vt 0.335045 0.496047
vt 0.342357 0.489393
vt 0.324619 0.485223
vt 0.318312 0.492309
vt 0.331482 0.478302
vt 0.313967 0.460439
vt 0.307018 0.468339
vt 0.302289 0.448528
vt 0.311171 0.441332
vt 0.294920 0.457267
vt 0.301234 0.477410
vt 0.288973 0.467584
vt 0.280087 0.460370
vt 0.286217 0.449217
vt 0.293864 0.439935
vt 0.277234 0.458284
vt 0.283527 0.446852
vt 0.291328 0.437349
vt 0.303295 0.432473
vt 0.300983 0.429736
vt 0.314566 0.426563
vt 0.321604 0.435590
vt 0.312537 0.423670
vt 0.300000 0.428277
vt 0.311793 0.422059
vt 0.290123 0.436120
vt 0.823271 0.433563
vt 0.822022 0.435215
vt 0.810252 0.429132
vt 0.811272 0.427354
vt 0.833354 0.441529
vt 0.831913 0.442996
vt 0.841496 0.451471
vt 0.839866 0.452748
vt 0.282087 0.445841
vt 0.847914 0.463359
vt 0.846154 0.464410
vt 0.275638 0.457509
vt 0.842684 0.467053
vt 0.836497 0.455760
vt 0.828690 0.446276
vt 0.835528 0.472685
vt 0.829476 0.462128
vt 0.821936 0.453149
vt 0.819070 0.438636
vt 0.812826 0.445768
vt 0.807670 0.432648
vt 0.802165 0.439902
vt 0.801858 0.458301
vt 0.792519 0.452577
vt 0.810052 0.465243
vt 0.785172 0.476408
vt 0.777859 0.470121
vt 0.792345 0.483264
vt 0.817136 0.473314
vt 0.799325 0.490315
vt 0.823024 0.482551
vt 0.805739 0.497516
vt 0.796239 0.507345
vt 0.788802 0.501203
vt 0.781372 0.494430
vt 0.777455 0.513821
vt 0.786764 0.519068
vt 0.768974 0.507047
vt 0.774471 0.487120
vt 0.762053 0.498686
vt 0.768199 0.479792
vt 0.756644 0.489471
vt 0.747758 0.510906
vt 0.743342 0.498588
vt 0.754905 0.521366
vt 0.740603 0.486301
vt 0.752654 0.480220
vt 0.762635 0.473147
vt 0.739411 0.474514
vt 0.750741 0.471134
vt 0.758575 0.468549
vt 0.770301 0.464948
vt 0.761921 0.461896
vt 0.751713 0.461854
vt 0.770122 0.445352
vt 0.756966 0.444079
vt 0.781968 0.448204
vt 0.739744 0.463366
vt 0.742760 0.443931
vt 0.726556 0.464978
vt 0.727842 0.444322
vt 0.726508 0.477323
vt 0.727153 0.490920
vt 0.712988 0.492848
vt 0.712863 0.478556
vt 0.712751 0.465780
vt 0.698792 0.491168
vt 0.699199 0.477563
vt 0.698934 0.465221
vt 0.686248 0.474980
vt 0.685720 0.463839
vt 0.685263 0.486787
vt 0.697587 0.506398
vt 0.682739 0.499120
vt 0.713133 0.509415
vt 0.669280 0.490237
vt 0.673107 0.480918
vt 0.674860 0.471799
vt 0.657557 0.480761
vt 0.663004 0.474020
vt 0.666983 0.469352
vt 0.673726 0.462538
vt 0.663521 0.462759
vt 0.655195 0.465957
vt 0.655031 0.446361
vt 0.643236 0.449420
vt 0.668162 0.444858
vt 0.647729 0.471262
vt 0.632764 0.453977
vt 0.640527 0.477676
vt 0.623526 0.459865
vt 0.651415 0.488199
vt 0.664033 0.499546
vt 0.657259 0.508026
vt 0.644643 0.495629
vt 0.633476 0.484656
vt 0.637333 0.502530
vt 0.626620 0.491828
vt 0.648899 0.514948
vt 0.630004 0.508802
vt 0.620334 0.499141
vt 0.639684 0.520357
vt 0.661118 0.529243
vt 0.648801 0.533658
vt 0.671578 0.522096
vt 0.636514 0.536398
vt 0.630433 0.524347
vt 0.623359 0.514366
vt 0.624726 0.537590
vt 0.621346 0.526260
vt 0.618761 0.518426
vt 0.615160 0.506700
vt 0.612109 0.515080
vt 0.612066 0.525288
vt 0.595565 0.506879
vt 0.594292 0.520035
vt 0.598416 0.495033
vt 0.613578 0.537257
vt 0.594143 0.534241
vt 0.615191 0.550445
vt 0.594534 0.549159
vt 0.627536 0.550493
vt 0.641132 0.549848
vt 0.643060 0.564013
vt 0.628768 0.564138
vt 0.615992 0.564250
vt 0.641380 0.578209
vt 0.627775 0.577802
vt 0.615433 0.578067
vt 0.625192 0.590753
vt 0.614051 0.591281
vt 0.636999 0.591738
vt 0.656610 0.579414
vt 0.649332 0.594262
vt 0.659627 0.563867
vt 0.640449 0.607721
vt 0.631130 0.603893
vt 0.622011 0.602141
vt 0.630974 0.619443
vt 0.624232 0.613997
vt 0.619564 0.610018
vt 0.612750 0.603275
vt 0.612971 0.613480
vt 0.616169 0.621806
vt 0.596573 0.621970
vt 0.599632 0.633764
vt 0.595070 0.608839
vt 0.621474 0.629272
vt 0.604189 0.644237
vt 0.627888 0.636474
vt 0.610077 0.653475
vt 0.638411 0.625586
vt 0.649758 0.612968
vt 0.658239 0.619741
vt 0.645841 0.632358
vt 0.634869 0.643525
vt 0.665160 0.628102
vt 0.652743 0.639668
vt 0.642041 0.650381
vt 0.659014 0.646997
vt 0.649354 0.656667
vt 0.670569 0.637317
vt 0.679455 0.615883
vt 0.683871 0.628200
vt 0.672309 0.605423
vt 0.686610 0.640487
vt 0.674559 0.646568
vt 0.664578 0.653642
vt 0.687802 0.652275
vt 0.676472 0.655655
vt 0.668638 0.658240
vt 0.656912 0.661841
vt 0.665292 0.664892
vt 0.675500 0.664935
vt 0.657091 0.681436
vt 0.670247 0.682709
vt 0.645245 0.678585
vt 0.687469 0.663423
vt 0.684453 0.682858
vt 0.700657 0.661810
vt 0.699371 0.682467
vt 0.700705 0.649465
vt 0.700060 0.635869
vt 0.714225 0.633941
vt 0.714350 0.648233
vt 0.714462 0.661008
vt 0.728421 0.635620
vt 0.728014 0.649226
vt 0.728279 0.661568
vt 0.740965 0.651809
vt 0.741493 0.662950
vt 0.741950 0.640002
vt 0.729626 0.620391
vt 0.744474 0.627669
vt 0.714080 0.617374
vt 0.757933 0.636551
vt 0.754106 0.645871
vt 0.752353 0.654990
vt 0.769656 0.646027
vt 0.764210 0.652768
vt 0.760231 0.657437
vt 0.753487 0.664251
vt 0.763693 0.664030
vt 0.772018 0.660832
vt 0.772182 0.680427
vt 0.783977 0.677369
vt 0.759051 0.681931
vt 0.779485 0.655527
vt 0.794449 0.672812
vt 0.786686 0.649113
vt 0.803687 0.666924
vt 0.775798 0.638590
vt 0.763180 0.627243
vt 0.769954 0.618762
vt 0.782571 0.631160
vt 0.793737 0.642132
vt 0.789880 0.624258
vt 0.800593 0.634960
vt 0.778314 0.611841
vt 0.797209 0.617986
vt 0.806879 0.627647
vt 0.787529 0.606431
vt 0.766095 0.597546
vt 0.778413 0.593130
vt 0.755635 0.604692
vt 0.790699 0.590391
vt 0.796780 0.602441
vt 0.803854 0.612423
vt 0.802487 0.589199
vt 0.805867 0.600529
vt 0.808452 0.608363
vt 0.812053 0.620089
vt 0.815105 0.611709
vt 0.815147 0.601501
vt 0.831649 0.619910
vt 0.832922 0.606754
vt 0.828797 0.631756
vt 0.813635 0.589532
vt 0.833070 0.592548
vt 0.812022 0.576343
vt 0.832679 0.577630
vt 0.799677 0.576295
vt 0.786081 0.576940
vt 0.784153 0.562776
vt 0.798445 0.562651
vt 0.811221 0.562539
vt 0.785833 0.548580
vt 0.799438 0.548986
vt 0.811780 0.548722
vt 0.802021 0.536036
vt 0.813162 0.535508
vt 0.790214 0.535051
vt 0.770603 0.547375
vt 0.777881 0.532527
vt 0.767586 0.562921
vt 0.796083 0.522895
vt 0.805202 0.524648
vt 0.802981 0.512791
vt 0.807649 0.516770
vt 0.814463 0.523514
vt 0.814242 0.513308
vt 0.811044 0.504983
vt 0.830640 0.504819
vt 0.827581 0.493024
vt 0.832143 0.517950
vt 0.840158 0.484758
vt 0.843410 0.498260
vt 0.847401 0.480019
vt 0.850790 0.494478
vt 0.853012 0.510215
vt 0.845371 0.513056
vt 0.854306 0.526950
vt 0.846347 0.528868
vt 0.832540 0.532151
vt 0.832411 0.547073
vt 0.846710 0.545372
vt 0.832327 0.562354
vt 0.846841 0.562226
vt 0.854944 0.544373
vt 0.855200 0.562153
vt 0.855255 0.579935
vt 0.847006 0.579081
vt 0.854924 0.597367
vt 0.846932 0.595588
vt 0.853922 0.614122
vt 0.846233 0.611416
vt 0.851977 0.629895
vt 0.844532 0.626243
vt 0.848842 0.644411
vt 0.841517 0.639801
vt 0.844353 0.657458
vt 0.837099 0.651953
vt 0.824424 0.642307
vt 0.818699 0.651646
vt 0.831233 0.662614
vt 0.811758 0.659840
vt 0.823852 0.671724
vt 0.838365 0.668857
vt 0.830725 0.678477
vt 0.821240 0.686285
vt 0.814873 0.679264
vt 0.809948 0.692472
vt 0.804316 0.685316
vt 0.796982 0.697189
vt 0.792243 0.689946
vt 0.782523 0.700578
vt 0.778741 0.693198
vt 0.766786 0.702799
vt 0.763945 0.695159
vt 0.750051 0.704094
vt 0.748133 0.696135
vt 0.744849 0.682328
vt 0.729927 0.682199
vt 0.731629 0.696498
vt 0.714647 0.682114
vt 0.714774 0.696629
vt 0.732628 0.704732
vt 0.714848 0.704988
vt 0.697065 0.705043
vt 0.697920 0.696793
vt 0.679634 0.704711
vt 0.681413 0.696720
vt 0.662879 0.703710
vt 0.665585 0.696021
vt 0.647106 0.701765
vt 0.650757 0.694320
vt 0.632589 0.698630
vt 0.637200 0.691305
vt 0.619543 0.694141
vt 0.625048 0.686887
vt 0.634694 0.674212
vt 0.625355 0.668487
vt 0.614387 0.681021
vt 0.617161 0.661546
vt 0.605277 0.673640
vt 0.608143 0.688153
vt 0.598523 0.680513
vt 0.590716 0.671028
vt 0.597737 0.664661
vt 0.584529 0.659735
vt 0.591685 0.654104
vt 0.579812 0.646770
vt 0.587055 0.642031
vt 0.576423 0.632311
vt 0.583803 0.628529
vt 0.574201 0.616574
vt 0.581842 0.613733
vt 0.572907 0.599838
vt 0.580866 0.597920
vt 0.594673 0.594637
vt 0.594802 0.579715
vt 0.580503 0.581417
vt 0.594886 0.564435
vt 0.580372 0.564562
vt 0.572269 0.582416
vt 0.572013 0.564635
vt 0.571958 0.546853
vt 0.580208 0.547708
vt 0.572290 0.529422
vt 0.580281 0.531200
vt 0.573291 0.512667
vt 0.580980 0.515373
vt 0.575236 0.496893
vt 0.582681 0.500545
vt 0.578371 0.482377
vt 0.585696 0.486988
vt 0.582860 0.469331
vt 0.590114 0.474836
vt 0.602789 0.484482
vt 0.608514 0.475142
vt 0.595980 0.464175
vt 0.615455 0.466949
vt 0.603361 0.455065
vt 0.588848 0.457931
vt 0.596488 0.448311
vt 0.605973 0.440503
vt 0.612340 0.447525
vt 0.617266 0.434317
vt 0.622897 0.441473
vt 0.630231 0.429600
vt 0.634970 0.436843
vt 0.644690 0.426211
vt 0.648472 0.433591
vt 0.660427 0.423989
vt 0.663268 0.431630
vt 0.677162 0.422695
vt 0.679080 0.430654
vt 0.682364 0.444460
vt 0.697286 0.444590
vt 0.695584 0.430291
vt 0.712566 0.444674
vt 0.712439 0.430159
vt 0.694585 0.422057
vt 0.712365 0.421800
vt 0.730148 0.421745
vt 0.729293 0.429995
vt 0.747579 0.422077
vt 0.745801 0.430069
vt 0.764334 0.423078
vt 0.761628 0.430768
vt 0.780107 0.425024
vt 0.776456 0.432469
vt 0.794624 0.428159
vt 0.790013 0.435484
vt 0.796767 0.424581
vt 0.781789 0.421375
vt 0.797557 0.422719
vt 0.782366 0.419457
vt 0.765568 0.419317
vt 0.765960 0.417356
vt 0.748382 0.418185
vt 0.748617 0.416193
vt 0.730531 0.417744
vt 0.730632 0.415731
vt 0.712312 0.415731
vt 0.712330 0.417753
vt 0.694132 0.418063
vt 0.693996 0.416052
vt 0.676291 0.418817
vt 0.676021 0.416830
vt 0.659127 0.420250
vt 0.658701 0.418297
vt 0.642945 0.422592
vt 0.642335 0.420684
vt 0.628026 0.426060
vt 0.627203 0.424213
vt 0.614622 0.430847
vt 0.613572 0.429087
vt 0.602961 0.437135
vt 0.601683 0.435505
vt 0.591742 0.443647
vt 0.593208 0.445088
vt 0.585427 0.454979
vt 0.583775 0.453730
vt 0.579344 0.466749
vt 0.577566 0.465729
vt 0.574793 0.480234
vt 0.572932 0.479444
vt 0.571588 0.495212
vt 0.569669 0.494635
vt 0.569529 0.511433
vt 0.567568 0.511041
vt 0.568397 0.528619
vt 0.566406 0.528384
vt 0.567956 0.546470
vt 0.565943 0.546369
vt 0.565943 0.564689
vt 0.567965 0.564671
vt 0.568275 0.582869
vt 0.566264 0.583005
vt 0.569029 0.600710
vt 0.567042 0.600979
vt 0.570462 0.617874
vt 0.568509 0.618299
vt 0.572804 0.634056
vt 0.570896 0.634666
vt 0.576273 0.648975
vt 0.574425 0.649798
vt 0.581059 0.662379
vt 0.579299 0.663429
vt 0.587347 0.674040
vt 0.585717 0.675318
vt 0.593859 0.685259
vt 0.595300 0.683793
vt 0.605191 0.691574
vt 0.603942 0.693226
vt 0.616961 0.697657
vt 0.615941 0.699435
vt 0.630446 0.702207
vt 0.629656 0.704069
vt 0.645424 0.705413
vt 0.644847 0.707332
vt 0.661645 0.707472
vt 0.661253 0.709432
vt 0.678831 0.708603
vt 0.678596 0.710595
vt 0.696682 0.709045
vt 0.696581 0.711058
vt 0.714901 0.711058
vt 0.714883 0.709036
vt 0.733081 0.708726
vt 0.733217 0.710737
vt 0.750922 0.707972
vt 0.751192 0.709959
vt 0.768086 0.706539
vt 0.768512 0.708492
vt 0.784268 0.704196
vt 0.784879 0.706104
vt 0.799187 0.700728
vt 0.800010 0.702576
vt 0.812591 0.695942
vt 0.813641 0.697702
vt 0.824253 0.689654
vt 0.825530 0.691284
vt 0.835472 0.683141
vt 0.834005 0.681700
vt 0.841786 0.671810
vt 0.843438 0.673059
vt 0.847869 0.660040
vt 0.849647 0.661060
vt 0.852420 0.646555
vt 0.854281 0.647345
vt 0.855626 0.631577
vt 0.857544 0.632154
vt 0.857684 0.615356
vt 0.859645 0.615748
vt 0.858816 0.598170
vt 0.860808 0.598404
vt 0.859257 0.580319
vt 0.861270 0.580419
vt 0.861270 0.562100
vt 0.859248 0.562118
vt 0.858938 0.543920
vt 0.860949 0.543783
vt 0.858184 0.526079
vt 0.860171 0.525809
vt 0.856751 0.508915
vt 0.858704 0.508489
vt 0.854409 0.492733
vt 0.856317 0.492122
vt 0.850941 0.477813
vt 0.852788 0.476991
vt 0.272351 0.471555
vt 0.270657 0.470989
vt 0.268753 0.486447
vt 0.266998 0.486052
vt 0.275344 0.473305
vt 0.271872 0.487836
vt 0.269520 0.503718
vt 0.266279 0.502684
vt 0.264489 0.502423
vt 0.268084 0.520652
vt 0.264734 0.519958
vt 0.262922 0.519801
vt 0.267327 0.538312
vt 0.263894 0.537949
vt 0.262070 0.537870
vt 0.267006 0.556355
vt 0.263537 0.556321
vt 0.261707 0.556303
vt 0.266971 0.574401
vt 0.263532 0.574696
vt 0.261707 0.574740
vt 0.267380 0.592073
vt 0.264017 0.592701
vt 0.262203 0.592822
vt 0.268483 0.609032
vt 0.265222 0.610002
vt 0.263427 0.610228
vt 0.270521 0.624957
vt 0.267376 0.626284
vt 0.265614 0.626645
vt 0.273707 0.639554
vt 0.270680 0.641244
vt 0.268975 0.641777
vt 0.278194 0.652579
vt 0.275301 0.654609
vt 0.273690 0.655352
vt 0.284104 0.663851
vt 0.281367 0.666162
vt 0.279907 0.667145
vt 0.291566 0.673282
vt 0.288980 0.675817
vt 0.287750 0.677022
vt 0.300848 0.680928
vt 0.298483 0.683619
vt 0.297472 0.685059
vt 0.312001 0.687058
vt 0.309915 0.689911
vt 0.309140 0.691507
vt 0.324935 0.691801
vt 0.323186 0.694794
vt 0.322619 0.696489
vt 0.339467 0.695274
vt 0.338078 0.698393
vt 0.337682 0.700147
vt 0.355349 0.697625
vt 0.354314 0.700866
vt 0.354053 0.702656
vt 0.372282 0.699062
vt 0.371589 0.702412
vt 0.371431 0.704224
vt 0.389943 0.699819
vt 0.389580 0.703251
vt 0.389501 0.705076
vt 0.407986 0.700139
vt 0.407952 0.703608
vt 0.407934 0.705439
vt 0.426032 0.700174
vt 0.426327 0.703613
vt 0.426370 0.705439
vt 0.443704 0.699765
vt 0.444331 0.703128
vt 0.444453 0.704943
vt 0.460662 0.698662
vt 0.461633 0.701923
vt 0.461858 0.703718
vt 0.476587 0.696624
vt 0.477915 0.699770
vt 0.478275 0.701532
vt 0.491184 0.693439
vt 0.492875 0.696465
vt 0.493408 0.698171
vt 0.504210 0.688951
vt 0.506239 0.691844
vt 0.506983 0.693456
vt 0.515481 0.683042
vt 0.517793 0.685778
vt 0.518776 0.687238
vt 0.524912 0.675580
vt 0.527448 0.678165
vt 0.528653 0.679395
vt 0.532559 0.666297
vt 0.535249 0.668662
vt 0.536689 0.669674
vt 0.538689 0.655145
vt 0.541542 0.657231
vt 0.543138 0.658006
vt 0.543432 0.642210
vt 0.546425 0.643960
vt 0.548120 0.644526
vt 0.546904 0.627679
vt 0.550023 0.629068
vt 0.551778 0.629463
vt 0.549256 0.611797
vt 0.552497 0.612831
vt 0.554287 0.613092
vt 0.550692 0.594863
vt 0.554042 0.595557
vt 0.555854 0.595714
vt 0.551449 0.577202
vt 0.554882 0.577566
vt 0.556706 0.577645
vt 0.551770 0.559160
vt 0.555239 0.559194
vt 0.557069 0.559212
vt 0.551805 0.541114
vt 0.555244 0.540818
vt 0.557069 0.540775
vt 0.551396 0.523442
vt 0.554759 0.522814
vt 0.556574 0.522693
vt 0.550293 0.506483
vt 0.553554 0.505513
vt 0.555349 0.505287
vt 0.548255 0.490558
vt 0.551401 0.489231
vt 0.553162 0.488870
vt 0.545069 0.475961
vt 0.548096 0.474270
vt 0.549801 0.473738
vt 0.540582 0.462936
vt 0.543475 0.460906
vt 0.545086 0.460163
vt 0.534672 0.451664
vt 0.537409 0.449353
vt 0.538869 0.448370
vt 0.527210 0.442233
vt 0.529796 0.439698
vt 0.531026 0.438492
vt 0.517928 0.434587
vt 0.520293 0.431896
vt 0.521304 0.430456
vt 0.506775 0.428456
vt 0.508861 0.425604
vt 0.509636 0.424007
vt 0.493841 0.423713
vt 0.495590 0.420721
vt 0.496157 0.419026
vt 0.479309 0.420241
vt 0.480698 0.417122
vt 0.481094 0.415368
vt 0.463427 0.417890
vt 0.464462 0.414649
vt 0.464723 0.412858
vt 0.446494 0.416453
vt 0.447187 0.413103
vt 0.447345 0.411291
vt 0.428833 0.415696
vt 0.429196 0.412263
vt 0.429275 0.410439
vt 0.410790 0.415376
vt 0.410824 0.411906
vt 0.410842 0.410076
vt 0.392745 0.415341
vt 0.392449 0.411902
vt 0.392406 0.410076
vt 0.375072 0.415750
vt 0.374445 0.412387
vt 0.374323 0.410572
vt 0.358114 0.416853
vt 0.357143 0.413592
vt 0.356918 0.411797
vt 0.342189 0.418891
vt 0.340861 0.415745
vt 0.340501 0.413983
vt 0.327592 0.422076
vt 0.325901 0.419049
vt 0.325368 0.417344
vt 0.333557 0.431242
vt 0.346960 0.428264
vt 0.361677 0.426584
vt 0.377428 0.425902
vt 0.380498 0.439632
vt 0.395340 0.440050
vt 0.393878 0.425847
vt 0.410544 0.440423
vt 0.410685 0.426031
vt 0.427492 0.426178
vt 0.425752 0.440350
vt 0.443939 0.426557
vt 0.440599 0.440224
vt 0.424065 0.460800
vt 0.459673 0.427549
vt 0.474354 0.429518
vt 0.487696 0.432760
vt 0.499561 0.437343
vt 0.509878 0.443289
vt 0.518617 0.450659
vt 0.525813 0.459541
vt 0.531555 0.469973
vt 0.535904 0.481926
vt 0.538882 0.495330
vt 0.540562 0.510047
vt 0.541243 0.525797
vt 0.527513 0.528867
vt 0.527095 0.543709
vt 0.506616 0.544993
vt 0.541298 0.542248
vt 0.494395 0.545040
vt 0.505797 0.558707
vt 0.526722 0.558913
vt 0.493151 0.558582
vt 0.506345 0.572434
vt 0.494128 0.572147
vt 0.526796 0.574121
vt 0.526921 0.588968
vt 0.507721 0.585564
vt 0.496694 0.585006
vt 0.480678 0.572523
vt 0.485024 0.585950
vt 0.479022 0.558443
vt 0.499860 0.596316
vt 0.490851 0.598021
vt 0.509024 0.597478
vt 0.502298 0.604141
vt 0.497695 0.608066
vt 0.508825 0.607604
vt 0.505683 0.615842
vt 0.525045 0.616115
vt 0.526529 0.603086
vt 0.522028 0.627782
vt 0.517542 0.638104
vt 0.500464 0.623206
vt 0.491053 0.613429
vt 0.534386 0.636065
vt 0.529803 0.647930
vt 0.537627 0.622723
vt 0.539597 0.608042
vt 0.540588 0.592308
vt 0.540967 0.575862
vt 0.541115 0.559055
vt 0.523856 0.658248
vt 0.511758 0.647175
vt 0.516487 0.666987
vt 0.504809 0.655076
vt 0.507605 0.674182
vt 0.496773 0.661869
vt 0.497172 0.679925
vt 0.487590 0.667473
vt 0.473030 0.650105
vt 0.480239 0.643939
vt 0.487294 0.637213
vt 0.463441 0.640503
vt 0.469622 0.633302
vt 0.476419 0.626122
vt 0.483731 0.619468
vt 0.494157 0.630292
vt 0.472483 0.606931
vt 0.481657 0.601778
vt 0.464129 0.613587
vt 0.460625 0.592531
vt 0.472849 0.588415
vt 0.450191 0.599372
vt 0.457310 0.621809
vt 0.443146 0.609669
vt 0.451976 0.630880
vt 0.438790 0.621810
vt 0.448040 0.639998
vt 0.436086 0.633934
vt 0.457947 0.647038
vt 0.446158 0.648971
vt 0.434912 0.645583
vt 0.453933 0.651563
vt 0.435252 0.656619
vt 0.447139 0.658157
vt 0.457267 0.658156
vt 0.465565 0.655178
vt 0.465456 0.674541
vt 0.477181 0.671754
vt 0.452400 0.675769
vt 0.485219 0.684273
vt 0.471816 0.687251
vt 0.457099 0.688931
vt 0.441348 0.689613
vt 0.438278 0.675883
vt 0.423436 0.675464
vt 0.422152 0.654985
vt 0.424898 0.689668
vt 0.422106 0.642765
vt 0.408439 0.654167
vt 0.408233 0.675091
vt 0.408563 0.641520
vt 0.394711 0.654715
vt 0.394999 0.642498
vt 0.393024 0.675165
vt 0.378177 0.675291
vt 0.381582 0.656090
vt 0.382139 0.645063
vt 0.394622 0.629048
vt 0.381195 0.633394
vt 0.408702 0.627391
vt 0.370829 0.648230
vt 0.369124 0.639221
vt 0.369667 0.657394
vt 0.363004 0.650667
vt 0.359080 0.646064
vt 0.359541 0.657194
vt 0.351303 0.654052
vt 0.351031 0.673414
vt 0.364060 0.674899
vt 0.339363 0.670397
vt 0.329041 0.665911
vt 0.343939 0.648833
vt 0.353716 0.639423
vt 0.331080 0.682755
vt 0.319215 0.678172
vt 0.344422 0.685996
vt 0.359103 0.687966
vt 0.374837 0.688958
vt 0.391284 0.689337
vt 0.408091 0.689484
vt 0.308898 0.672225
vt 0.319970 0.660127
vt 0.300159 0.664856
vt 0.312069 0.653178
vt 0.292963 0.655974
vt 0.305277 0.645142
vt 0.287221 0.645541
vt 0.299673 0.635959
vt 0.317041 0.621400
vt 0.323207 0.628608
vt 0.329932 0.635663
vt 0.326642 0.611810
vt 0.333844 0.617991
vt 0.341024 0.624788
vt 0.336854 0.642527
vt 0.347678 0.632101
vt 0.360214 0.620853
vt 0.365368 0.630027
vt 0.353558 0.612498
vt 0.374615 0.608994
vt 0.378731 0.621218
vt 0.367774 0.598560
vt 0.345337 0.605679
vt 0.357476 0.591515
vt 0.336266 0.600346
vt 0.345336 0.587159
vt 0.327148 0.596409
vt 0.333211 0.584455
vt 0.320107 0.606317
vt 0.318174 0.594527
vt 0.321562 0.583282
vt 0.315583 0.602302
vt 0.310527 0.583622
vt 0.308989 0.595508
vt 0.308989 0.605636
vt 0.311968 0.613934
vt 0.292604 0.613826
vt 0.295391 0.625550
vt 0.291377 0.600770
vt 0.282872 0.633588
vt 0.279894 0.620185
vt 0.278214 0.605468
vt 0.277533 0.589718
vt 0.291263 0.586648
vt 0.291681 0.571806
vt 0.312160 0.570522
vt 0.277478 0.573267
vt 0.324381 0.570475
vt 0.312979 0.556808
vt 0.292054 0.556602
vt 0.325625 0.556933
vt 0.312431 0.543081
vt 0.324648 0.543368
vt 0.291981 0.541394
vt 0.291855 0.526546
vt 0.311055 0.529951
vt 0.322082 0.530508
vt 0.338098 0.542991
vt 0.333752 0.529565
vt 0.339754 0.557072
vt 0.318916 0.519198
vt 0.327925 0.517494
vt 0.309752 0.518037
vt 0.316478 0.511374
vt 0.321081 0.507449
vt 0.309951 0.507910
vt 0.313093 0.499673
vt 0.293731 0.499400
vt 0.292247 0.512429
vt 0.296748 0.487732
vt 0.284390 0.479450
vt 0.281149 0.492792
vt 0.279179 0.507473
vt 0.278188 0.523206
vt 0.277809 0.539653
vt 0.277662 0.556460
vt 0.356115 0.557233
vt 0.352835 0.572577
vt 0.337821 0.571117
vt 0.393458 0.614008
vt 0.408863 0.611030
vt 0.424208 0.614310
vt 0.422747 0.629324
vt 0.465638 0.573688
vt 0.462661 0.558282
vt 0.465941 0.542938
vt 0.480955 0.544398
vt 0.765489 0.528328
vt 0.753742 0.544866
vt 0.738532 0.538028
vt 0.731428 0.522940
vt 0.713607 0.563394
vt 0.713311 0.529683
vt 0.747318 0.563099
vt 0.728625 0.506126
vt 0.688240 0.538469
vt 0.695078 0.523259
vt 0.678540 0.511512
vt 0.673153 0.545573
vt 0.679895 0.563690
vt 0.656338 0.548376
vt 0.688681 0.588761
vt 0.673471 0.581922
vt 0.661724 0.598461
vt 0.713902 0.597106
vt 0.695785 0.603848
vt 0.698589 0.620663
vt 0.738973 0.588320
vt 0.732135 0.603530
vt 0.748673 0.615276
vt 0.754061 0.581216
vt 0.770875 0.578412
vt 0.464206 0.976234
vt 0.551103 0.842387
vt 0.196121 0.861623
vt 0.196121 0.874372
vt 0.196121 0.879937
vt 0.191830 0.879937
vt 0.861281 0.717529
vt 0.861281 0.709214
vt 0.857150 0.709214
vt 0.464206 0.988508
vt 0.265824 0.666825
vt 0.264475 0.667636
vt 0.262502 0.663936
vt 0.263458 0.663337
vt 0.655613 0.950740
vt 0.655613 0.922056
vt 0.659549 0.922056
vt 0.659549 0.950740
vt 0.268118 0.670368
vt 0.266296 0.671302
vt 0.663481 0.922056
vt 0.663481 0.950740
vt 0.972125 0.227969
vt 0.987354 0.227969
vt 0.986334 0.231776
vt 0.973146 0.231776
vt 0.983547 0.234564
vt 0.975933 0.234564
vt 0.671348 0.950740
vt 0.671348 0.922056
vt 0.675284 0.922056
vt 0.675284 0.950740
vt 0.679220 0.922056
vt 0.679220 0.950740
vt 0.271629 0.682715
vt 0.268950 0.682790
vt 0.268580 0.678839
vt 0.271292 0.678366
vt 0.271415 0.686985
vt 0.268950 0.686930
vt 0.266116 0.682920
vt 0.265802 0.679226
vt 0.266235 0.686998
vt 0.263102 0.683053
vt 0.262906 0.679481
vt 0.263249 0.687150
vt 0.259903 0.683121
vt 0.259892 0.679554
vt 0.259985 0.687321
vt 0.256541 0.683126
vt 0.256705 0.679445
vt 0.256549 0.687270
vt 0.252952 0.683049
vt 0.253219 0.679118
vt 0.252992 0.687227
vt 0.248897 0.682990
vt 0.249102 0.678560
vt 0.249178 0.687321
vt 0.703650 0.888714
vt 0.877155 0.888714
vt 0.877155 0.892653
vt 0.703650 0.892653
vt 0.703650 0.884783
vt 0.877155 0.884783
vt 0.839290 0.362672
vt 0.839290 0.344858
vt 0.843103 0.344858
vt 0.843103 0.362672
vt 0.835486 0.362672
vt 0.835486 0.344858
vt 0.839290 0.330584
vt 0.843103 0.330584
vt 0.835486 0.330584
vt 0.839290 0.319089
vt 0.843103 0.319089
vt 0.835486 0.319089
vt 0.839290 0.309364
vt 0.843103 0.309364
vt 0.835486 0.309364
vt 0.839290 0.300209
vt 0.843103 0.300209
vt 0.835486 0.300209
vt 0.839290 0.290415
vt 0.843103 0.290415
vt 0.835486 0.290415
vt 0.839290 0.278942
vt 0.843103 0.278942
vt 0.835486 0.278942
vt 0.680014 0.986378
vt 0.690505 0.986378
vt 0.690505 0.990260
vt 0.680014 0.990260
vt 0.680014 0.982502
vt 0.690505 0.982502
vt 0.680014 0.978618
vt 0.690505 0.978618
vt 0.680014 0.974720
vt 0.690505 0.974720
vt 0.680014 0.970817
vt 0.690505 0.970817
vt 0.680014 0.966922
vt 0.690505 0.966922
vt 0.854489 0.290415
vt 0.854489 0.278942
vt 0.858280 0.278942
vt 0.858280 0.290415
vt 0.854489 0.300209
vt 0.858280 0.300209
vt 0.671974 0.966922
vt 0.671974 0.970817
vt 0.854489 0.309364
vt 0.858280 0.309364
vt 0.665131 0.966922
vt 0.665131 0.970817
vt 0.671974 0.974720
vt 0.665131 0.974720
vt 0.671974 0.978618
vt 0.665131 0.978618
vt 0.671974 0.982502
vt 0.665131 0.982502
vt 0.671974 0.986378
vt 0.665131 0.986378
vt 0.671974 0.990260
vt 0.665131 0.990260
vt 0.657441 0.982502
vt 0.657441 0.986378
vt 0.657441 0.990260
vt 0.647171 0.982502
vt 0.647171 0.986378
vt 0.647171 0.990260
vt 0.647171 0.978618
vt 0.657441 0.978618
vt 0.647171 0.974720
vt 0.657441 0.974720
vt 0.647171 0.970817
vt 0.657441 0.970817
vt 0.647171 0.966922
vt 0.657441 0.966922
vt 0.854489 0.319089
vt 0.858280 0.319089
vt 0.854489 0.330584
vt 0.858280 0.330584
vt 0.854489 0.344858
vt 0.858280 0.344858
vt 0.633393 0.966922
vt 0.633393 0.970817
vt 0.854489 0.362672
vt 0.858280 0.362672
vt 0.615582 0.966922
vt 0.615582 0.970817
vt 0.633393 0.974720
vt 0.615582 0.974720
vt 0.633393 0.978618
vt 0.615582 0.978618
vt 0.633393 0.982502
vt 0.615582 0.982502
vt 0.633393 0.986378
vt 0.615582 0.986378
vt 0.633393 0.990260
vt 0.615582 0.990260
vt 0.909006 0.187325
vt 0.909006 0.359458
vt 0.905062 0.359458
vt 0.905062 0.187325
vt 0.901137 0.359458
vt 0.901137 0.187325
vt 0.849076 0.430046
vt 0.847392 0.431544
vt 0.844662 0.429057
vt 0.846607 0.427122
vt 0.841891 0.426628
vt 0.844163 0.424325
vt 0.851438 0.433329
vt 0.849861 0.434349
vt 0.912936 0.187325
vt 0.912936 0.359458
vt 0.853289 0.437163
vt 0.851618 0.437688
vt 0.916877 0.187325
vt 0.916877 0.359458
vt 0.853877 0.441380
vt 0.852142 0.441420
vt 0.920820 0.187325
vt 0.920820 0.359458
vt 0.853590 0.445407
vt 0.851657 0.445190
vt 0.924756 0.187325
vt 0.924756 0.359458
vt 0.703650 0.904430
vt 0.877155 0.904430
vt 0.877155 0.908350
vt 0.703650 0.908350
vt 0.256442 0.667735
vt 0.253956 0.666512
vt 0.256119 0.662854
vt 0.258087 0.663872
vt 0.258507 0.668399
vt 0.259498 0.664360
vt 0.854927 0.445483
vt 0.854909 0.441315
vt 0.260231 0.668637
vt 0.260433 0.664505
vt 0.855800 0.445450
vt 0.855305 0.441272
vt 0.854243 0.436884
vt 0.854558 0.436800
vt 0.852537 0.432738
vt 0.853156 0.432485
vt 0.850534 0.429049
vt 0.851767 0.428471
vt 0.848512 0.425707
vt 0.850401 0.424772
vt 0.846546 0.422527
vt 0.849081 0.421255
vt 0.852870 0.428180
vt 0.852279 0.424283
vt 0.851704 0.420560
vt 0.853983 0.428102
vt 0.854121 0.424187
vt 0.854255 0.420417
vt 0.854005 0.432332
vt 0.853539 0.432387
vt 0.854632 0.436787
vt 0.854562 0.436798
vt 0.855553 0.441209
vt 0.855400 0.441253
vt 0.857015 0.445160
vt 0.856419 0.445344
vt 0.261730 0.668568
vt 0.261093 0.664471
vt 0.263120 0.668226
vt 0.261728 0.664298
vt 0.857764 0.444837
vt 0.856002 0.441061
vt 0.858719 0.444347
vt 0.856811 0.440767
vt 0.855041 0.436724
vt 0.855880 0.436613
vt 0.854729 0.432324
vt 0.855770 0.432390
vt 0.855201 0.428214
vt 0.856542 0.428495
vt 0.855906 0.424402
vt 0.857628 0.424839
vt 0.856607 0.420693
vt 0.858719 0.421227
vt 0.699380 0.966922
vt 0.727551 0.966922
vt 0.727551 0.970867
vt 0.699380 0.970867
vt 0.727551 0.974807
vt 0.699380 0.974807
vt 0.972125 0.211949
vt 0.987354 0.211949
vt 0.986334 0.215757
vt 0.973146 0.215757
vt 0.983547 0.218544
vt 0.975933 0.218544
vt 0.699380 0.982692
vt 0.727551 0.982692
vt 0.727551 0.986637
vt 0.699380 0.986637
vt 0.727551 0.990581
vt 0.699380 0.990581
vt 0.979740 0.219564
vt 0.699380 0.978748
vt 0.727551 0.978748
vt 0.264356 0.672016
vt 0.262282 0.672448
vt 0.267706 0.675004
vt 0.265258 0.675638
vt 0.262672 0.676030
vt 0.260052 0.672543
vt 0.259937 0.676137
vt 0.257641 0.672256
vt 0.257035 0.675892
vt 0.254968 0.671532
vt 0.253866 0.675295
vt 0.251885 0.670254
vt 0.250182 0.674244
vt 0.703650 0.900513
vt 0.877155 0.900513
vt 0.703650 0.896589
vt 0.877155 0.896589
vt 0.850704 0.362672
vt 0.850704 0.344858
vt 0.846910 0.362672
vt 0.846910 0.344858
vt 0.850704 0.330584
vt 0.846910 0.330584
vt 0.850704 0.319089
vt 0.846910 0.319089
vt 0.850704 0.309364
vt 0.846910 0.309364
vt 0.850704 0.300209
vt 0.846910 0.300209
vt 0.850704 0.290415
vt 0.846910 0.290415
vt 0.850704 0.278942
vt 0.846910 0.278942
vt 0.270031 0.674178
vt 0.667413 0.922056
vt 0.667413 0.950740
vt 0.979740 0.235584
vt 0.858219 0.822938
vt 0.858219 0.813367
vt 0.862349 0.813367
vt 0.862349 0.822938
vt 0.615582 0.932446
vt 0.615582 0.928255
vt 0.623357 0.928255
vt 0.623357 0.932446
vt 0.807653 0.828914
vt 0.799725 0.828914
vt 0.799725 0.824832
vt 0.807678 0.824832
vt 0.200319 0.861623
vt 0.200319 0.874372
vt 0.200319 0.879937
vt 0.204436 0.861623
vt 0.204436 0.874372
vt 0.204436 0.879937
vt 0.196121 0.884553
vt 0.200319 0.884553
vt 0.204436 0.884553
vt 0.208571 0.874372
vt 0.208571 0.879937
vt 0.208571 0.884553
vt 0.212801 0.874372
vt 0.212801 0.879937
vt 0.212801 0.884553
vt 0.204436 0.889691
vt 0.208571 0.889691
vt 0.212801 0.889691
vt 0.217108 0.879937
vt 0.217108 0.884553
vt 0.217108 0.889691
vt 0.840823 0.717529
vt 0.845008 0.717529
vt 0.845008 0.725122
vt 0.840823 0.725122
vt 0.840823 0.732412
vt 0.845008 0.732412
vt 0.217108 0.897908
vt 0.212801 0.897908
vt 0.845008 0.741366
vt 0.840823 0.741366
vt 0.849102 0.725122
vt 0.849102 0.732412
vt 0.849102 0.741366
vt 0.853118 0.725122
vt 0.853118 0.732412
vt 0.853118 0.741366
vt 0.913649 0.178919
vt 0.909577 0.178919
vt 0.909577 0.003906
vt 0.913649 0.003906
vt 0.905421 0.178919
vt 0.905421 0.003906
vt 0.976280 0.870408
vt 0.976280 0.883278
vt 0.972431 0.883278
vt 0.972431 0.870408
vt 0.968605 0.883278
vt 0.968605 0.870408
vt 0.917720 0.003906
vt 0.917720 0.178919
vt 0.964774 0.883278
vt 0.964774 0.870408
vt 0.921921 0.178919
vt 0.921921 0.003906
vt 0.960917 0.883278
vt 0.960917 0.870408
vt 0.960917 0.861385
vt 0.964774 0.861385
vt 0.968605 0.861385
vt 0.968605 0.853193
vt 0.964774 0.853193
vt 0.960917 0.853193
vt 0.910014 0.946322
vt 0.914012 0.946322
vt 0.914012 0.955380
vt 0.910014 0.955380
vt 0.914012 0.938159
vt 0.910014 0.938159
vt 0.910014 0.930464
vt 0.914012 0.930464
vt 0.960917 0.845431
vt 0.964774 0.845431
vt 0.964774 0.837654
vt 0.960917 0.837654
vt 0.910014 0.922750
vt 0.914012 0.922750
vt 0.906021 0.930464
vt 0.906021 0.938159
vt 0.906021 0.922750
vt 0.906021 0.914542
vt 0.910014 0.914542
vt 0.914012 0.914542
vt 0.914012 0.905446
vt 0.910014 0.905446
vt 0.906021 0.905446
vt 0.902055 0.914542
vt 0.902055 0.922750
vt 0.902055 0.905446
vt 0.902055 0.895159
vt 0.906021 0.895159
vt 0.910014 0.895159
vt 0.910014 0.883462
vt 0.906021 0.883462
vt 0.902055 0.883462
vt 0.898113 0.895159
vt 0.898113 0.905446
vt 0.898113 0.883462
vt 0.898113 0.869282
vt 0.902055 0.869282
vt 0.906021 0.869282
vt 0.800893 0.344065
vt 0.707656 0.344033
vt 0.707482 0.339963
vt 0.800906 0.339988
vt 0.800923 0.335912
vt 0.707257 0.335897
vt 0.894165 0.869282
vt 0.894165 0.883462
vt 0.707042 0.331830
vt 0.800939 0.331835
vt 0.986822 0.199607
vt 0.983939 0.202490
vt 0.976063 0.202490
vt 0.973181 0.199607
vt 0.980001 0.203545
vt 0.800886 0.348142
vt 0.707732 0.348109
vt 0.800887 0.352219
vt 0.707689 0.352185
vt 0.972125 0.195669
vt 0.987877 0.195669
vt 0.973181 0.183327
vt 0.972125 0.179389
vt 0.987877 0.179389
vt 0.986822 0.183327
vt 0.960917 0.891683
vt 0.964992 0.891683
vt 0.964992 0.985366
vt 0.960917 0.985366
vt 0.910014 0.869282
vt 0.914012 0.869282
vt 0.914012 0.883462
vt 0.960917 0.784908
vt 0.964774 0.784908
vt 0.964774 0.798753
vt 0.960917 0.798753
vt 0.964774 0.810228
vt 0.960917 0.810228
vt 0.914012 0.895159
vt 0.968605 0.798753
vt 0.968605 0.810228
vt 0.968605 0.784908
vt 0.972431 0.798753
vt 0.972431 0.810228
vt 0.972431 0.784908
vt 0.976280 0.798753
vt 0.976280 0.810228
vt 0.976280 0.784908
vt 0.980155 0.798753
vt 0.980155 0.810228
vt 0.980155 0.784908
vt 0.890190 0.883462
vt 0.890190 0.895159
vt 0.886192 0.895159
vt 0.886192 0.883462
vt 0.886192 0.869282
vt 0.890190 0.869282
vt 0.894165 0.895159
vt 0.894165 0.905446
vt 0.890190 0.905446
vt 0.898113 0.914542
vt 0.894165 0.914542
vt 0.890190 0.914542
vt 0.886192 0.914542
vt 0.886192 0.905446
vt 0.980155 0.820380
vt 0.980155 0.829427
vt 0.976280 0.829427
vt 0.976280 0.820380
vt 0.972431 0.829427
vt 0.972431 0.820380
vt 0.968605 0.829427
vt 0.968605 0.820380
vt 0.964774 0.829427
vt 0.964774 0.820380
vt 0.960917 0.829427
vt 0.960917 0.820380
vt 0.968605 0.837654
vt 0.968605 0.845431
vt 0.972431 0.837654
vt 0.972431 0.845431
vt 0.976280 0.837654
vt 0.976280 0.845431
vt 0.980155 0.837654
vt 0.980155 0.845431
vt 0.890190 0.922750
vt 0.890190 0.930464
vt 0.886192 0.930464
vt 0.886192 0.922750
vt 0.894165 0.922750
vt 0.894165 0.930464
vt 0.898113 0.922750
vt 0.898113 0.930464
vt 0.902055 0.930464
vt 0.902055 0.938159
vt 0.898113 0.938159
vt 0.906021 0.946322
vt 0.902055 0.946322
vt 0.898113 0.946322
vt 0.894165 0.946322
vt 0.894165 0.938159
vt 0.890190 0.946322
vt 0.890190 0.938159
vt 0.886192 0.946322
vt 0.886192 0.938159
vt 0.980155 0.853193
vt 0.980155 0.861385
vt 0.976280 0.861385
vt 0.976280 0.853193
vt 0.972431 0.861385
vt 0.972431 0.853193
vt 0.980155 0.870408
vt 0.980155 0.883278
vt 0.890190 0.955380
vt 0.890190 0.968458
vt 0.886192 0.968458
vt 0.886192 0.955380
vt 0.894165 0.955380
vt 0.894165 0.968458
vt 0.898113 0.955380
vt 0.898113 0.968458
vt 0.902055 0.955380
vt 0.902055 0.968458
vt 0.906021 0.955380
vt 0.906021 0.968458
vt 0.910014 0.968458
vt 0.914012 0.968458
vt 0.003906 0.870218
vt 0.003906 0.865930
vt 0.178605 0.865930
vt 0.178605 0.870218
vt 0.003906 0.861623
vt 0.178605 0.861623
vt 0.191830 0.897908
vt 0.187516 0.897908
vt 0.187516 0.889691
vt 0.191830 0.889691
vt 0.196121 0.897908
vt 0.196121 0.889691
vt 0.200319 0.897908
vt 0.200319 0.889691
vt 0.003906 0.874376
vt 0.178605 0.874376
vt 0.204436 0.897908
vt 0.003906 0.878425
vt 0.178605 0.878425
vt 0.208571 0.897908
vt 0.003906 0.882497
vt 0.178605 0.882497
vt 0.003906 0.886700
vt 0.178605 0.886700
vt 0.003906 0.891007
vt 0.178605 0.891007
vt 0.191830 0.884553
vt 0.187516 0.884553
vt 0.187516 0.879937
vt 0.857150 0.725122
vt 0.857150 0.717529
vt 0.861281 0.725122
vt 0.857150 0.732412
vt 0.861281 0.732412
vt 0.861281 0.741366
vt 0.857150 0.741366
vt 0.853118 0.717529
vt 0.849102 0.717529
vt 0.853118 0.709214
vt 0.849102 0.709214
vt 0.845008 0.709214
vt 0.840823 0.709214
vt 0.845008 0.694151
vt 0.849102 0.694151
vt 0.840823 0.694151
vt 0.212801 0.861623
vt 0.217108 0.861623
vt 0.217108 0.874372
vt 0.208571 0.861623
vt 0.807679 0.816653
vt 0.799725 0.816653
vt 0.799725 0.812570
vt 0.807677 0.812570
vt 0.799725 0.808494
vt 0.807649 0.808494
vt 0.615582 0.944908
vt 0.615582 0.940683
vt 0.623357 0.940683
vt 0.623357 0.944908
vt 0.615582 0.949210
vt 0.623357 0.949210
vt 0.846078 0.822938
vt 0.841891 0.822938
vt 0.841891 0.813367
vt 0.846078 0.813367
vt 0.447985 0.976258
vt 0.447985 0.967632
vt 0.452031 0.967632
vt 0.452031 0.976227
vt 0.850172 0.822938
vt 0.850172 0.813367
vt 0.456084 0.967632
vt 0.456084 0.976225
vt 0.854187 0.813367
vt 0.854187 0.822938
vt 0.460144 0.967632
vt 0.460144 0.976224
vt 0.850172 0.805054
vt 0.854187 0.805054
vt 0.846078 0.805054
vt 0.850172 0.797462
vt 0.854187 0.797462
vt 0.846078 0.797462
vt 0.850172 0.790174
vt 0.854187 0.790174
vt 0.846078 0.790174
vt 0.850172 0.781223
vt 0.854187 0.781223
vt 0.846078 0.781223
vt 0.683368 0.391784
vt 0.683368 0.387712
vt 0.858381 0.387712
vt 0.858381 0.391784
vt 0.858381 0.383556
vt 0.683368 0.383556
vt 0.858219 0.781223
vt 0.858219 0.790174
vt 0.683368 0.395855
vt 0.858381 0.395855
vt 0.862349 0.781223
vt 0.862349 0.790174
vt 0.858381 0.400056
vt 0.683368 0.400056
vt 0.876748 0.876378
vt 0.702049 0.876378
vt 0.702049 0.872070
vt 0.876748 0.872070
vt 0.646847 0.919663
vt 0.646847 0.923970
vt 0.638646 0.923970
vt 0.638646 0.919663
vt 0.858219 0.797462
vt 0.862349 0.797462
vt 0.633518 0.919663
vt 0.633518 0.923970
vt 0.858219 0.805054
vt 0.862349 0.805054
vt 0.628911 0.928255
vt 0.633518 0.928255
vt 0.633518 0.932446
vt 0.628911 0.932446
vt 0.638646 0.928255
vt 0.638646 0.932446
vt 0.646847 0.928255
vt 0.646847 0.932446
vt 0.702049 0.867785
vt 0.702049 0.863627
vt 0.876748 0.863627
vt 0.876748 0.867785
vt 0.943917 0.784908
vt 0.947910 0.784908
vt 0.947910 0.797987
vt 0.943917 0.797987
vt 0.939951 0.784908
vt 0.939951 0.797987
vt 0.702049 0.859578
vt 0.876748 0.859578
vt 0.936009 0.784908
vt 0.936009 0.797987
vt 0.943917 0.807045
vt 0.939951 0.807045
vt 0.936009 0.807045
vt 0.939951 0.815207
vt 0.936009 0.815207
vt 0.943917 0.815207
vt 0.947910 0.807045
vt 0.947910 0.815207
vt 0.951909 0.797987
vt 0.951909 0.807045
vt 0.951909 0.815207
vt 0.426201 0.954110
vt 0.426201 0.957968
vt 0.417178 0.957968
vt 0.417178 0.954110
vt 0.408986 0.957968
vt 0.408986 0.954110
vt 0.426201 0.961799
vt 0.417178 0.961799
vt 0.408986 0.961799
vt 0.426201 0.965625
vt 0.417178 0.965625
vt 0.408986 0.965625
vt 0.426201 0.969473
vt 0.417178 0.969473
vt 0.408986 0.969473
vt 0.426201 0.973348
vt 0.417178 0.973348
vt 0.408986 0.973348
vt 0.924088 0.797987
vt 0.928086 0.797987
vt 0.928086 0.807045
vt 0.924088 0.807045
vt 0.928086 0.815207
vt 0.924088 0.815207
vt 0.932061 0.797987
vt 0.932061 0.807045
vt 0.932061 0.815207
vt 0.936009 0.822903
vt 0.932061 0.822903
vt 0.928086 0.822903
vt 0.932061 0.830617
vt 0.928086 0.830617
vt 0.936009 0.830617
vt 0.939951 0.822903
vt 0.939951 0.830617
vt 0.943917 0.822903
vt 0.943917 0.830617
vt 0.947910 0.822903
vt 0.947910 0.830617
vt 0.951909 0.822903
vt 0.951909 0.830617
vt 0.401224 0.957968
vt 0.401224 0.954110
vt 0.393446 0.957968
vt 0.393446 0.954110
vt 0.401224 0.961799
vt 0.393446 0.961799
vt 0.401224 0.965625
vt 0.393446 0.965625
vt 0.401224 0.969473
vt 0.393446 0.969473
vt 0.401224 0.973348
vt 0.393446 0.973348
vt 0.924088 0.822903
vt 0.924088 0.830617
vt 0.928086 0.838825
vt 0.924088 0.838825
vt 0.385220 0.973348
vt 0.385220 0.969473
vt 0.376173 0.973348
vt 0.376173 0.969473
vt 0.928086 0.847921
vt 0.924088 0.847921
vt 0.932061 0.838825
vt 0.932061 0.847921
vt 0.936009 0.838825
vt 0.936009 0.847921
vt 0.939951 0.838825
vt 0.939951 0.847921
vt 0.943917 0.838825
vt 0.943917 0.847921
vt 0.947910 0.838825
vt 0.947910 0.847921
vt 0.951909 0.838825
vt 0.951909 0.847921
vt 0.385220 0.957968
vt 0.385220 0.954110
vt 0.376173 0.957968
vt 0.376173 0.954110
vt 0.385220 0.961799
vt 0.376173 0.961799
vt 0.385220 0.965625
vt 0.376173 0.965625
vt 0.366021 0.969473
vt 0.366021 0.965625
vt 0.366021 0.961799
vt 0.354546 0.965625
vt 0.354546 0.961799
vt 0.354546 0.969473
vt 0.366021 0.973348
vt 0.354546 0.973348
vt 0.928086 0.858207
vt 0.924088 0.858207
vt 0.928086 0.869905
vt 0.924088 0.869905
vt 0.932061 0.858207
vt 0.932061 0.869905
vt 0.936009 0.858207
vt 0.936009 0.869905
vt 0.939951 0.858207
vt 0.939951 0.869905
vt 0.943917 0.858207
vt 0.943917 0.869905
vt 0.947910 0.858207
vt 0.947910 0.869905
vt 0.951909 0.858207
vt 0.951909 0.869905
vt 0.366021 0.957968
vt 0.366021 0.954110
vt 0.354546 0.957968
vt 0.354546 0.954110
vt 0.340701 0.961799
vt 0.340701 0.957968
vt 0.340701 0.954110
vt 0.927096 0.892490
vt 0.927096 0.986172
vt 0.923021 0.986172
vt 0.923021 0.892490
vt 0.931169 0.892490
vt 0.931169 0.986172
vt 0.340701 0.965625
vt 0.935241 0.986172
vt 0.935241 0.892490
vt 0.340701 0.969473
vt 0.939315 0.986172
vt 0.939315 0.892490
vt 0.340701 0.973348
vt 0.943392 0.986172
vt 0.943392 0.892490
vt 0.928086 0.884085
vt 0.924088 0.884085
vt 0.434761 0.921243
vt 0.340704 0.921244
vt 0.340701 0.917167
vt 0.434802 0.917167
vt 0.932061 0.884085
vt 0.434612 0.925315
vt 0.340716 0.925320
vt 0.936009 0.884085
vt 0.434397 0.929382
vt 0.340732 0.929397
vt 0.939951 0.884085
vt 0.434172 0.933448
vt 0.340749 0.933474
vt 0.943917 0.884085
vt 0.340762 0.937551
vt 0.433998 0.937519
vt 0.947910 0.884085
vt 0.433922 0.941594
vt 0.340769 0.941628
vt 0.951909 0.884085
vt 0.340767 0.945705
vt 0.433966 0.945671
vt 0.972125 0.161338
vt 0.987340 0.161338
vt 0.987340 0.165415
vt 0.972125 0.165415
vt 0.985302 0.168945
vt 0.974164 0.168946
vt 0.983238 0.017083
vt 0.983238 0.005945
vt 0.986768 0.003906
vt 0.986768 0.019121
vt 0.981771 0.170984
vt 0.977694 0.170984
vt 0.981199 0.013552
vt 0.981199 0.009475
vt 0.928086 0.784908
vt 0.932061 0.784908
vt 0.702049 0.855506
vt 0.876748 0.855506
vt 0.702049 0.851303
vt 0.876748 0.851303
vt 0.924088 0.784908
vt 0.702049 0.846996
vt 0.876748 0.846996
vt 0.439071 0.969473
vt 0.439071 0.973348
vt 0.858381 0.379272
vt 0.683368 0.379272
vt 0.439071 0.965625
vt 0.638646 0.944908
vt 0.646847 0.944908
vt 0.646847 0.949210
vt 0.638646 0.949210
vt 0.841891 0.790174
vt 0.841891 0.781223
vt 0.841891 0.797462
vt 0.633518 0.944908
vt 0.633518 0.949210
vt 0.633518 0.940683
vt 0.638646 0.940683
vt 0.646847 0.940683
vt 0.633518 0.936556
vt 0.638646 0.936556
vt 0.646847 0.936556
vt 0.628911 0.936556
vt 0.628911 0.940683
vt 0.623357 0.936556
vt 0.628911 0.944908
vt 0.615582 0.936556
vt 0.628911 0.949210
vt 0.841891 0.805054
vt 0.799725 0.820743
vt 0.807680 0.820743
vt 0.439071 0.961799
vt 0.439071 0.957968
vt 0.439071 0.954110
vt 0.951909 0.784908
vt 0.853118 0.694151
vt 0.857150 0.694151
vt 0.464206 0.967632
vt 0.901137 0.178919
vt 0.901137 0.003906
vt 0.706853 0.323681
vt 0.800953 0.323681
vt 0.800950 0.327758
vt 0.706894 0.327758
vt 0.977212 0.985366
vt 0.977212 0.891683
vt 0.981288 0.891683
vt 0.981288 0.985366
vt 0.983939 0.186210
vt 0.976063 0.186210
vt 0.980001 0.187265
vt 0.973137 0.985366
vt 0.973137 0.891683
vt 0.969065 0.891683
vt 0.969065 0.985366
vt 0.781803 0.977138
vt 0.781803 0.978469
vt 0.776383 0.978469
vt 0.776383 0.977138
vt 0.558092 0.991103
vt 0.552603 0.991103
vt 0.547857 0.988364
vt 0.562837 0.988364
vt 0.787217 0.978469
vt 0.787217 0.977138
vt 0.773394 0.991998
vt 0.777313 0.991998
vt 0.777313 0.994847
vt 0.773394 0.994847
vt 0.769485 0.991998
vt 0.769485 0.994847
vt 0.773394 0.988434
vt 0.777313 0.988434
vt 0.769485 0.988434
vt 0.773394 0.986875
vt 0.777313 0.986875
vt 0.769485 0.986875
vt 0.781274 0.988434
vt 0.781274 0.986875
vt 0.781274 0.991998
vt 0.785288 0.988434
vt 0.785288 0.986875
vt 0.785288 0.991998
vt 0.781274 0.994847
vt 0.785288 0.994847
vt 0.765565 0.978469
vt 0.765565 0.977138
vt 0.770969 0.977138
vt 0.770969 0.978469
vt 0.545127 0.983638
vt 0.565568 0.983638
vt 0.569838 0.441878
vt 0.549397 0.441878
vt 0.549397 0.436431
vt 0.569838 0.436431
vt 0.169835 0.705420
vt 0.169835 0.704133
vt 0.175061 0.704133
vt 0.175061 0.705420
vt 0.138411 0.705420
vt 0.138411 0.704133
vt 0.143638 0.704133
vt 0.143638 0.705420
vt 0.792621 0.977138
vt 0.792621 0.978469
vt 0.765565 0.991998
vt 0.765565 0.994847
vt 0.603049 0.972515
vt 0.606800 0.972515
vt 0.606800 0.975233
vt 0.603049 0.975233
vt 0.599304 0.972515
vt 0.599304 0.975233
vt 0.148870 0.704133
vt 0.148870 0.705420
vt 0.595571 0.972515
vt 0.595571 0.975233
vt 0.154113 0.704133
vt 0.154113 0.705420
vt 0.591828 0.972515
vt 0.591828 0.975233
vt 0.159360 0.704133
vt 0.159360 0.705420
vt 0.588045 0.972515
vt 0.588045 0.975233
vt 0.164602 0.704133
vt 0.164602 0.705420
vt 0.584211 0.972515
vt 0.584211 0.975233
vt 0.580354 0.972515
vt 0.580354 0.975233
vt 0.580354 0.969108
vt 0.584211 0.969108
vt 0.588045 0.969108
vt 0.584211 0.967632
vt 0.588045 0.967632
vt 0.580354 0.967632
vt 0.591828 0.969108
vt 0.591828 0.967632
vt 0.595571 0.969108
vt 0.595571 0.967632
vt 0.599304 0.969108
vt 0.599304 0.967632
vt 0.603049 0.969108
vt 0.603049 0.967632
vt 0.606800 0.969108
vt 0.606800 0.967632
vt 0.765565 0.988434
vt 0.765565 0.986875
vt 0.842277 0.969768
vt 0.838688 0.969768
vt 0.838688 0.966922
vt 0.842277 0.966922
vt 0.138311 0.988133
vt 0.138311 0.991316
vt 0.134285 0.991316
vt 0.134285 0.988133
vt 0.842277 0.971913
vt 0.838688 0.971913
vt 0.138311 0.993721
vt 0.134285 0.993721
vt 0.203030 0.906314
vt 0.209044 0.906314
vt 0.209044 0.908125
vt 0.203030 0.908125
vt 0.237096 0.695728
vt 0.231080 0.695728
vt 0.231080 0.693916
vt 0.237096 0.693916
vt 0.534301 0.725491
vt 0.534301 0.731509
vt 0.249964 0.731509
vt 0.249964 0.725491
vt 0.828897 0.749538
vt 0.542992 0.749538
vt 0.542992 0.743523
vt 0.828897 0.743523
vt 0.542992 0.737507
vt 0.828897 0.737507
vt 0.197017 0.906314
vt 0.197017 0.908125
vt 0.542992 0.731485
vt 0.828897 0.731485
vt 0.191003 0.908125
vt 0.191003 0.906314
vt 0.130268 0.993721
vt 0.130268 0.991316
vt 0.126245 0.993721
vt 0.126245 0.991316
vt 0.122200 0.993721
vt 0.122200 0.991316
vt 0.184989 0.906314
vt 0.184989 0.908125
vt 0.118128 0.993721
vt 0.118128 0.991316
vt 0.178976 0.906314
vt 0.178976 0.908125
vt 0.542992 0.725469
vt 0.828897 0.725469
vt 0.542992 0.719463
vt 0.828897 0.719463
vt 0.534301 0.767607
vt 0.249964 0.767607
vt 0.249964 0.761601
vt 0.534301 0.761601
vt 0.201003 0.695728
vt 0.194988 0.695728
vt 0.194988 0.693916
vt 0.201003 0.693916
vt 0.249964 0.755590
vt 0.534301 0.755590
vt 0.207019 0.695728
vt 0.207019 0.693916
vt 0.863888 0.971913
vt 0.860252 0.971913
vt 0.860252 0.969768
vt 0.863888 0.969768
vt 0.856625 0.971913
vt 0.856625 0.969768
vt 0.853022 0.971913
vt 0.853022 0.969768
vt 0.213034 0.695728
vt 0.213034 0.693916
vt 0.849439 0.971913
vt 0.849439 0.969768
vt 0.219050 0.695728
vt 0.219050 0.693916
vt 0.249964 0.749568
vt 0.534301 0.749568
vt 0.249964 0.743542
vt 0.534301 0.743542
vt 0.249964 0.737520
vt 0.534301 0.737520
vt 0.225065 0.695728
vt 0.225065 0.693916
vt 0.845861 0.971913
vt 0.845861 0.969768
vt 0.845861 0.966922
vt 0.849439 0.966922
vt 0.853022 0.966922
vt 0.960237 0.776503
vt 0.954239 0.776503
vt 0.954239 0.760423
vt 0.960237 0.760423
vt 0.948187 0.776503
vt 0.948187 0.760423
vt 0.948187 0.746808
vt 0.954239 0.746808
vt 0.960237 0.746808
vt 0.966208 0.746808
vt 0.966208 0.760423
vt 0.966208 0.776503
vt 0.962924 0.507771
vt 0.962924 0.522665
vt 0.957008 0.522665
vt 0.957008 0.507771
vt 0.957008 0.490846
vt 0.962924 0.490846
vt 0.951040 0.522665
vt 0.951040 0.507771
vt 0.951040 0.490846
vt 0.945045 0.522665
vt 0.945045 0.507771
vt 0.945045 0.490846
vt 0.939077 0.522665
vt 0.939077 0.507771
vt 0.939077 0.490846
vt 0.933162 0.522665
vt 0.933162 0.507771
vt 0.933162 0.490846
vt 0.924088 0.760423
vt 0.924088 0.746808
vt 0.930059 0.746808
vt 0.930059 0.760423
vt 0.930059 0.776503
vt 0.924088 0.776503
vt 0.936057 0.746808
vt 0.936057 0.760423
vt 0.936057 0.776503
vt 0.942109 0.746808
vt 0.942109 0.760423
vt 0.942109 0.776503
vt 0.942109 0.735315
vt 0.948187 0.735315
vt 0.936057 0.735315
vt 0.936057 0.725500
vt 0.942109 0.725500
vt 0.948187 0.725500
vt 0.954239 0.725500
vt 0.954239 0.735315
vt 0.960237 0.725500
vt 0.960237 0.735315
vt 0.966208 0.725500
vt 0.966208 0.735315
vt 0.962924 0.535889
vt 0.962924 0.547880
vt 0.957008 0.547880
vt 0.957008 0.535889
vt 0.951040 0.547880
vt 0.951040 0.535889
vt 0.945045 0.547880
vt 0.945045 0.535889
vt 0.939077 0.547880
vt 0.939077 0.535889
vt 0.933162 0.547880
vt 0.933162 0.535889
vt 0.930059 0.725500
vt 0.930059 0.735315
vt 0.924088 0.735315
vt 0.924088 0.725500
vt 0.930059 0.716732
vt 0.936057 0.716732
vt 0.924088 0.716732
vt 0.924088 0.708284
vt 0.930059 0.708284
vt 0.936057 0.708284
vt 0.942109 0.708284
vt 0.942109 0.716732
vt 0.948187 0.708284
vt 0.948187 0.716732
vt 0.954239 0.708284
vt 0.954239 0.716732
vt 0.960237 0.708284
vt 0.960237 0.716732
vt 0.966208 0.708284
vt 0.966208 0.716732
vt 0.962924 0.559083
vt 0.962924 0.570014
vt 0.957008 0.570014
vt 0.957008 0.559083
vt 0.951040 0.570014
vt 0.951040 0.559083
vt 0.945045 0.570014
vt 0.945045 0.559083
vt 0.939077 0.570014
vt 0.939077 0.559083
vt 0.933162 0.570014
vt 0.933162 0.559083
vt 0.945045 0.581172
vt 0.939077 0.581172
vt 0.933162 0.581172
vt 0.924088 0.699412
vt 0.930059 0.699412
vt 0.939077 0.596837
vt 0.933162 0.596837
vt 0.924088 0.685590
vt 0.930059 0.685590
vt 0.936057 0.685590
vt 0.936057 0.699412
vt 0.942109 0.685590
vt 0.942109 0.699412
vt 0.948187 0.685590
vt 0.948187 0.699412
vt 0.954239 0.685590
vt 0.954239 0.699412
vt 0.960237 0.685590
vt 0.960237 0.699412
vt 0.966208 0.685590
vt 0.966208 0.699412
vt 0.962924 0.581172
vt 0.962924 0.596837
vt 0.957008 0.596837
vt 0.957008 0.581172
vt 0.951040 0.596837
vt 0.951040 0.581172
vt 0.945045 0.596837
vt 0.951040 0.637688
vt 0.945045 0.637688
vt 0.939077 0.637688
vt 0.951601 0.326092
vt 0.957596 0.326092
vt 0.957596 0.482440
vt 0.951601 0.482440
vt 0.945587 0.326092
vt 0.945587 0.482440
vt 0.003906 0.923289
vt 0.003906 0.917313
vt 0.044789 0.917313
vt 0.044789 0.923289
vt 0.003906 0.911314
vt 0.044789 0.911314
vt 0.060466 0.911314
vt 0.060466 0.917313
vt 0.060466 0.923289
vt 0.060466 0.929216
vt 0.044789 0.929216
vt 0.003906 0.929216
vt 0.071633 0.923289
vt 0.071633 0.917313
vt 0.071633 0.929216
vt 0.510845 0.917121
vt 0.510845 0.923095
vt 0.497040 0.923095
vt 0.497040 0.917121
vt 0.519706 0.923095
vt 0.519706 0.917121
vt 0.510845 0.929093
vt 0.497040 0.929093
vt 0.519706 0.929093
vt 0.510845 0.935139
vt 0.497040 0.935139
vt 0.519706 0.935139
vt 0.510845 0.941210
vt 0.497040 0.941210
vt 0.519706 0.941210
vt 0.510845 0.947257
vt 0.497040 0.947257
vt 0.519706 0.947257
vt 0.510845 0.953254
vt 0.497040 0.953254
vt 0.519706 0.953254
vt 0.510845 0.959227
vt 0.497040 0.959227
vt 0.519706 0.959227
vt 0.060466 0.899412
vt 0.060466 0.905339
vt 0.044789 0.905339
vt 0.044789 0.899412
vt 0.071633 0.905339
vt 0.071633 0.899412
vt 0.071633 0.911314
vt 0.082572 0.911314
vt 0.082572 0.917313
vt 0.082572 0.905339
vt 0.093784 0.911314
vt 0.093784 0.905339
vt 0.093784 0.917313
vt 0.082572 0.923289
vt 0.093784 0.923289
vt 0.082572 0.929216
vt 0.093784 0.929216
vt 0.528144 0.917121
vt 0.528144 0.923095
vt 0.536901 0.917121
vt 0.536901 0.923095
vt 0.528144 0.929093
vt 0.536901 0.929093
vt 0.528144 0.935139
vt 0.536901 0.935139
vt 0.528144 0.941210
vt 0.536901 0.941210
vt 0.528144 0.947257
vt 0.536901 0.947257
vt 0.528144 0.953254
vt 0.536901 0.953254
vt 0.528144 0.959227
vt 0.536901 0.959227
vt 0.082572 0.899412
vt 0.093784 0.899412
vt 0.105784 0.899412
vt 0.105784 0.905339
vt 0.546704 0.953254
vt 0.546704 0.959227
vt 0.558183 0.959227
vt 0.558183 0.953254
vt 0.119019 0.905339
vt 0.119019 0.899412
vt 0.105784 0.911314
vt 0.119019 0.911314
vt 0.105784 0.917313
vt 0.119019 0.917313
vt 0.105784 0.923289
vt 0.119019 0.923289
vt 0.105784 0.929216
vt 0.119019 0.929216
vt 0.546704 0.917121
vt 0.546704 0.923095
vt 0.558183 0.923095
vt 0.558183 0.917121
vt 0.546704 0.929093
vt 0.558183 0.929093
vt 0.546704 0.935139
vt 0.558183 0.935139
vt 0.546704 0.941210
vt 0.558183 0.941210
vt 0.546704 0.947257
vt 0.558183 0.947257
vt 0.571781 0.947257
vt 0.571781 0.953254
vt 0.571781 0.941210
vt 0.587841 0.947257
vt 0.587841 0.941210
vt 0.587841 0.953254
vt 0.571781 0.959227
vt 0.587841 0.959227
vt 0.133925 0.899412
vt 0.133925 0.905339
vt 0.150863 0.905339
vt 0.150863 0.899412
vt 0.133925 0.911314
vt 0.150863 0.911314
vt 0.133925 0.917313
vt 0.150863 0.917313
vt 0.133925 0.923289
vt 0.150863 0.923289
vt 0.133925 0.929216
vt 0.150863 0.929216
vt 0.571781 0.917121
vt 0.571781 0.923095
vt 0.587841 0.923095
vt 0.587841 0.917121
vt 0.571781 0.929093
vt 0.587841 0.929093
vt 0.571781 0.935139
vt 0.587841 0.935139
vt 0.606618 0.935139
vt 0.606618 0.941210
vt 0.606618 0.929093
vt 0.249964 0.812136
vt 0.249964 0.806111
vt 0.515667 0.806111
vt 0.515667 0.812136
vt 0.249964 0.818160
vt 0.515667 0.818160
vt 0.606618 0.947257
vt 0.249964 0.800088
vt 0.515667 0.800088
vt 0.606618 0.953254
vt 0.249964 0.794068
vt 0.515667 0.794068
vt 0.606618 0.959227
vt 0.249964 0.788051
vt 0.515667 0.788051
vt 0.170164 0.899412
vt 0.170164 0.905339
vt 0.209933 0.418444
vt 0.215952 0.418444
vt 0.215952 0.685075
vt 0.209933 0.685075
vt 0.170164 0.911314
vt 0.221972 0.418444
vt 0.221972 0.685075
vt 0.170164 0.917313
vt 0.227994 0.418444
vt 0.227994 0.685075
vt 0.170164 0.923289
vt 0.234014 0.418444
vt 0.234014 0.685075
vt 0.170164 0.929216
vt 0.240030 0.418444
vt 0.240030 0.685075
vt 0.606618 0.917121
vt 0.606618 0.923095
vt 0.249964 0.830196
vt 0.249964 0.824179
vt 0.515667 0.824179
vt 0.515667 0.830196
vt 0.180374 0.695728
vt 0.180374 0.693916
vt 0.186390 0.693916
vt 0.186390 0.695728
vt 0.174359 0.695728
vt 0.174359 0.693916
vt 0.319351 0.986743
vt 0.319351 0.984592
vt 0.322982 0.984592
vt 0.322982 0.986743
vt 0.326602 0.984592
vt 0.326602 0.986743
vt 0.330200 0.984592
vt 0.330200 0.986743
vt 0.168344 0.695728
vt 0.168344 0.693916
vt 0.333777 0.984592
vt 0.333777 0.986743
vt 0.162328 0.695728
vt 0.162328 0.693916
vt 0.337349 0.984592
vt 0.337349 0.986743
vt 0.156313 0.695728
vt 0.156313 0.693916
vt 0.340927 0.984592
vt 0.340927 0.986743
vt 0.150297 0.695728
vt 0.150297 0.693916
vt 0.344510 0.984592
vt 0.344510 0.986743
vt 0.144282 0.695728
vt 0.144282 0.693916
vt 0.811677 0.009920
vt 0.809866 0.009920
vt 0.809866 0.003906
vt 0.811677 0.003906
vt 0.060484 0.993730
vt 0.060484 0.991309
vt 0.064507 0.991309
vt 0.064507 0.993730
vt 0.340927 0.981754
vt 0.344510 0.981754
vt 0.060484 0.988133
vt 0.064507 0.988133
vt 0.048003 0.989692
vt 0.048003 0.988133
vt 0.051924 0.988133
vt 0.051924 0.989692
vt 0.524311 0.789530
vt 0.524311 0.788051
vt 0.528072 0.788051
vt 0.528072 0.789530
vt 0.044092 0.989692
vt 0.044092 0.988133
vt 0.068524 0.988133
vt 0.068524 0.991309
vt 0.040172 0.989692
vt 0.040172 0.988133
vt 0.072546 0.988133
vt 0.072546 0.991309
vt 0.068524 0.993730
vt 0.072546 0.993730
vt 0.811677 0.015934
vt 0.809866 0.015934
vt 0.811677 0.021947
vt 0.809866 0.021947
vt 0.076591 0.991309
vt 0.076591 0.993730
vt 0.811677 0.027961
vt 0.809866 0.027961
vt 0.080662 0.991309
vt 0.080662 0.993730
vt 0.811677 0.033975
vt 0.809866 0.033975
vt 0.076591 0.988133
vt 0.080662 0.988133
vt 0.032195 0.989692
vt 0.032195 0.988133
vt 0.036210 0.988133
vt 0.036210 0.989692
vt 0.546961 0.789530
vt 0.546961 0.788051
vt 0.550828 0.788051
vt 0.550828 0.789530
vt 0.319351 0.981754
vt 0.322982 0.981754
vt 0.543117 0.789530
vt 0.543117 0.788051
vt 0.326602 0.981754
vt 0.539324 0.789530
vt 0.539324 0.788051
vt 0.330200 0.981754
vt 0.535571 0.789530
vt 0.535571 0.788051
vt 0.333777 0.981754
vt 0.531827 0.789530
vt 0.531827 0.788051
vt 0.337349 0.981754
vt 0.535571 0.792946
vt 0.531827 0.792946
vt 0.528072 0.792946
vt 0.535571 0.795664
vt 0.531827 0.795664
vt 0.528072 0.795664
vt 0.667889 0.035330
vt 0.667889 0.030098
vt 0.669176 0.030098
vt 0.669176 0.035330
vt 0.667889 0.024855
vt 0.669176 0.024855
vt 0.539324 0.792946
vt 0.539324 0.795664
vt 0.667889 0.019608
vt 0.669176 0.019608
vt 0.543117 0.792946
vt 0.543117 0.795664
vt 0.667889 0.014366
vt 0.669176 0.014366
vt 0.546961 0.792946
vt 0.546961 0.795664
vt 0.667889 0.009133
vt 0.669176 0.009133
vt 0.550828 0.792946
vt 0.550828 0.795664
vt 0.667889 0.003906
vt 0.669176 0.003906
vt 0.036210 0.993257
vt 0.036210 0.996094
vt 0.032195 0.996094
vt 0.032195 0.993257
vt 0.899904 0.978195
vt 0.894500 0.978195
vt 0.894500 0.976864
vt 0.899904 0.976864
vt 0.040172 0.993257
vt 0.040172 0.996094
vt 0.889086 0.978195
vt 0.889086 0.976864
vt 0.883667 0.976864
vt 0.883667 0.978195
vt 0.044092 0.993257
vt 0.044092 0.996094
vt 0.048003 0.993257
vt 0.048003 0.996094
vt 0.051924 0.993257
vt 0.051924 0.996094
vt 0.878252 0.978195
vt 0.878252 0.976864
vt 0.872848 0.978195
vt 0.872848 0.976864
vt 0.524311 0.795664
vt 0.524311 0.792946
vt 0.667889 0.040557
vt 0.669176 0.040557
vt 0.024347 0.716480
vt 0.024347 0.721927
vt 0.003906 0.721927
vt 0.003906 0.716480
vt 0.837087 0.987783
vt 0.839818 0.983056
vt 0.854798 0.983056
vt 0.857528 0.987783
vt 0.021617 0.711753
vt 0.006637 0.711753
vt 0.850052 0.980318
vt 0.844563 0.980318
vt 0.016871 0.709015
vt 0.011383 0.709015
vt 0.003906 0.905339
vt 0.003906 0.899412
vt 0.933696 0.326092
vt 0.939607 0.326092
vt 0.939607 0.482440
vt 0.933696 0.482440
vt 0.962924 0.637688
vt 0.957008 0.637688
vt 0.960237 0.646093
vt 0.966208 0.646093
vt 0.844242 0.952558
vt 0.844242 0.958516
vt 0.691374 0.958516
vt 0.691374 0.952558
vt 0.954239 0.646093
vt 0.844242 0.946625
vt 0.691374 0.946625
vt 0.457592 0.953254
vt 0.457592 0.947257
vt 0.457592 0.959227
vt 0.457592 0.941210
vt 0.844242 0.940624
vt 0.691374 0.940624
vt 0.457592 0.935139
vt 0.844242 0.934588
vt 0.691374 0.934588
vt 0.942109 0.646093
vt 0.948187 0.646093
vt 0.936057 0.646093
vt 0.844242 0.928587
vt 0.691374 0.928587
vt 0.930059 0.646093
vt 0.844242 0.922654
vt 0.691374 0.922654
vt 0.457592 0.929093
vt 0.457592 0.923095
vt 0.457592 0.917121
vt 0.844242 0.916756
vt 0.691374 0.916756
vt 0.963508 0.326092
vt 0.963508 0.482440
vt 0.933162 0.637688
vt 0.924088 0.646093
vt 0.856625 0.966922
vt 0.860252 0.966922
vt 0.863888 0.966922
vt 0.118128 0.988133
vt 0.122200 0.988133
vt 0.126245 0.988133
vt 0.130268 0.988133
vt 0.567107 0.446605
vt 0.552127 0.446605
vt 0.562362 0.449343
vt 0.556873 0.449343
vt 0.581959 0.983639
vt 0.587448 0.983639
vt 0.592193 0.986377
vt 0.577214 0.986377
vt 0.817564 0.980325
vt 0.817564 0.981656
vt 0.812145 0.981656
vt 0.812145 0.980325
vt 0.822978 0.981656
vt 0.822978 0.980325
vt 0.874273 0.991724
vt 0.878192 0.991724
vt 0.878192 0.994573
vt 0.874273 0.994573
vt 0.870364 0.991724
vt 0.870364 0.994573
vt 0.874273 0.988160
vt 0.878192 0.988160
vt 0.870364 0.988160
vt 0.874273 0.986601
vt 0.878192 0.986601
vt 0.870364 0.986601
vt 0.882153 0.988160
vt 0.882153 0.986601
vt 0.882153 0.991724
vt 0.886167 0.988160
vt 0.886167 0.986601
vt 0.886167 0.991724
vt 0.882153 0.994573
vt 0.886167 0.994573
vt 0.801326 0.981656
vt 0.801326 0.980325
vt 0.806730 0.980325
vt 0.806730 0.981656
vt 0.594924 0.991104
vt 0.574483 0.991104
vt 0.736209 0.974387
vt 0.756650 0.974387
vt 0.756650 0.979833
vt 0.736209 0.979833
vt 0.215203 0.705420
vt 0.215203 0.704133
vt 0.220430 0.704133
vt 0.220430 0.705420
vt 0.183779 0.705420
vt 0.183779 0.704133
vt 0.189006 0.704133
vt 0.189006 0.705420
vt 0.828382 0.980325
vt 0.828382 0.981656
vt 0.866443 0.991724
vt 0.866443 0.994573
vt 0.540125 0.705777
vt 0.543886 0.705777
vt 0.543886 0.708502
vt 0.540125 0.708502
vt 0.536371 0.705777
vt 0.536371 0.708502
vt 0.194239 0.704133
vt 0.194239 0.705420
vt 0.532628 0.705777
vt 0.532628 0.708502
vt 0.199481 0.704133
vt 0.199481 0.705420
vt 0.528875 0.705777
vt 0.528875 0.708502
vt 0.204728 0.704133
vt 0.204728 0.705420
vt 0.525082 0.705777
vt 0.525082 0.708502
vt 0.209971 0.704133
vt 0.209971 0.705420
vt 0.521239 0.705777
vt 0.521239 0.708502
vt 0.517372 0.705777
vt 0.517372 0.708502
vt 0.517372 0.702361
vt 0.521239 0.702361
vt 0.525082 0.702361
vt 0.521239 0.700882
vt 0.525082 0.700882
vt 0.517372 0.700882
vt 0.528875 0.702361
vt 0.528875 0.700882
vt 0.532628 0.702361
vt 0.532628 0.700882
vt 0.536371 0.702361
vt 0.536371 0.700882
vt 0.540125 0.702361
vt 0.540125 0.700882
vt 0.543886 0.702361
vt 0.543886 0.700882
vt 0.866443 0.988160
vt 0.866443 0.986601
vt 0.357094 0.984596
vt 0.353511 0.984596
vt 0.353511 0.981754
vt 0.357094 0.981754
vt 0.150588 0.419655
vt 0.150588 0.422838
vt 0.146561 0.422838
vt 0.146561 0.419655
vt 0.357094 0.986737
vt 0.353511 0.986737
vt 0.150588 0.425243
vt 0.146561 0.425243
vt 0.600139 0.707374
vt 0.606153 0.707374
vt 0.606153 0.709184
vt 0.600139 0.709184
vt 0.040735 0.046014
vt 0.040735 0.039999
vt 0.042547 0.039999
vt 0.042547 0.046014
vt 0.201392 0.685510
vt 0.195368 0.685507
vt 0.195344 0.419664
vt 0.201343 0.419216
vt 0.524311 0.808494
vt 0.790941 0.808494
vt 0.790941 0.814513
vt 0.524311 0.814513
vt 0.790941 0.820533
vt 0.524311 0.820533
vt 0.594125 0.707374
vt 0.594125 0.709184
vt 0.790941 0.826555
vt 0.524311 0.826555
vt 0.588112 0.709184
vt 0.588112 0.707374
vt 0.142544 0.425243
vt 0.142544 0.422838
vt 0.138522 0.425243
vt 0.138522 0.422838
vt 0.134476 0.425243
vt 0.134476 0.422838
vt 0.582098 0.707374
vt 0.582098 0.709184
vt 0.130405 0.425243
vt 0.130405 0.422838
vt 0.576084 0.707374
vt 0.576084 0.709184
vt 0.790941 0.832575
vt 0.524311 0.832575
vt 0.790941 0.838591
vt 0.524311 0.838591
vt 0.159227 0.685510
vt 0.159277 0.419216
vt 0.165276 0.419664
vt 0.165251 0.685507
vt 0.040735 0.009922
vt 0.040735 0.003906
vt 0.042547 0.003906
vt 0.042547 0.009922
vt 0.171281 0.420052
vt 0.171274 0.685505
vt 0.040735 0.015937
vt 0.042547 0.015937
vt 0.378672 0.986737
vt 0.375041 0.986737
vt 0.375041 0.984596
vt 0.378672 0.984596
vt 0.371420 0.986737
vt 0.371420 0.984596
vt 0.367823 0.986737
vt 0.367823 0.984596
vt 0.040735 0.021953
vt 0.042547 0.021953
vt 0.364246 0.986737
vt 0.364246 0.984596
vt 0.040735 0.027968
vt 0.042547 0.027968
vt 0.177298 0.685504
vt 0.177298 0.420276
vt 0.183322 0.420276
vt 0.183321 0.685504
vt 0.189339 0.420052
vt 0.189345 0.685505
vt 0.040735 0.033984
vt 0.042547 0.033984
vt 0.360673 0.986737
vt 0.360673 0.984596
vt 0.360673 0.981754
vt 0.364246 0.981754
vt 0.367823 0.981754
vt 0.948510 0.003906
vt 0.948510 0.022683
vt 0.942464 0.022683
vt 0.942464 0.003906
vt 0.936466 0.022683
vt 0.936466 0.003906
vt 0.930493 0.022683
vt 0.930493 0.003906
vt 0.936466 0.038743
vt 0.930493 0.038743
vt 0.942464 0.038743
vt 0.942464 0.052342
vt 0.936466 0.052342
vt 0.930493 0.052342
vt 0.882456 0.649973
vt 0.882456 0.635067
vt 0.888383 0.635067
vt 0.888383 0.649973
vt 0.888383 0.666911
vt 0.882456 0.666911
vt 0.894358 0.635067
vt 0.894358 0.649973
vt 0.894358 0.666911
vt 0.900358 0.635067
vt 0.900358 0.649973
vt 0.900358 0.666911
vt 0.906333 0.635067
vt 0.906333 0.649973
vt 0.906333 0.666911
vt 0.912260 0.635067
vt 0.912260 0.649973
vt 0.912260 0.666911
vt 0.972598 0.038743
vt 0.972598 0.052342
vt 0.966625 0.052342
vt 0.966625 0.038743
vt 0.966625 0.022683
vt 0.972598 0.022683
vt 0.960627 0.052342
vt 0.960627 0.038743
vt 0.960627 0.022683
vt 0.954581 0.052342
vt 0.954581 0.038743
vt 0.954581 0.022683
vt 0.948510 0.052342
vt 0.948510 0.038743
vt 0.954581 0.003906
vt 0.948510 0.063820
vt 0.942464 0.063820
vt 0.954581 0.063820
vt 0.954581 0.073624
vt 0.948510 0.073624
vt 0.942464 0.073624
vt 0.936466 0.073624
vt 0.936466 0.063820
vt 0.930493 0.073624
vt 0.930493 0.063820
vt 0.882456 0.621832
vt 0.882456 0.609832
vt 0.888383 0.609832
vt 0.888383 0.621832
vt 0.894358 0.609832
vt 0.894358 0.621832
vt 0.900358 0.609832
vt 0.900358 0.621832
vt 0.906333 0.609832
vt 0.906333 0.621832
vt 0.912260 0.609832
vt 0.912260 0.621832
vt 0.966625 0.073624
vt 0.966625 0.063820
vt 0.972598 0.063820
vt 0.972598 0.073624
vt 0.960627 0.073624
vt 0.960627 0.063820
vt 0.960627 0.082380
vt 0.954581 0.082380
vt 0.966625 0.082380
vt 0.966625 0.090819
vt 0.960627 0.090819
vt 0.954581 0.090819
vt 0.948510 0.090819
vt 0.948510 0.082380
vt 0.942464 0.090819
vt 0.942464 0.082380
vt 0.936466 0.090819
vt 0.936466 0.082380
vt 0.930493 0.090819
vt 0.930493 0.082380
vt 0.882456 0.598620
vt 0.882456 0.587680
vt 0.888383 0.587680
vt 0.888383 0.598620
vt 0.894358 0.587680
vt 0.894358 0.598620
vt 0.900358 0.587680
vt 0.900358 0.598620
vt 0.906333 0.587680
vt 0.906333 0.598620
vt 0.912260 0.587680
vt 0.912260 0.598620
vt 0.972598 0.082380
vt 0.972598 0.090819
vt 0.972598 0.099679
vt 0.966625 0.099679
vt 0.912260 0.576513
vt 0.906333 0.576513
vt 0.906333 0.560836
vt 0.912260 0.560836
vt 0.972598 0.113484
vt 0.966625 0.113484
vt 0.960627 0.113484
vt 0.960627 0.099679
vt 0.954581 0.113484
vt 0.954581 0.099679
vt 0.948510 0.113484
vt 0.948510 0.099679
vt 0.942464 0.113484
vt 0.942464 0.099679
vt 0.936466 0.113484
vt 0.936466 0.099679
vt 0.930493 0.113484
vt 0.930493 0.099679
vt 0.882456 0.576513
vt 0.882456 0.560836
vt 0.888383 0.560836
vt 0.888383 0.576513
vt 0.894358 0.560836
vt 0.894358 0.576513
vt 0.900358 0.560836
vt 0.900358 0.576513
vt 0.894358 0.519953
vt 0.900358 0.519953
vt 0.906333 0.519953
vt 0.951601 0.161338
vt 0.957596 0.161338
vt 0.957596 0.317686
vt 0.951601 0.317686
vt 0.945587 0.161338
vt 0.945587 0.317686
vt 0.891585 0.694618
vt 0.897561 0.694618
vt 0.897561 0.735500
vt 0.891585 0.735500
vt 0.903560 0.694618
vt 0.903560 0.735500
vt 0.903560 0.751177
vt 0.897561 0.751177
vt 0.891585 0.751177
vt 0.885658 0.751177
vt 0.885658 0.735500
vt 0.885658 0.694618
vt 0.891585 0.762345
vt 0.897561 0.762345
vt 0.885658 0.762345
vt 0.057159 0.937621
vt 0.057159 0.943596
vt 0.043354 0.943596
vt 0.043354 0.937621
vt 0.066020 0.943596
vt 0.066020 0.937621
vt 0.057159 0.949593
vt 0.043354 0.949593
vt 0.066020 0.949593
vt 0.057159 0.955640
vt 0.043354 0.955640
vt 0.066020 0.955640
vt 0.057159 0.961711
vt 0.043354 0.961711
vt 0.066020 0.961711
vt 0.057159 0.967757
vt 0.043354 0.967757
vt 0.066020 0.967757
vt 0.057159 0.973755
vt 0.043354 0.973755
vt 0.066020 0.973755
vt 0.057159 0.979728
vt 0.043354 0.979728
vt 0.066020 0.979728
vt 0.915462 0.751177
vt 0.909535 0.751177
vt 0.909535 0.735500
vt 0.915462 0.735500
vt 0.909535 0.762345
vt 0.915462 0.762345
vt 0.903560 0.762345
vt 0.903560 0.773284
vt 0.897561 0.773284
vt 0.909535 0.773284
vt 0.903560 0.784496
vt 0.909535 0.784496
vt 0.897561 0.784496
vt 0.891585 0.773284
vt 0.891585 0.784496
vt 0.885658 0.773284
vt 0.885658 0.784496
vt 0.074458 0.937621
vt 0.074458 0.943596
vt 0.083215 0.937621
vt 0.083215 0.943596
vt 0.074458 0.949593
vt 0.083215 0.949593
vt 0.074458 0.955640
vt 0.083215 0.955640
vt 0.074458 0.961711
vt 0.083215 0.961711
vt 0.074458 0.967757
vt 0.083215 0.967757
vt 0.074458 0.973755
vt 0.083215 0.973755
vt 0.074458 0.979728
vt 0.083215 0.979728
vt 0.915462 0.773284
vt 0.915462 0.784496
vt 0.915462 0.796496
vt 0.909535 0.796496
vt 0.093018 0.973755
vt 0.093018 0.979728
vt 0.104497 0.979728
vt 0.104497 0.973755
vt 0.909535 0.809732
vt 0.915462 0.809732
vt 0.903560 0.796496
vt 0.903560 0.809732
vt 0.897561 0.796496
vt 0.897561 0.809732
vt 0.891585 0.796496
vt 0.891585 0.809732
vt 0.885658 0.796496
vt 0.885658 0.809732
vt 0.093018 0.937621
vt 0.093018 0.943596
vt 0.104497 0.943596
vt 0.104497 0.937621
vt 0.093018 0.949593
vt 0.104497 0.949593
vt 0.093018 0.955640
vt 0.104497 0.955640
vt 0.093018 0.961711
vt 0.104497 0.961711
vt 0.093018 0.967757
vt 0.104497 0.967757
vt 0.118095 0.967757
vt 0.118095 0.973755
vt 0.118095 0.961711
vt 0.134155 0.967757
vt 0.134155 0.961711
vt 0.134155 0.973755
vt 0.118095 0.979728
vt 0.134155 0.979728
vt 0.915462 0.824637
vt 0.909535 0.824637
vt 0.909535 0.841576
vt 0.915462 0.841576
vt 0.903560 0.824637
vt 0.903560 0.841576
vt 0.897561 0.824637
vt 0.897561 0.841576
vt 0.891585 0.824637
vt 0.891585 0.841576
vt 0.885658 0.824637
vt 0.885658 0.841576
vt 0.118095 0.937621
vt 0.118095 0.943596
vt 0.134155 0.943596
vt 0.134155 0.937621
vt 0.118095 0.949593
vt 0.134155 0.949593
vt 0.118095 0.955640
vt 0.134155 0.955640
vt 0.152932 0.955640
vt 0.152932 0.961711
vt 0.152932 0.949593
vt 0.833247 0.776003
vt 0.833247 0.782028
vt 0.567544 0.782028
vt 0.567544 0.776003
vt 0.833247 0.769980
vt 0.567544 0.769980
vt 0.152932 0.967757
vt 0.833247 0.788052
vt 0.567544 0.788052
vt 0.152932 0.973755
vt 0.833247 0.794071
vt 0.567544 0.794071
vt 0.152932 0.979728
vt 0.833247 0.800088
vt 0.567544 0.800088
vt 0.915462 0.860876
vt 0.909535 0.860876
vt 0.865583 0.270536
vt 0.859564 0.270536
vt 0.859564 0.003906
vt 0.865583 0.003906
vt 0.903560 0.860876
vt 0.853544 0.270536
vt 0.853544 0.003906
vt 0.897561 0.860876
vt 0.847522 0.270536
vt 0.847522 0.003906
vt 0.891585 0.860876
vt 0.841502 0.270536
vt 0.841502 0.003906
vt 0.885658 0.860876
vt 0.835486 0.270536
vt 0.835486 0.003906
vt 0.152932 0.937621
vt 0.152932 0.943596
vt 0.833247 0.757943
vt 0.833247 0.763960
vt 0.567544 0.763960
vt 0.567544 0.757943
vt 0.573213 0.428026
vt 0.573213 0.426214
vt 0.579229 0.426214
vt 0.579229 0.428026
vt 0.567198 0.428026
vt 0.567198 0.426214
vt 0.804528 0.971919
vt 0.804528 0.969765
vt 0.808165 0.969765
vt 0.808165 0.971919
vt 0.811792 0.969765
vt 0.811792 0.971919
vt 0.815395 0.969765
vt 0.815395 0.971919
vt 0.561182 0.428026
vt 0.561182 0.426214
vt 0.818978 0.969765
vt 0.818978 0.971919
vt 0.555167 0.428026
vt 0.555167 0.426214
vt 0.822556 0.969765
vt 0.822556 0.971919
vt 0.549151 0.428026
vt 0.549151 0.426214
vt 0.826141 0.969765
vt 0.826141 0.971919
vt 0.543136 0.428026
vt 0.543136 0.426214
vt 0.829729 0.969765
vt 0.829729 0.971919
vt 0.537121 0.428026
vt 0.537121 0.426214
vt 0.771579 0.966922
vt 0.771579 0.968733
vt 0.765565 0.968733
vt 0.765565 0.966922
vt 0.089306 0.993730
vt 0.089306 0.991309
vt 0.093330 0.991309
vt 0.093330 0.993730
vt 0.826141 0.966922
vt 0.829729 0.966922
vt 0.089306 0.988133
vt 0.093330 0.988133
vt 0.019714 0.989692
vt 0.019714 0.988133
vt 0.023635 0.988133
vt 0.023635 0.989692
vt 0.545127 0.969109
vt 0.545127 0.967632
vt 0.548882 0.967632
vt 0.548882 0.969109
vt 0.015804 0.989692
vt 0.015804 0.988133
vt 0.097347 0.988133
vt 0.097347 0.991309
vt 0.011883 0.989692
vt 0.011883 0.988133
vt 0.101369 0.988133
vt 0.101369 0.991309
vt 0.097347 0.993730
vt 0.101369 0.993730
vt 0.777592 0.966922
vt 0.777592 0.968733
vt 0.783606 0.966922
vt 0.783606 0.968733
vt 0.105414 0.991309
vt 0.105414 0.993730
vt 0.789620 0.966922
vt 0.789620 0.968733
vt 0.109485 0.991309
vt 0.109485 0.993730
vt 0.795633 0.966922
vt 0.795633 0.968733
vt 0.105414 0.988133
vt 0.109485 0.988133
vt 0.003906 0.989692
vt 0.003906 0.988133
vt 0.007921 0.988133
vt 0.007921 0.989692
vt 0.567740 0.969109
vt 0.567740 0.967632
vt 0.571601 0.967632
vt 0.571601 0.969109
vt 0.804528 0.966922
vt 0.808165 0.966922
vt 0.563903 0.969109
vt 0.563903 0.967632
vt 0.811792 0.966922
vt 0.560116 0.969109
vt 0.560116 0.967632
vt 0.815395 0.966922
vt 0.556368 0.969109
vt 0.556368 0.967632
vt 0.818978 0.966922
vt 0.552631 0.969109
vt 0.552631 0.967632
vt 0.822556 0.966922
vt 0.556368 0.972520
vt 0.552631 0.972520
vt 0.548882 0.972520
vt 0.556368 0.975233
vt 0.552631 0.975233
vt 0.548882 0.975233
vt 0.281388 0.839889
vt 0.276155 0.839889
vt 0.276155 0.838602
vt 0.281388 0.838602
vt 0.270913 0.839889
vt 0.270913 0.838602
vt 0.560116 0.972520
vt 0.560116 0.975233
vt 0.265666 0.839889
vt 0.265666 0.838602
vt 0.563903 0.972520
vt 0.563903 0.975233
vt 0.260423 0.839889
vt 0.260423 0.838602
vt 0.567740 0.972520
vt 0.567740 0.975233
vt 0.255191 0.839889
vt 0.255191 0.838602
vt 0.571601 0.972520
vt 0.571601 0.975233
vt 0.249964 0.839889
vt 0.249964 0.838602
vt 0.007921 0.993257
vt 0.007921 0.996094
vt 0.003906 0.996094
vt 0.003906 0.993257
vt 0.414727 0.983086
vt 0.409323 0.983086
vt 0.409323 0.981754
vt 0.414727 0.981754
vt 0.011883 0.993257
vt 0.011883 0.996094
vt 0.403909 0.983086
vt 0.403909 0.981754
vt 0.015804 0.993257
vt 0.015804 0.996094
vt 0.398490 0.981754
vt 0.398490 0.983086
vt 0.019714 0.993257
vt 0.019714 0.996094
vt 0.023635 0.993257
vt 0.023635 0.996094
vt 0.393075 0.983086
vt 0.393075 0.981754
vt 0.387671 0.983086
vt 0.387671 0.981754
vt 0.545127 0.975233
vt 0.545127 0.972520
vt 0.286615 0.839889
vt 0.286615 0.838602
vt 0.003906 0.306268
vt 0.003906 0.300821
vt 0.024347 0.300821
vt 0.024347 0.306268
vt 0.607200 0.415014
vt 0.604470 0.419740
vt 0.589490 0.419740
vt 0.586759 0.415014
vt 0.006637 0.310994
vt 0.021617 0.310994
vt 0.594236 0.422479
vt 0.599724 0.422479
vt 0.011383 0.313733
vt 0.016871 0.313733
vt 0.909535 0.694618
vt 0.915462 0.694618
vt 0.933696 0.161338
vt 0.939607 0.161338
vt 0.939607 0.317686
vt 0.933696 0.317686
vt 0.882456 0.519953
vt 0.888383 0.519953
vt 0.936466 0.152932
vt 0.930493 0.152932
vt 0.331844 0.952969
vt 0.331844 0.958927
vt 0.178976 0.958927
vt 0.178976 0.952969
vt 0.942464 0.152932
vt 0.331844 0.947036
vt 0.178976 0.947036
vt 0.003906 0.973755
vt 0.003906 0.967757
vt 0.003906 0.979728
vt 0.003906 0.961711
vt 0.331844 0.941035
vt 0.178976 0.941035
vt 0.003906 0.955640
vt 0.331844 0.934999
vt 0.178976 0.934999
vt 0.954581 0.152932
vt 0.948510 0.152932
vt 0.960627 0.152932
vt 0.331844 0.928998
vt 0.178976 0.928998
vt 0.966625 0.152932
vt 0.331844 0.923065
vt 0.178976 0.923065
vt 0.003906 0.949593
vt 0.003906 0.943596
vt 0.003906 0.937621
vt 0.331844 0.917167
vt 0.178976 0.917167
vt 0.963508 0.161338
vt 0.963508 0.317686
vt 0.912260 0.519953
vt 0.972598 0.152932
vt 0.960627 0.003906
vt 0.966625 0.003906
vt 0.972598 0.003906
vt 0.906333 0.686212
vt 0.912260 0.686212
vt 0.900358 0.686212
vt 0.894358 0.686212
vt 0.888383 0.686212
vt 0.882456 0.686212
vt 0.371420 0.981754
vt 0.375041 0.981754
vt 0.378672 0.981754
vt 0.130405 0.419655
vt 0.134476 0.419655
vt 0.138522 0.419655
vt 0.142544 0.419655
vt 0.738939 0.969660
vt 0.753919 0.969660
vt 0.743685 0.966922
vt 0.749173 0.966922
vt 0.511977 0.972286
vt 0.510967 0.967632
vt 0.536569 0.967632
vt 0.513725 0.973296
vt 0.892372 0.275436
vt 0.877138 0.275436
vt 0.877138 0.261930
vt 0.892372 0.261930
vt 0.536569 0.982866
vt 0.514735 0.977064
vt 0.514735 0.975045
vt 0.350058 0.010172
vt 0.350058 0.010868
vt 0.349775 0.010868
vt 0.349775 0.010172
vt 0.350058 0.009476
vt 0.349775 0.009476
vt 0.349775 0.008780
vt 0.350058 0.008780
vt 0.349775 0.008083
vt 0.350058 0.008083
vt 0.164654 0.982567
vt 0.163644 0.977913
vt 0.165664 0.977913
vt 0.179876 0.982567
vt 0.167413 0.976903
vt 0.350058 0.007387
vt 0.349775 0.007387
vt 0.168422 0.975154
vt 0.179876 0.967333
vt 0.220699 0.967333
vt 0.220699 0.982567
vt 0.168422 0.973135
vt 0.983887 0.092356
vt 0.982859 0.092078
vt 0.983887 0.078850
vt 0.004972 0.756348
vt 0.004972 0.771569
vt 0.003906 0.771569
vt 0.003906 0.756348
vt 0.164654 0.967333
vt 0.167413 0.971386
vt 0.350058 0.006691
vt 0.349775 0.006691
vt 0.350058 0.005995
vt 0.349775 0.005995
vt 0.350058 0.005299
vt 0.349775 0.005299
vt 0.350058 0.004602
vt 0.349775 0.004602
vt 0.165664 0.970377
vt 0.163644 0.970377
vt 0.350058 0.003906
vt 0.349775 0.003906
vt 0.161896 0.971386
vt 0.350058 0.011564
vt 0.349775 0.011564
vt 0.513725 0.978813
vt 0.510967 0.982866
vt 0.004972 0.730746
vt 0.003906 0.730746
vt 0.006149 0.730746
vt 0.006149 0.756348
vt 0.006149 0.771569
vt 0.007469 0.730746
vt 0.007469 0.756348
vt 0.007469 0.771569
vt 0.008880 0.730746
vt 0.008880 0.756348
vt 0.008880 0.771569
vt 0.018737 0.756348
vt 0.018737 0.771569
vt 0.018737 0.730746
vt 0.241343 0.730746
vt 0.241343 0.756348
vt 0.241343 0.771570
vt 0.557573 0.679117
vt 0.567430 0.679117
vt 0.567430 0.704719
vt 0.557573 0.704719
vt 0.557573 0.663895
vt 0.567430 0.663895
vt 0.556162 0.679117
vt 0.556162 0.663895
vt 0.556162 0.704719
vt 0.554842 0.704719
vt 0.554842 0.679117
vt 0.554842 0.663895
vt 0.553665 0.704719
vt 0.553665 0.679117
vt 0.553665 0.663895
vt 0.552599 0.704719
vt 0.552599 0.679117
vt 0.552599 0.663895
vt 0.287506 0.971386
vt 0.284748 0.967333
vt 0.310350 0.967333
vt 0.288516 0.973135
vt 0.019140 0.433073
vt 0.015087 0.430314
vt 0.013338 0.429305
vt 0.019140 0.417851
vt 0.285757 0.970377
vt 0.283738 0.970377
vt 0.281989 0.971386
vt 0.794666 0.011456
vt 0.794387 0.011456
vt 0.794387 0.010770
vt 0.794666 0.010770
vt 0.794387 0.010083
vt 0.794666 0.010083
vt 0.794387 0.009397
vt 0.794666 0.009397
vt 0.794387 0.008711
vt 0.794666 0.008711
vt 0.794387 0.008024
vt 0.794666 0.008024
vt 0.794387 0.007338
vt 0.794666 0.007338
vt 0.011319 0.429305
vt 0.003906 0.417851
vt 0.794387 0.006652
vt 0.794666 0.006652
vt 0.009570 0.430314
vt 0.003906 0.377028
vt 0.019140 0.377028
vt 0.008560 0.432063
vt 0.003906 0.433073
vt 0.285757 0.977913
vt 0.287506 0.976903
vt 0.310350 0.982567
vt 0.284748 0.982567
vt 0.283738 0.977913
vt 0.794666 0.005279
vt 0.794666 0.005965
vt 0.794387 0.005965
vt 0.794387 0.005279
vt 0.794387 0.004593
vt 0.794666 0.004593
vt 0.794387 0.003906
vt 0.794666 0.003906
vt 0.288516 0.975154
vt 0.892372 0.498042
vt 0.892372 0.511548
vt 0.877138 0.511548
vt 0.877138 0.498042
vt 0.874449 0.498042
vt 0.874449 0.275436
vt 0.874450 0.507899
vt 0.876109 0.511270
vt 0.874654 0.509295
vt 0.875237 0.510479
vt 0.874450 0.265579
vt 0.876109 0.262208
vt 0.874654 0.264182
vt 0.875237 0.262999
vt 0.003906 0.361811
vt 0.008560 0.362820
vt 0.009570 0.364569
vt 0.011319 0.365579
vt 0.013338 0.365579
vt 0.051688 0.011432
vt 0.051410 0.011432
vt 0.051410 0.010748
vt 0.051688 0.010748
vt 0.051688 0.003906
vt 0.051410 0.003906
vt 0.051688 0.004590
vt 0.051410 0.004590
vt 0.051688 0.005275
vt 0.051410 0.005275
vt 0.008560 0.360801
vt 0.502414 0.982866
vt 0.476807 0.982866
vt 0.499656 0.977203
vt 0.501404 0.978212
vt 0.051688 0.005959
vt 0.051410 0.005959
vt 0.498646 0.975454
vt 0.476807 0.967632
vt 0.498646 0.973435
vt 0.892372 0.003906
vt 0.892372 0.017412
vt 0.877138 0.017412
vt 0.877138 0.003906
vt 0.877138 0.240018
vt 0.892372 0.240018
vt 0.876109 0.004184
vt 0.874449 0.017412
vt 0.874449 0.007555
vt 0.874449 0.240018
vt 0.874654 0.006159
vt 0.875237 0.004975
vt 0.855343 0.942363
vt 0.854165 0.942363
vt 0.854165 0.916756
vt 0.855343 0.916756
vt 0.853100 0.942363
vt 0.853100 0.916756
vt 0.855343 0.957580
vt 0.854165 0.957580
vt 0.853100 0.957580
vt 0.856662 0.957580
vt 0.856662 0.942363
vt 0.856662 0.916756
vt 0.858074 0.957580
vt 0.858074 0.942363
vt 0.858074 0.916756
vt 0.867930 0.916756
vt 0.867930 0.942363
vt 0.867930 0.957580
vt 0.018737 0.812393
vt 0.241343 0.812393
vt 0.241343 0.827610
vt 0.018737 0.827610
vt 0.241343 0.853217
vt 0.018737 0.853217
vt 0.008880 0.827610
vt 0.008880 0.812393
vt 0.008880 0.853217
vt 0.007469 0.853217
vt 0.007469 0.827610
vt 0.007469 0.812393
vt 0.006149 0.827610
vt 0.006149 0.812393
vt 0.006149 0.853217
vt 0.004972 0.827610
vt 0.004972 0.812393
vt 0.004972 0.853217
vt 0.003906 0.827610
vt 0.003906 0.812393
vt 0.003906 0.853217
vt 0.272992 0.967333
vt 0.251153 0.973135
vt 0.250144 0.971386
vt 0.247385 0.967333
vt 0.233158 0.971386
vt 0.232148 0.973135
vt 0.235916 0.967333
vt 0.248395 0.970377
vt 0.246376 0.970377
vt 0.244627 0.971386
vt 0.983074 0.034818
vt 0.984688 0.035847
vt 0.984457 0.036750
vt 0.982404 0.035479
vt 0.986576 0.035873
vt 0.986856 0.036757
vt 0.988194 0.034881
vt 0.988889 0.035500
vt 0.989149 0.033186
vt 0.990052 0.033394
vt 0.272992 0.982567
vt 0.251153 0.975154
vt 0.250144 0.976903
vt 0.892372 0.253524
vt 0.877138 0.253524
vt 0.247385 0.982567
vt 0.248395 0.977913
vt 0.235916 0.982567
vt 0.233158 0.976903
vt 0.234907 0.977913
vt 0.246376 0.977913
vt 0.988191 0.029532
vt 0.988942 0.028822
vt 0.990052 0.031031
vt 0.989191 0.031244
vt 0.986526 0.028463
vt 0.986768 0.027531
vt 0.984618 0.028417
vt 0.984340 0.027523
vt 0.982999 0.029388
vt 0.982296 0.028778
vt 0.232148 0.975154
vt 0.982119 0.031087
vt 0.981199 0.030911
vt 0.982174 0.033065
vt 0.981266 0.033330
vt 0.876109 0.253247
vt 0.875237 0.252456
vt 0.678030 0.003906
vt 0.691536 0.003906
vt 0.678308 0.004935
vt 0.679099 0.005807
vt 0.286518 0.698415
vt 0.245694 0.698415
vt 0.245694 0.695727
vt 0.286518 0.695727
vt 0.691536 0.006595
vt 0.681679 0.006595
vt 0.680283 0.006390
vt 0.874654 0.251272
vt 0.874449 0.249875
vt 0.290254 0.417843
vt 0.290254 0.420531
vt 0.249430 0.420531
vt 0.249430 0.417843
vt 0.994705 0.103446
vt 0.984848 0.100758
vt 0.994705 0.100758
vt 0.981199 0.103446
vt 0.981477 0.102418
vt 0.983452 0.100963
vt 0.982268 0.101545
vt 0.981199 0.111852
vt 0.994705 0.111852
vt 0.981477 0.112881
vt 0.994705 0.114540
vt 0.984848 0.114540
vt 0.983452 0.114336
vt 0.982268 0.113753
vt 0.502414 0.967632
vt 0.499656 0.971686
vt 0.015087 0.364569
vt 0.019140 0.361811
vt 0.016097 0.362820
vt 0.016097 0.360801
vt 0.015087 0.359052
vt 0.051688 0.008011
vt 0.051410 0.008011
vt 0.051410 0.007327
vt 0.051688 0.007327
vt 0.051410 0.006643
vt 0.051688 0.006643
vt 0.051688 0.008695
vt 0.051410 0.008695
vt 0.051688 0.009380
vt 0.051410 0.009380
vt 0.051688 0.010064
vt 0.051410 0.010064
vt 0.981199 0.088707
vt 0.981199 0.078850
vt 0.981404 0.090103
vt 0.981987 0.091287
vt 0.653763 0.048912
vt 0.652174 0.031120
vt 0.657241 0.030856
vt 0.658880 0.048806
vt 0.642829 0.049131
vt 0.641406 0.031535
vt 0.647241 0.017789
vt 0.652011 0.017076
vt 0.637201 0.018676
vt 0.636924 0.008670
vt 0.640916 0.007320
vt 0.629256 0.010477
vt 0.623507 0.007910
vt 0.629131 0.005683
vt 0.634413 0.049288
vt 0.633150 0.031786
vt 0.030616 0.336382
vt 0.041432 0.323292
vt 0.053072 0.324105
vt 0.043071 0.338057
vt 0.658339 0.305425
vt 0.663452 0.305284
vt 0.629519 0.019049
vt 0.623554 0.011000
vt 0.741199 0.360622
vt 0.754405 0.360622
vt 0.754405 0.364208
vt 0.741199 0.364208
vt 0.620867 0.008881
vt 0.632407 0.003906
vt 0.019812 0.259587
vt 0.016182 0.259587
vt 0.016182 0.003906
vt 0.019812 0.003906
vt 0.568878 0.417809
vt 0.568878 0.414259
vt 0.577898 0.414259
vt 0.577898 0.417809
vt 0.554352 0.414259
vt 0.554352 0.417809
vt 0.056401 0.047790
vt 0.059215 0.030035
vt 0.064239 0.030650
vt 0.061534 0.048182
vt 0.388587 0.007070
vt 0.385297 0.005344
vt 0.394254 0.009245
vt 0.364757 0.353542
vt 0.365332 0.367477
vt 0.360149 0.367622
vt 0.359579 0.353601
vt 0.375795 0.353398
vt 0.376351 0.367212
vt 0.384957 0.389877
vt 0.395275 0.396467
vt 0.389545 0.398877
vt 0.375668 0.391238
vt 0.368245 0.380458
vt 0.363211 0.380917
vt 0.378889 0.379845
vt 0.371164 0.392338
vt 0.386222 0.400694
vt 0.384273 0.353272
vt 0.384801 0.367017
vt 0.387036 0.379547
vt 0.392028 0.389471
vt 0.397966 0.395401
vt 0.682300 0.364208
vt 0.682300 0.360622
vt 0.699080 0.360622
vt 0.699080 0.364208
vt 0.727543 0.360622
vt 0.727543 0.364208
vt 0.767870 0.360622
vt 0.767870 0.364208
vt 0.674343 0.405716
vt 0.674341 0.408107
vt 0.674322 0.401472
vt 0.522176 0.417809
vt 0.522176 0.414259
vt 0.539910 0.414259
vt 0.539910 0.417809
vt 0.359383 0.050637
vt 0.364507 0.050668
vt 0.364504 0.307574
vt 0.359383 0.307582
vt 0.364554 0.324577
vt 0.359418 0.324594
vt 0.375453 0.307547
vt 0.375528 0.324524
vt 0.364632 0.339506
vt 0.359478 0.339538
vt 0.375636 0.339416
vt 0.383885 0.307525
vt 0.383977 0.324472
vt 0.384103 0.339333
vt 0.873668 0.519953
vt 0.873668 0.772817
vt 0.870179 0.772817
vt 0.870179 0.519953
vt 0.836648 0.831343
vt 0.846947 0.831343
vt 0.846947 0.834719
vt 0.836648 0.834719
vt 0.713774 0.360622
vt 0.713774 0.364208
vt 0.322146 0.359018
vt 0.032222 0.353270
vt 0.053262 0.338953
vt 0.322758 0.344903
vt 0.669996 0.888963
vt 0.488951 0.884196
vt 0.489027 0.874403
vt 0.669555 0.876691
vt 0.489124 0.856436
vt 0.489125 0.864609
vt 0.485396 0.865001
vt 0.485435 0.857221
vt 0.485259 0.874370
vt 0.485232 0.883737
vt 0.488798 0.892363
vt 0.485130 0.891510
vt 0.482966 0.865455
vt 0.483088 0.858229
vt 0.482774 0.874348
vt 0.482811 0.883241
vt 0.482805 0.890460
vt 0.481457 0.865856
vt 0.481719 0.859371
vt 0.481198 0.874334
vt 0.481310 0.882813
vt 0.481458 0.889296
vt 0.480800 0.888306
vt 0.480339 0.882630
vt 0.480150 0.874325
vt 0.480482 0.866022
vt 0.481043 0.860351
vt 0.478625 0.855550
vt 0.479817 0.857085
vt 0.478365 0.864852
vt 0.476946 0.864047
vt 0.480725 0.859341
vt 0.479710 0.865814
vt 0.479563 0.882825
vt 0.480465 0.889309
vt 0.479519 0.891545
vt 0.478204 0.883763
vt 0.477803 0.874305
vt 0.476273 0.874292
vt 0.479297 0.874318
vt 0.476772 0.884543
vt 0.478303 0.893056
vt 0.828013 0.834719
vt 0.828013 0.831343
vt 0.857245 0.831343
vt 0.857245 0.834719
vt 0.442642 0.888371
vt 0.262570 0.889563
vt 0.262396 0.879795
vt 0.442794 0.877206
vt 0.262247 0.861917
vt 0.262349 0.870028
vt 0.258636 0.870460
vt 0.258626 0.862734
vt 0.258627 0.879838
vt 0.258846 0.889217
vt 0.262667 0.897681
vt 0.259017 0.896954
vt 0.256209 0.870935
vt 0.256318 0.863736
vt 0.256131 0.879865
vt 0.256406 0.888797
vt 0.256679 0.896004
vt 0.254697 0.871349
vt 0.254963 0.864867
vt 0.254545 0.879883
vt 0.254884 0.888416
vt 0.255296 0.894903
vt 0.254599 0.893942
vt 0.253899 0.888264
vt 0.253488 0.879894
vt 0.253717 0.871522
vt 0.254289 0.865841
vt 0.674303 0.398293
vt 0.674214 0.389510
vt 0.669474 0.849375
vt 0.488898 0.849322
vt 0.488738 0.846996
vt 0.669488 0.846996
vt 0.485046 0.850452
vt 0.484660 0.848166
vt 0.489071 0.853403
vt 0.485344 0.854344
vt 0.482521 0.852073
vt 0.481879 0.849934
vt 0.482966 0.855614
vt 0.480915 0.854237
vt 0.479987 0.852346
vt 0.481553 0.857229
vt 0.865880 0.831343
vt 0.865880 0.834719
vt 0.007365 0.003906
vt 0.007365 0.292416
vt 0.003906 0.292416
vt 0.003906 0.003906
vt 0.988334 0.070444
vt 0.988334 0.067050
vt 0.991199 0.067050
vt 0.991199 0.070444
vt 0.985245 0.070444
vt 0.985245 0.067050
vt 0.981199 0.070444
vt 0.981199 0.067050
vt 0.669447 0.853621
vt 0.429897 0.845263
vt 0.261833 0.854930
vt 0.261575 0.852655
vt 0.426006 0.843038
vt 0.437927 0.849568
vt 0.262132 0.858923
vt 0.261279 0.850908
vt 0.257719 0.853973
vt 0.257067 0.852258
vt 0.258155 0.856155
vt 0.258508 0.859915
vt 0.255146 0.855723
vt 0.254126 0.854180
vt 0.255764 0.857744
vt 0.256196 0.861167
vt 0.253341 0.857986
vt 0.251983 0.856723
vt 0.254207 0.859815
vt 0.254805 0.862746
vt 0.920886 0.382905
vt 0.924434 0.382905
vt 0.924434 0.546983
vt 0.920886 0.546983
vt 0.253975 0.864833
vt 0.253094 0.862587
vt 0.251937 0.861045
vt 0.250362 0.860151
vt 0.994486 0.067050
vt 0.994486 0.070444
vt 0.804475 0.408461
vt 0.819001 0.408461
vt 0.819001 0.412012
vt 0.804475 0.412012
vt 0.984589 0.051266
vt 0.981199 0.051485
vt 0.981281 0.048598
vt 0.984662 0.048421
vt 0.984626 0.054343
vt 0.981228 0.054592
vt 0.984816 0.058378
vt 0.981410 0.058646
vt 0.671311 0.351088
vt 0.650529 0.336828
vt 0.323225 0.329846
vt 0.062084 0.324563
vt 0.065655 0.307760
vt 0.323583 0.312720
vt 0.693585 0.343662
vt 0.672722 0.334365
vt 0.678023 0.333206
vt 0.698249 0.341878
vt 0.642039 0.322489
vt 0.638897 0.305778
vt 0.306822 0.401172
vt 0.028724 0.400958
vt 0.028904 0.392086
vt 0.312891 0.395336
vt 0.673106 0.365519
vt 0.673894 0.378262
vt 0.321046 0.372911
vt 0.030263 0.367848
vt 0.318244 0.385484
vt 0.029340 0.380722
vt 0.784712 0.360622
vt 0.784712 0.364208
vt 0.396905 0.010186
vt 0.424844 0.841347
vt 0.439772 0.838601
vt 0.441174 0.840166
vt 0.445764 0.842148
vt 0.456843 0.845924
vt 0.468175 0.849684
vt 0.442055 0.853337
vt 0.981441 0.045285
vt 0.984816 0.045163
vt 0.920886 0.367863
vt 0.924434 0.367863
vt 0.031884 0.026924
vt 0.031884 0.207328
vt 0.028459 0.207328
vt 0.028459 0.026924
vt 0.692616 0.847159
vt 0.692600 0.849532
vt 0.692569 0.853781
vt 0.692546 0.856967
vt 0.669426 0.856805
vt 0.536893 0.779646
vt 0.521043 0.779646
vt 0.521043 0.776013
vt 0.536893 0.776013
vt 0.028459 0.003906
vt 0.031884 0.003906
vt 0.443237 0.864879
vt 0.442672 0.897167
vt 0.466580 0.864091
vt 0.465983 0.876870
vt 0.465833 0.888171
vt 0.465873 0.896992
vt 0.669399 0.865571
vt 0.668808 0.900458
vt 0.692515 0.865755
vt 0.692681 0.877017
vt 0.693296 0.889765
vt 0.694906 0.904176
vt 0.253473 0.897231
vt 0.252345 0.898804
vt 0.250356 0.890326
vt 0.251780 0.889482
vt 0.682556 0.347323
vt 0.660564 0.336039
vt 0.647371 0.305642
vt 0.662287 0.321630
vt 0.667501 0.321162
vt 0.650920 0.322212
vt 0.005542 0.344936
vt 0.025177 0.335376
vt 0.010060 0.346431
vt 0.558838 0.779646
vt 0.558838 0.776013
vt 0.504770 0.779646
vt 0.504770 0.776013
vt 0.375458 0.050728
vt 0.383878 0.050760
vt 0.323819 0.054222
vt 0.080905 0.049502
vt 0.003906 0.343692
vt 0.023204 0.334352
vt 0.036069 0.322736
vt 0.033943 0.322176
vt 0.046011 0.306794
vt 0.057108 0.307367
vt 0.040822 0.306453
vt 0.038695 0.306225
vt 0.020988 0.349640
vt 0.348425 0.312966
vt 0.348280 0.330353
vt 0.343013 0.330268
vt 0.343226 0.312936
vt 0.465898 0.900190
vt 0.465933 0.904455
vt 0.442722 0.904612
vt 0.442694 0.900357
vt 0.465951 0.906838
vt 0.442735 0.906995
vt 0.465964 0.908592
vt 0.442743 0.908761
vt 0.683596 0.907913
vt 0.672495 0.911689
vt 0.656695 0.908514
vt 0.664680 0.904226
vt 0.667881 0.913651
vt 0.652868 0.910724
vt 0.087646 0.007227
vt 0.318890 0.011625
vt 0.313461 0.013643
vt 0.092968 0.009432
vt 0.488437 0.899455
vt 0.488687 0.895391
vt 0.488226 0.901773
vt 0.484615 0.898255
vt 0.484986 0.894379
vt 0.484187 0.900524
vt 0.482129 0.896593
vt 0.482636 0.893068
vt 0.481450 0.898712
vt 0.480565 0.894405
vt 0.481254 0.891432
vt 0.479606 0.896275
vt 0.262438 0.904695
vt 0.262628 0.900682
vt 0.262245 0.906997
vt 0.262013 0.908761
vt 0.258711 0.903570
vt 0.258969 0.899784
vt 0.258332 0.905779
vt 0.257721 0.907528
vt 0.256267 0.902033
vt 0.256618 0.898584
vt 0.255695 0.904082
vt 0.254704 0.905662
vt 0.254652 0.899989
vt 0.255185 0.897032
vt 0.253825 0.901847
vt 0.252486 0.903148
vt 0.250783 0.899736
vt 0.254306 0.894958
vt 0.251112 0.879920
vt 0.252626 0.879904
vt 0.253123 0.888487
vt 0.248681 0.890765
vt 0.248454 0.869138
vt 0.250136 0.869541
vt 0.249558 0.879936
vt 0.247829 0.879955
vt 0.251575 0.870352
vt 0.252938 0.871317
vt 0.331808 0.330049
vt 0.332108 0.312817
vt 0.347470 0.360314
vt 0.346185 0.374762
vt 0.340838 0.374322
vt 0.342099 0.360047
vt 0.332238 0.054144
vt 0.343247 0.053937
vt 0.348439 0.053823
vt 0.350586 0.312975
vt 0.350468 0.330382
vt 0.342661 0.345593
vt 0.331388 0.345218
vt 0.347978 0.345747
vt 0.350193 0.345807
vt 0.349699 0.360431
vt 0.337114 0.387313
vt 0.326437 0.386137
vt 0.329610 0.373492
vt 0.330765 0.359462
vt 0.315142 0.404746
vt 0.318350 0.406617
vt 0.028579 0.410848
vt 0.028604 0.408440
vt 0.072494 0.048979
vt 0.319497 0.408241
vt 0.028590 0.412670
vt 0.028670 0.404162
vt 0.309497 0.402272
vt 0.348414 0.375032
vt 0.335371 0.400149
vt 0.333558 0.399017
vt 0.342205 0.388101
vt 0.344345 0.388716
vt 0.329103 0.397659
vt 0.319950 0.395945
vt 0.074794 0.031686
vt 0.084614 0.005476
vt 0.322024 0.009963
vt 0.083597 0.003906
vt 0.323119 0.008395
vt 0.310901 0.014514
vt 0.095488 0.010399
vt 0.054269 0.047603
vt 0.057123 0.029638
vt 0.069888 0.018046
vt 0.079503 0.019386
vt 0.065334 0.017064
vt 0.063425 0.016242
vt 0.080189 0.009800
vt 0.087414 0.011779
vt 0.076432 0.008291
vt 0.074931 0.007025
vt 0.086916 0.020036
vt 0.092873 0.012399
vt 0.326327 0.014504
vt 0.336353 0.023257
vt 0.326610 0.024181
vt 0.318954 0.016211
vt 0.082886 0.032322
vt 0.330189 0.013134
vt 0.340986 0.022475
vt 0.331759 0.011919
vt 0.342949 0.021735
vt 0.341440 0.036199
vt 0.330792 0.036730
vt 0.346524 0.035830
vt 0.348650 0.035534
vt 0.350586 0.053753
vt 0.833443 0.408461
vt 0.851177 0.408461
vt 0.851177 0.412012
vt 0.833443 0.412012
vt 0.313444 0.016618
vt 0.795455 0.408461
vt 0.795455 0.412012
vt 0.322660 0.036993
vt 0.319129 0.024529
vt 0.380837 0.010166
vt 0.370622 0.019422
vt 0.365837 0.018768
vt 0.376824 0.008864
vt 0.388371 0.020460
vt 0.394241 0.012335
vt 0.384901 0.033248
vt 0.388525 0.011877
vt 0.380681 0.020183
vt 0.365854 0.032832
vt 0.360776 0.032635
vt 0.376638 0.033105
vt 0.249964 0.779646
vt 0.249964 0.776013
vt 0.460144 0.988508
vt 0.819021 0.820743
vt 0.819021 0.816653
vt 0.819021 0.824832
vt 0.456084 0.988508
vt 0.452031 0.988508
vt 0.447985 0.988508
vt 0.819021 0.812570
vt 0.819021 0.808494
vt 0.819021 0.828914
s 1
usemtl plastic
f 1/1/1 7/2/2 977/3/3 2/4/4
f 1/1/1 2/4/4 94/5/5 8/6/6
f 1/1/1 8/6/6 90/7/7 3/8/8
f 1/1/1 3/8/8 12/9/9 9/10/10
f 1/1/1 4/11/11 988/12/12 6/13/13
f 1/1/1 9/10/10 11/14/14 4/11/11
f 1/1/1 6/13/13 984/15/15 5/16/16
f 1/1/1 5/16/16 980/17/17 7/2/2
f 9/10/10 10/18/18 22/19/19 11/14/14
f 9/10/10 12/9/9 14/20/20 10/18/18
f 12/9/9 13/21/21 15/22/22 14/20/20
f 3/8/8 63/23/23 13/21/21 12/9/9
f 14/20/20 15/22/22 17/24/24 16/25/25
f 10/18/18 14/20/20 16/25/25 19/26/26
f 16/25/25 17/24/24 48/27/27 18/28/28
f 19/26/26 16/25/25 18/28/28 20/29/29
f 19/26/26 20/29/29 23/30/30 21/31/31
f 10/18/18 19/26/26 21/31/31 22/19/19
f 22/19/19 21/31/31 24/32/32 25/33/33
f 21/31/31 23/30/30 26/34/34 24/32/32
f 25/33/33 24/32/32 27/35/35 28/36/36
f 24/32/32 26/34/34 29/37/37 27/35/35
f 28/36/36 27/35/35 30/38/38 31/39/39
f 27/35/35 29/37/37 33/40/40 30/38/38
f 784/41/41 31/39/39 30/38/38 32/42/42
f 32/42/42 30/38/38 33/40/40 34/43/43
f 36/44/44 34/43/43 33/40/40 29/37/37
f 35/45/45 34/43/43 36/44/44 37/46/46
f 781/47/47 32/42/42 34/43/43 35/45/45
f 37/46/46 36/44/44 38/48/48 39/49/49
f 38/48/48 36/44/44 29/37/37 26/34/34
f 39/49/49 38/48/48 40/50/50 41/51/51
f 40/50/50 38/48/48 26/34/34 23/30/30
f 41/51/51 40/50/50 42/52/52 43/53/53
f 42/52/52 40/50/50 23/30/30 20/29/29
f 43/53/53 42/52/52 44/54/54 45/55/55
f 42/52/52 20/29/29 18/28/28 44/54/54
f 45/55/55 44/54/54 46/56/56 47/57/57
f 44/54/54 18/28/28 48/27/27 46/56/56
f 47/57/57 46/56/56 49/58/58 50/59/59
f 46/56/56 48/27/27 51/60/60 49/58/58
f 50/59/59 49/58/58 52/61/61 53/62/62
f 49/58/58 51/60/60 55/63/63 52/61/61
f 53/62/62 52/61/61 54/64/64 768/65/65
f 54/64/64 52/61/61 55/63/63 56/66/66
f 58/67/67 56/66/66 55/63/63 51/60/60
f 59/68/68 57/69/69 56/66/66 58/67/67
f 766/70/70 54/64/64 56/66/66 57/69/69
f 15/22/22 59/68/68 58/67/67 17/24/24
f 17/24/24 58/67/67 51/60/60 48/27/27
f 13/21/21 60/71/71 59/68/68 15/22/22
f 60/71/71 61/72/72 57/69/69 59/68/68
f 63/23/23 62/73/73 60/71/71 13/21/21
f 62/73/73 64/74/74 61/72/72 60/71/71
f 63/23/23 66/75/75 65/76/76 62/73/73
f 62/73/73 65/76/76 68/77/77 64/74/74
f 66/75/75 88/78/78 67/79/79 65/76/76
f 65/76/76 67/79/79 70/80/80 68/77/77
f 69/81/81 68/77/77 70/80/80 71/82/82
f 767/83/83 64/74/74 68/77/77 69/81/81
f 71/82/82 70/80/80 72/84/84 73/85/85
f 67/79/79 74/86/86 72/84/84 70/80/80
f 73/85/85 72/84/84 75/87/87 77/88/88
f 74/86/86 76/89/89 75/87/87 72/84/84
f 79/90/90 77/88/88 75/87/87 76/89/89
f 78/91/91 77/88/88 79/90/90 80/92/92
f 755/93/93 73/85/85 77/88/88 78/91/91
f 80/92/92 79/90/90 81/94/94 82/95/95
f 81/94/94 79/90/90 76/89/89 84/96/96
f 82/95/95 81/94/94 83/97/97 105/98/98
f 83/97/97 81/94/94 84/96/96 85/99/99
f 87/100/100 85/99/99 84/96/96 86/101/101
f 86/101/101 84/96/96 76/89/89 74/86/86
f 89/102/102 87/100/100 86/101/101 88/78/78
f 88/78/78 86/101/101 74/86/86 67/79/79
f 90/7/7 89/102/102 88/78/78 66/75/75
f 8/6/6 91/103/103 89/102/102 90/7/7
f 91/103/103 92/104/104 87/100/100 89/102/102
f 91/103/103 93/105/105 96/106/106 92/104/104
f 8/6/6 94/5/5 93/105/105 91/103/103
f 94/5/5 972/107/107 95/108/108 93/105/105
f 93/105/105 95/108/108 97/109/109 96/106/106
f 96/106/106 97/109/109 100/110/110 98/111/111
f 92/104/104 96/106/106 98/111/111 101/112/112
f 99/113/113 98/111/111 100/110/110 961/114/114
f 102/115/115 101/112/112 98/111/111 99/113/113
f 102/115/115 83/97/97 85/99/99 101/112/112
f 92/104/104 101/112/112 85/99/99 87/100/100
f 105/98/98 83/97/97 102/115/115 103/116/116
f 103/116/116 102/115/115 99/113/113 106/117/117
f 103/116/116 104/118/118 116/119/119 105/98/98
f 106/117/117 108/120/120 104/118/118 103/116/116
f 106/117/117 99/113/113 961/114/114 107/121/121
f 107/121/121 109/122/122 108/120/120 106/117/117
f 108/120/120 109/122/122 111/123/123 110/124/124
f 104/118/118 108/120/120 110/124/124 113/125/125
f 110/124/124 111/123/123 633/126/126 112/127/127
f 113/125/125 110/124/124 112/127/127 114/128/128
f 116/119/119 104/118/118 113/125/125 115/129/129
f 115/129/129 113/125/125 114/128/128 118/130/130
f 116/119/119 115/129/129 117/131/131 752/132/132
f 115/129/129 118/130/130 119/133/133 117/131/131
f 119/133/133 118/130/130 120/134/134 121/135/135
f 118/130/130 114/128/128 123/136/136 120/134/134
f 120/137/134 122/138/137 508/139/138 121/140/135
f 123/141/136 124/142/139 122/138/137 120/137/134
f 123/141/136 125/143/140 127/144/141 124/142/139
f 114/128/128 112/127/127 125/145/140 123/136/136
f 126/146/142 128/147/143 127/144/141 125/143/140
f 112/127/127 633/126/126 126/148/142 125/145/140
f 128/147/143 130/149/144 129/150/145 127/144/141
f 124/142/139 127/144/141 129/150/145 132/151/146
f 130/149/144 352/152/147 131/153/148 129/150/145
f 132/151/146 129/150/145 131/153/148 133/154/149
f 124/142/139 132/151/146 134/155/150 122/138/137
f 132/151/146 133/154/149 136/156/151 134/155/150
f 122/138/137 134/155/150 135/157/152 508/139/138
f 134/155/150 136/156/151 137/158/153 135/157/152
f 137/158/153 136/156/151 138/159/154 140/160/155
f 136/156/151 133/154/149 141/161/156 138/159/154
f 138/159/154 139/162/157 1026/163/158 140/160/155
f 141/161/156 142/164/159 139/162/157 138/159/154
f 143/165/160 145/166/161 142/164/159 141/161/156
f 133/154/149 131/153/148 143/165/160 141/161/156
f 144/167/162 146/168/163 145/166/161 143/165/160
f 131/153/148 352/152/147 144/167/162 143/165/160
f 145/166/161 146/168/163 149/169/164 147/170/165
f 142/164/159 145/166/161 147/170/165 150/171/166
f 148/172/167 147/170/165 149/169/164 341/173/168
f 151/174/169 150/171/166 147/170/165 148/172/167
f 142/164/159 150/171/166 152/175/170 139/162/157
f 151/174/169 154/176/171 152/175/170 150/171/166
f 139/162/157 152/175/170 153/177/172 1026/163/158
f 154/176/171 156/178/173 153/177/172 152/175/170
f 155/179/174 157/180/175 156/178/173 154/176/171
f 995/181/176 155/179/174 154/176/171 151/174/169
f 157/180/175 159/182/177 158/183/178 156/178/173
f 156/178/173 158/183/178 161/184/179 153/177/172
f 159/182/177 171/185/180 160/186/181 158/183/178
f 158/183/178 160/186/181 163/187/182 161/184/179
f 1026/163/158 153/177/172 161/184/179 162/188/183
f 162/188/183 161/184/179 163/187/182 164/189/184
f 166/190/185 164/189/184 163/187/182 160/186/181
f 165/191/186 164/189/184 166/190/185 167/192/187
f 504/193/188 162/188/183 164/189/184 165/191/186
f 167/192/187 166/190/185 168/194/189 169/195/190
f 168/194/189 166/190/185 160/186/181 171/185/180
f 169/195/190 168/194/189 170/196/191 496/197/192
f 170/196/191 168/194/189 171/185/180 172/198/193
f 173/199/194 172/198/193 171/185/180 159/182/177
f 175/200/195 174/201/196 172/198/193 173/199/194
f 176/202/197 170/196/191 172/198/193 174/201/196
f 175/200/195 180/203/198 177/204/199 174/201/196
f 176/202/197 174/201/196 177/204/199 178/205/200
f 178/205/200 177/204/199 179/206/201 487/207/202
f 180/203/198 182/208/203 179/206/201 177/204/199
f 181/209/204 183/210/205 182/208/203 180/203/198
f 1001/211/206 181/209/204 180/203/198 175/200/195
f 183/210/205 185/212/207 184/213/208 182/208/203
f 182/208/203 184/213/208 187/214/209 179/206/201
f 185/212/207 197/215/210 186/216/211 184/213/208
f 184/213/208 186/216/211 189/217/212 187/214/209
f 487/207/202 179/206/201 187/214/209 188/218/213
f 188/218/213 187/214/209 189/217/212 190/219/214
f 192/220/215 190/219/214 189/217/212 186/216/211
f 191/221/216 190/219/214 192/220/215 193/222/217
f 484/223/218 188/218/213 190/219/214 191/221/216
f 193/222/217 192/220/215 194/224/219 195/225/220
f 194/224/219 192/220/215 186/216/211 197/215/210
f 195/225/220 194/224/219 196/226/221 475/227/222
f 196/226/221 194/224/219 197/215/210 198/228/223
f 199/229/224 198/228/223 197/215/210 185/212/207
f 202/230/225 200/231/226 198/228/223 199/229/224
f 201/232/227 196/226/221 198/228/223 200/231/226
f 201/232/227 200/231/226 203/233/228 204/234/229
f 202/230/225 206/235/230 203/233/228 200/231/226
f 204/234/229 203/233/228 205/236/231 466/237/232
f 206/235/230 208/238/233 205/236/231 203/233/228
f 207/239/234 209/240/235 208/238/233 206/235/230
f 1005/241/236 207/239/234 206/235/230 202/230/225
f 209/240/235 211/242/237 210/243/238 208/238/233
f 208/238/233 210/243/238 213/244/239 205/236/231
f 211/242/237 223/245/240 212/246/241 210/243/238
f 210/243/238 212/246/241 215/247/242 213/244/239
f 466/237/232 205/236/231 213/244/239 214/248/243
f 214/248/243 213/244/239 215/247/242 216/249/244
f 218/250/245 216/249/244 215/247/242 212/246/241
f 217/251/246 216/249/244 218/250/245 219/252/247
f 463/253/248 214/248/243 216/249/244 217/251/246
f 219/252/247 218/250/245 220/254/249 221/255/250
f 220/254/249 218/250/245 212/246/241 223/245/240
f 221/255/250 220/254/249 222/256/251 454/257/252
f 222/256/251 220/254/249 223/245/240 224/258/253
f 225/259/254 224/258/253 223/245/240 211/242/237
f 227/260/255 226/261/256 224/258/253 225/259/254
f 228/262/257 222/256/251 224/258/253 226/261/256
f 227/260/255 232/263/258 229/264/259 226/261/256
f 228/262/257 226/261/256 229/264/259 230/265/260
f 230/265/260 229/264/259 231/266/261 445/267/262
f 232/263/258 234/268/263 231/266/261 229/264/259
f 233/269/264 235/270/265 234/268/263 232/263/258
f 1009/271/266 233/269/264 232/263/258 227/260/255
f 235/270/265 237/272/267 236/273/268 234/268/263
f 234/268/263 236/273/268 239/274/269 231/266/261
f 237/272/267 249/275/270 238/276/271 236/273/268
f 236/273/268 238/276/271 241/277/272 239/274/269
f 445/267/262 231/266/261 239/274/269 240/278/273
f 240/278/273 239/274/269 241/277/272 242/279/274
f 244/280/275 242/279/274 241/277/272 238/276/271
f 243/281/276 242/279/274 244/280/275 245/282/277
f 442/283/278 240/278/273 242/279/274 243/281/276
f 245/282/277 244/280/275 246/284/279 247/285/280
f 246/284/279 244/280/275 238/276/271 249/275/270
f 247/285/280 246/284/279 248/286/281 433/287/282
f 248/286/281 246/284/279 249/275/270 250/288/283
f 251/289/284 250/288/283 249/275/270 237/272/267
f 253/290/285 252/291/286 250/288/283 251/289/284
f 254/292/287 248/286/281 250/288/283 252/291/286
f 253/290/285 258/293/288 255/294/289 252/291/286
f 254/292/287 252/291/286 255/294/289 256/295/290
f 256/295/290 255/294/289 257/296/291 424/297/292
f 258/293/288 260/298/293 257/296/291 255/294/289
f 259/299/294 261/300/295 260/298/293 258/293/288
f 1013/301/296 259/299/294 258/293/288 253/290/285
f 261/300/295 263/302/297 262/303/298 260/298/293
f 260/298/293 262/303/298 265/304/299 257/296/291
f 263/302/297 275/305/300 264/306/301 262/303/298
f 262/303/298 264/306/301 267/307/302 265/304/299
f 424/297/292 257/296/291 265/304/299 266/308/303
f 266/308/303 265/304/299 267/307/302 268/309/304
f 270/310/305 268/309/304 267/307/302 264/306/301
f 269/311/306 268/309/304 270/310/305 271/312/307
f 421/313/308 266/308/303 268/309/304 269/311/306
f 271/312/307 270/310/305 272/314/309 273/315/310
f 272/314/309 270/310/305 264/306/301 275/305/300
f 273/315/310 272/314/309 274/316/311 412/317/312
f 274/316/311 272/314/309 275/305/300 276/318/313
f 277/319/314 276/318/313 275/305/300 263/302/297
f 279/320/315 278/321/316 276/318/313 277/319/314
f 280/322/317 274/316/311 276/318/313 278/321/316
f 279/320/315 284/323/318 281/324/319 278/321/316
f 280/322/317 278/321/316 281/324/319 282/325/320
f 282/325/320 281/324/319 283/326/321 403/327/322
f 284/323/318 286/328/323 283/326/321 281/324/319
f 285/329/324 287/330/325 286/328/323 284/323/318
f 1017/331/326 285/329/324 284/323/318 279/320/315
f 287/330/325 289/332/327 288/333/328 286/328/323
f 286/328/323 288/333/328 291/334/329 283/326/321
f 289/332/327 301/335/330 290/336/331 288/333/328
f 288/333/328 290/336/331 293/337/332 291/334/329
f 403/327/322 283/326/321 291/334/329 292/338/333
f 292/338/333 291/334/329 293/337/332 294/339/334
f 296/340/335 294/339/334 293/337/332 290/336/331
f 295/341/336 294/339/334 296/340/335 297/342/337
f 400/343/338 292/338/333 294/339/334 295/341/336
f 297/342/337 296/340/335 298/344/339 299/345/340
f 298/344/339 296/340/335 290/336/331 301/335/330
f 299/345/340 298/344/339 300/346/341 391/347/342
f 300/346/341 298/344/339 301/335/330 302/348/343
f 303/349/344 302/348/343 301/335/330 289/332/327
f 306/350/345 304/351/346 302/348/343 303/349/344
f 305/352/347 300/346/341 302/348/343 304/351/346
f 305/352/347 304/351/346 307/353/348 308/354/349
f 306/350/345 310/355/350 307/353/348 304/351/346
f 308/354/349 307/353/348 309/356/351 382/357/352
f 310/355/350 312/358/353 309/356/351 307/353/348
f 311/359/354 313/360/355 312/358/353 310/355/350
f 1021/361/356 311/359/354 310/355/350 306/350/345
f 313/360/355 315/362/357 314/363/358 312/358/353
f 312/358/353 314/363/358 317/364/359 309/356/351
f 315/362/357 327/365/360 316/366/361 314/363/358
f 314/363/358 316/366/361 319/367/362 317/364/359
f 382/357/352 309/356/351 317/364/359 318/368/363
f 318/368/363 317/364/359 319/367/362 320/369/364
f 322/370/365 320/369/364 319/367/362 316/366/361
f 321/371/366 320/369/364 322/370/365 323/372/367
f 379/373/368 318/368/363 320/369/364 321/371/366
f 323/372/367 322/370/365 324/374/369 325/375/370
f 324/374/369 322/370/365 316/366/361 327/365/360
f 325/375/370 324/374/369 326/376/371 370/377/372
f 326/376/371 324/374/369 327/365/360 328/378/373
f 329/379/374 328/378/373 327/365/360 315/362/357
f 331/380/375 330/381/376 328/378/373 329/379/374
f 332/382/377 326/376/371 328/378/373 330/381/376
f 331/380/375 336/383/378 333/384/379 330/381/376
f 332/382/377 330/381/376 333/384/379 334/385/380
f 334/385/380 333/384/379 335/386/381 361/387/382
f 336/383/378 338/388/383 335/386/381 333/384/379
f 337/389/384 339/390/385 338/388/383 336/383/378
f 1025/391/386 337/389/384 336/383/378 331/380/375
f 339/390/385 341/173/168 340/392/387 338/388/383
f 338/388/383 340/392/387 343/393/388 335/386/381
f 341/173/168 149/169/164 342/394/389 340/392/387
f 340/392/387 342/394/389 345/395/390 343/393/388
f 361/387/382 335/386/381 343/393/388 344/396/391
f 344/396/391 343/393/388 345/395/390 346/397/392
f 348/398/393 346/397/392 345/395/390 342/394/389
f 347/399/394 346/397/392 348/398/393 349/400/395
f 358/401/396 344/396/391 346/397/392 347/399/394
f 349/400/395 348/398/393 146/168/163 144/167/162
f 146/168/163 348/398/393 342/394/389 149/169/164
f 352/152/147 350/402/397 349/400/395 144/167/162
f 350/402/397 353/403/398 347/399/394 349/400/395
f 351/404/399 350/402/397 352/152/147 130/149/144
f 354/405/400 353/403/398 350/402/397 351/404/399
f 356/406/401 355/407/402 353/403/398 354/405/400
f 353/403/398 355/407/402 358/401/396 347/399/394
f 625/408/403 357/409/404 355/407/402 356/406/401
f 355/407/402 357/409/404 359/410/405 358/401/396
f 359/410/405 361/387/382 344/396/391 358/401/396
f 360/411/406 334/385/380 361/387/382 359/410/405
f 357/409/404 363/412/407 360/411/406 359/410/405
f 332/382/377 334/385/380 360/411/406 362/413/408
f 363/412/407 365/414/409 362/413/408 360/411/406
f 364/415/410 363/412/407 357/409/404 625/408/403
f 366/416/411 365/414/409 363/412/407 364/415/410
f 366/416/411 368/417/412 367/418/413 365/414/409
f 365/414/409 367/418/413 370/377/372 362/413/408
f 371/419/414 369/420/415 367/418/413 368/417/412
f 367/418/413 369/420/415 325/375/370 370/377/372
f 370/377/372 326/376/371 332/382/377 362/413/408
f 373/421/416 372/422/417 369/420/415 371/419/414
f 369/420/415 372/422/417 323/372/367 325/375/370
f 375/423/418 374/424/419 372/422/417 373/421/416
f 372/422/417 374/424/419 321/371/366 323/372/367
f 377/425/420 376/426/421 374/424/419 375/423/418
f 374/424/419 376/426/421 379/373/368 321/371/366
f 608/427/422 378/428/423 376/426/421 377/425/420
f 376/426/421 378/428/423 380/429/424 379/373/368
f 380/429/424 382/357/352 318/368/363 379/373/368
f 381/430/425 308/354/349 382/357/352 380/429/424
f 378/428/423 384/431/426 381/430/425 380/429/424
f 383/432/427 305/352/347 308/354/349 381/430/425
f 384/431/426 386/433/428 383/432/427 381/430/425
f 385/434/429 384/431/426 378/428/423 608/427/422
f 387/435/430 386/433/428 384/431/426 385/434/429
f 387/435/430 389/436/431 388/437/432 386/433/428
f 386/433/428 388/437/432 391/347/342 383/432/427
f 392/438/433 390/439/434 388/437/432 389/436/431
f 388/437/432 390/439/434 299/345/340 391/347/342
f 391/347/342 300/346/341 305/352/347 383/432/427
f 394/440/435 393/441/436 390/439/434 392/438/433
f 390/439/434 393/441/436 297/342/337 299/345/340
f 396/442/437 395/443/438 393/441/436 394/440/435
f 393/441/436 395/443/438 295/341/336 297/342/337
f 398/444/439 397/445/440 395/443/438 396/442/437
f 395/443/438 397/445/440 400/343/338 295/341/336
f 591/446/441 399/447/442 397/445/440 398/444/439
f 397/445/440 399/447/442 401/448/443 400/343/338
f 401/448/443 403/327/322 292/338/333 400/343/338
f 402/449/444 282/325/320 403/327/322 401/448/443
f 399/447/442 405/450/445 402/449/444 401/448/443
f 280/322/317 282/325/320 402/449/444 404/451/446
f 405/450/445 407/452/447 404/451/446 402/449/444
f 406/453/448 405/450/445 399/447/442 591/446/441
f 408/454/449 407/452/447 405/450/445 406/453/448
f 408/454/449 410/455/450 409/456/451 407/452/447
f 407/452/447 409/456/451 412/317/312 404/451/446
f 413/457/452 411/458/453 409/456/451 410/455/450
f 409/456/451 411/458/453 273/315/310 412/317/312
f 412/317/312 274/316/311 280/322/317 404/451/446
f 415/459/454 414/460/455 411/458/453 413/457/452
f 411/458/453 414/460/455 271/312/307 273/315/310
f 417/461/456 416/462/457 414/460/455 415/459/454
f 414/460/455 416/462/457 269/311/306 271/312/307
f 419/463/458 418/464/459 416/462/457 417/461/456
f 416/462/457 418/464/459 421/313/308 269/311/306
f 574/465/460 420/466/461 418/464/459 419/463/458
f 418/464/459 420/466/461 422/467/462 421/313/308
f 422/467/462 424/297/292 266/308/303 421/313/308
f 423/468/463 256/295/290 424/297/292 422/467/462
f 420/466/461 426/469/464 423/468/463 422/467/462
f 254/292/287 256/295/290 423/468/463 425/470/465
f 426/469/464 428/471/466 425/470/465 423/468/463
f 427/472/467 426/469/464 420/466/461 574/465/460
f 429/473/468 428/471/466 426/469/464 427/472/467
f 429/473/468 431/474/469 430/475/470 428/471/466
f 428/471/466 430/475/470 433/287/282 425/470/465
f 434/476/471 432/477/472 430/475/470 431/474/469
f 430/475/470 432/477/472 247/285/280 433/287/282
f 433/287/282 248/286/281 254/292/287 425/470/465
f 436/478/473 435/479/474 432/477/472 434/476/471
f 432/477/472 435/479/474 245/282/277 247/285/280
f 438/480/475 437/481/476 435/479/474 436/478/473
f 435/479/474 437/481/476 243/281/276 245/282/277
f 440/482/477 439/483/478 437/481/476 438/480/475
f 437/481/476 439/483/478 442/283/278 243/281/276
f 557/484/479 441/485/480 439/483/478 440/482/477
f 439/483/478 441/485/480 443/486/481 442/283/278
f 443/486/481 445/267/262 240/278/273 442/283/278
f 444/487/482 230/265/260 445/267/262 443/486/481
f 441/485/480 447/488/483 444/487/482 443/486/481
f 228/262/257 230/265/260 444/487/482 446/489/484
f 447/488/483 449/490/485 446/489/484 444/487/482
f 448/491/486 447/488/483 441/485/480 557/484/479
f 450/492/487 449/490/485 447/488/483 448/491/486
f 450/492/487 452/493/488 451/494/489 449/490/485
f 449/490/485 451/494/489 454/257/252 446/489/484
f 455/495/490 453/496/491 451/494/489 452/493/488
f 451/494/489 453/496/491 221/255/250 454/257/252
f 454/257/252 222/256/251 228/262/257 446/489/484
f 457/497/492 456/498/493 453/496/491 455/495/490
f 453/496/491 456/498/493 219/252/247 221/255/250
f 459/499/494 458/500/495 456/498/493 457/497/492
f 456/498/493 458/500/495 217/251/246 219/252/247
f 461/501/496 460/502/497 458/500/495 459/499/494
f 458/500/495 460/502/497 463/253/248 217/251/246
f 540/503/498 462/504/499 460/502/497 461/501/496
f 460/502/497 462/504/499 464/505/500 463/253/248
f 464/505/500 466/237/232 214/248/243 463/253/248
f 465/506/501 204/234/229 466/237/232 464/505/500
f 462/504/499 468/507/502 465/506/501 464/505/500
f 467/508/503 201/232/227 204/234/229 465/506/501
f 468/507/502 470/509/504 467/508/503 465/506/501
f 469/510/505 468/507/502 462/504/499 540/503/498
f 471/511/506 470/509/504 468/507/502 469/510/505
f 471/511/506 473/512/507 472/513/508 470/509/504
f 470/509/504 472/513/508 475/227/222 467/508/503
f 476/514/509 474/515/510 472/513/508 473/512/507
f 472/513/508 474/515/510 195/225/220 475/227/222
f 475/227/222 196/226/221 201/232/227 467/508/503
f 478/516/511 477/517/512 474/515/510 476/514/509
f 474/515/510 477/517/512 193/222/217 195/225/220
f 480/518/513 479/519/514 477/517/512 478/516/511
f 477/517/512 479/519/514 191/221/216 193/222/217
f 482/520/515 481/521/516 479/519/514 480/518/513
f 479/519/514 481/521/516 484/223/218 191/221/216
f 523/522/517 483/523/518 481/521/516 482/520/515
f 481/521/516 483/523/518 485/524/519 484/223/218
f 485/524/519 487/207/202 188/218/213 484/223/218
f 486/525/520 178/205/200 487/207/202 485/524/519
f 483/523/518 489/526/521 486/525/520 485/524/519
f 176/202/197 178/205/200 486/525/520 488/527/522
f 489/526/521 491/528/523 488/527/522 486/525/520
f 490/529/524 489/526/521 483/523/518 523/522/517
f 492/530/525 491/528/523 489/526/521 490/529/524
f 492/530/525 494/531/526 493/532/527 491/528/523
f 491/528/523 493/532/527 496/197/192 488/527/522
f 497/533/528 495/534/529 493/532/527 494/531/526
f 493/532/527 495/534/529 169/195/190 496/197/192
f 496/197/192 170/196/191 176/202/197 488/527/522
f 499/535/530 498/536/531 495/534/529 497/533/528
f 495/534/529 498/536/531 167/192/187 169/195/190
f 501/537/532 500/538/533 498/536/531 499/535/530
f 498/536/531 500/538/533 165/191/186 167/192/187
f 503/539/534 502/540/535 500/538/533 501/537/532
f 500/538/533 502/540/535 504/193/188 165/191/186
f 135/157/152 137/158/153 502/540/535 503/539/534
f 502/540/535 137/158/153 140/160/155 504/193/188
f 140/160/155 1026/163/158 162/188/183 504/193/188
f 505/541/536 503/539/534 501/537/532 507/542/537
f 508/139/138 135/157/152 503/539/534 505/541/536
f 506/543/538 505/541/536 507/542/537 509/544/539
f 121/140/135 508/139/138 505/541/536 506/543/538
f 509/544/539 507/542/537 510/545/540 511/546/541
f 507/542/537 501/537/532 499/535/530 510/545/540
f 511/546/541 510/545/540 512/547/542 513/548/543
f 510/545/540 499/535/530 497/533/528 512/547/542
f 513/548/543 512/547/542 514/549/544 515/550/545
f 512/547/542 497/533/528 494/531/526 514/549/544
f 517/551/546 515/550/545 514/549/544 516/552/547
f 516/552/547 514/549/544 494/531/526 492/530/525
f 517/551/546 516/552/547 518/553/548 519/554/549
f 516/552/547 492/530/525 490/529/524 518/553/548
f 519/554/549 518/553/548 520/555/550 521/556/551
f 518/553/548 490/529/524 523/522/517 520/555/550
f 521/556/551 520/555/550 522/557/552 524/558/553
f 520/555/550 523/522/517 482/520/515 522/557/552
f 524/558/553 522/557/552 525/559/554 526/560/555
f 522/557/552 482/520/515 480/518/513 525/559/554
f 526/560/555 525/559/554 527/561/556 528/562/557
f 525/559/554 480/518/513 478/516/511 527/561/556
f 528/562/557 527/561/556 529/563/558 530/564/559
f 527/561/556 478/516/511 476/514/509 529/563/558
f 530/564/559 529/563/558 531/565/560 532/566/561
f 529/563/558 476/514/509 473/512/507 531/565/560
f 534/567/562 532/566/561 531/565/560 533/568/563
f 533/568/563 531/565/560 473/512/507 471/511/506
f 534/567/562 533/568/563 535/569/564 536/570/565
f 533/568/563 471/511/506 469/510/505 535/569/564
f 536/570/565 535/569/564 537/571/566 538/572/567
f 535/569/564 469/510/505 540/503/498 537/571/566
f 538/572/567 537/571/566 539/573/568 541/574/569
f 537/571/566 540/503/498 461/501/496 539/573/568
f 541/574/569 539/573/568 542/575/570 543/576/571
f 539/573/568 461/501/496 459/499/494 542/575/570
f 543/576/571 542/575/570 544/577/572 545/578/573
f 542/575/570 459/499/494 457/497/492 544/577/572
f 545/578/573 544/577/572 546/579/574 547/580/575
f 544/577/572 457/497/492 455/495/490 546/579/574
f 547/580/575 546/579/574 548/581/576 549/582/577
f 546/579/574 455/495/490 452/493/488 548/581/576
f 551/583/578 549/582/577 548/581/576 550/584/579
f 550/584/579 548/581/576 452/493/488 450/492/487
f 551/583/578 550/584/579 552/585/580 553/586/581
f 550/584/579 450/492/487 448/491/486 552/585/580
f 553/586/581 552/585/580 554/587/582 555/588/583
f 552/585/580 448/491/486 557/484/479 554/587/582
f 555/588/583 554/587/582 556/589/584 558/590/585
f 554/587/582 557/484/479 440/482/477 556/589/584
f 558/590/585 556/589/584 559/591/586 560/592/587
f 556/589/584 440/482/477 438/480/475 559/591/586
f 560/592/587 559/591/586 561/593/588 562/594/589
f 559/591/586 438/480/475 436/478/473 561/593/588
f 562/594/589 561/593/588 563/595/590 564/596/591
f 561/593/588 436/478/473 434/476/471 563/595/590
f 564/596/591 563/595/590 565/597/592 566/598/593
f 563/595/590 434/476/471 431/474/469 565/597/592
f 568/599/594 566/598/593 565/597/592 567/600/595
f 567/600/595 565/597/592 431/474/469 429/473/468
f 568/599/594 567/600/595 569/601/596 570/602/597
f 567/600/595 429/473/468 427/472/467 569/601/596
f 570/602/597 569/601/596 571/603/598 572/604/599
f 569/601/596 427/472/467 574/465/460 571/603/598
f 572/604/599 571/603/598 573/605/600 575/606/601
f 571/603/598 574/465/460 419/463/458 573/605/600
f 575/606/601 573/605/600 576/607/602 577/608/603
f 573/605/600 419/463/458 417/461/456 576/607/602
f 577/608/603 576/607/602 578/609/604 579/610/605
f 576/607/602 417/461/456 415/459/454 578/609/604
f 579/610/605 578/609/604 580/611/606 581/612/607
f 578/609/604 415/459/454 413/457/452 580/611/606
f 581/612/607 580/611/606 582/613/608 583/614/609
f 580/611/606 413/457/452 410/455/450 582/613/608
f 585/615/610 583/614/609 582/613/608 584/616/611
f 584/616/611 582/613/608 410/455/450 408/454/449
f 585/615/610 584/616/611 586/617/612 587/618/613
f 584/616/611 408/454/449 406/453/448 586/617/612
f 587/618/613 586/617/612 588/619/614 589/620/615
f 586/617/612 406/453/448 591/446/441 588/619/614
f 589/620/615 588/619/614 590/621/616 592/622/617
f 588/619/614 591/446/441 398/444/439 590/621/616
f 592/622/617 590/621/616 593/623/618 594/624/619
f 590/621/616 398/444/439 396/442/437 593/623/618
f 594/624/619 593/623/618 595/625/620 596/626/621
f 593/623/618 396/442/437 394/440/435 595/625/620
f 596/626/621 595/625/620 597/627/622 598/628/623
f 595/625/620 394/440/435 392/438/433 597/627/622
f 598/628/623 597/627/622 599/629/624 600/630/625
f 597/627/622 392/438/433 389/436/431 599/629/624
f 602/631/626 600/630/625 599/629/624 601/632/627
f 601/632/627 599/629/624 389/436/431 387/435/430
f 602/631/626 601/632/627 603/633/628 604/634/629
f 601/632/627 387/435/430 385/434/429 603/633/628
f 604/634/629 603/633/628 605/635/630 606/636/631
f 603/633/628 385/434/429 608/427/422 605/635/630
f 606/636/631 605/635/630 607/637/632 609/638/633
f 605/635/630 608/427/422 377/425/420 607/637/632
f 609/638/633 607/637/632 610/639/634 611/640/635
f 607/637/632 377/425/420 375/423/418 610/639/634
f 611/640/635 610/639/634 612/641/636 613/642/637
f 610/639/634 375/423/418 373/421/416 612/641/636
f 613/642/637 612/641/636 614/643/638 615/644/639
f 612/641/636 373/421/416 371/419/414 614/643/638
f 615/644/639 614/643/638 616/645/640 617/646/641
f 614/643/638 371/419/414 368/417/412 616/645/640
f 619/647/642 617/646/641 616/645/640 618/648/643
f 618/648/643 616/645/640 368/417/412 366/416/411
f 619/647/642 618/648/643 620/649/644 621/650/645
f 618/648/643 366/416/411 364/415/410 620/649/644
f 621/650/645 620/649/644 622/651/646 623/652/647
f 620/649/644 364/415/410 625/408/403 622/651/646
f 623/652/647 622/651/646 624/653/648 626/654/649
f 622/651/646 625/408/403 356/406/401 624/653/648
f 626/654/649 624/653/648 627/655/650 628/656/651
f 624/653/648 356/406/401 354/405/400 627/655/650
f 628/656/651 627/655/650 629/657/652 630/658/653
f 627/655/650 354/405/400 351/404/399 629/657/652
f 630/658/653 629/657/652 128/147/143 126/146/142
f 629/657/652 351/404/399 130/149/144 128/147/143
f 633/126/126 631/659/654 630/660/653 126/148/142
f 631/659/654 634/661/655 628/662/651 630/660/653
f 632/663/656 631/659/654 633/126/126 111/123/123
f 635/664/657 634/661/655 631/659/654 632/663/656
f 637/665/658 636/666/659 634/661/655 635/664/657
f 634/661/655 636/666/659 626/667/649 628/662/651
f 639/668/660 638/669/661 636/666/659 637/665/658
f 636/666/659 638/669/661 623/670/647 626/667/649
f 641/671/662 640/672/663 638/669/661 639/668/660
f 638/669/661 640/672/663 621/673/645 623/670/647
f 641/671/662 643/674/664 642/675/665 640/672/663
f 640/672/663 642/675/665 619/676/642 621/673/645
f 643/674/664 645/677/666 644/678/667 642/675/665
f 642/675/665 644/678/667 617/679/641 619/676/642
f 645/677/666 647/680/668 646/681/669 644/678/667
f 644/678/667 646/681/669 615/682/639 617/679/641
f 649/683/670 648/684/671 646/681/669 647/680/668
f 646/681/669 648/684/671 613/685/637 615/682/639
f 651/686/672 650/687/673 648/684/671 649/683/670
f 648/684/671 650/687/673 611/688/635 613/685/637
f 653/689/674 652/690/675 650/687/673 651/686/672
f 650/687/673 652/690/675 609/691/633 611/688/635
f 655/692/676 654/693/677 652/690/675 653/689/674
f 652/690/675 654/693/677 606/694/631 609/691/633
f 657/695/678 656/696/679 654/693/677 655/692/676
f 654/693/677 656/696/679 604/697/629 606/694/631
f 657/695/678 659/698/680 658/699/681 656/696/679
f 656/696/679 658/699/681 602/700/626 604/697/629
f 659/698/680 661/701/682 660/702/683 658/699/681
f 658/699/681 660/702/683 600/703/625 602/700/626
f 661/701/682 663/704/684 662/705/685 660/702/683
f 660/702/683 662/705/685 598/706/623 600/703/625
f 665/707/686 664/708/687 662/705/685 663/704/684
f 662/705/685 664/708/687 596/709/621 598/706/623
f 667/710/688 666/711/689 664/708/687 665/707/686
f 664/708/687 666/711/689 594/712/619 596/709/621
f 669/713/690 668/714/691 666/711/689 667/710/688
f 666/711/689 668/714/691 592/715/617 594/712/619
f 671/716/692 670/717/693 668/714/691 669/713/690
f 668/714/691 670/717/693 589/718/615 592/715/617
f 673/719/694 672/720/695 670/717/693 671/716/692
f 670/717/693 672/720/695 587/721/613 589/718/615
f 673/719/694 675/722/696 674/723/697 672/720/695
f 672/720/695 674/723/697 585/724/610 587/721/613
f 675/722/696 677/725/698 676/726/699 674/723/697
f 674/723/697 676/726/699 583/727/609 585/724/610
f 677/725/698 679/728/700 678/729/701 676/726/699
f 676/726/699 678/729/701 581/730/607 583/727/609
f 681/731/702 680/732/703 678/729/701 679/728/700
f 678/729/701 680/732/703 579/733/605 581/730/607
f 683/734/704 682/735/705 680/732/703 681/731/702
f 680/732/703 682/735/705 577/736/603 579/733/605
f 685/737/706 684/738/707 682/735/705 683/734/704
f 682/735/705 684/738/707 575/739/601 577/736/603
f 687/740/708 686/741/709 684/738/707 685/737/706
f 684/738/707 686/741/709 572/742/599 575/739/601
f 689/743/710 688/744/711 686/741/709 687/740/708
f 686/741/709 688/744/711 570/745/597 572/742/599
f 689/743/710 691/746/712 690/747/713 688/744/711
f 688/744/711 690/747/713 568/748/594 570/745/597
f 691/746/712 693/749/714 692/750/715 690/747/713
f 690/747/713 692/750/715 566/751/593 568/748/594
f 693/749/714 695/752/716 694/753/717 692/750/715
f 692/750/715 694/753/717 564/754/591 566/751/593
f 697/755/718 696/756/719 694/753/717 695/752/716
f 694/753/717 696/756/719 562/757/589 564/754/591
f 699/758/720 698/759/721 696/756/719 697/755/718
f 696/756/719 698/759/721 560/760/587 562/757/589
f 701/761/722 700/762/723 698/759/721 699/758/720
f 698/759/721 700/762/723 558/763/585 560/760/587
f 703/764/724 702/765/725 700/762/723 701/761/722
f 700/762/723 702/765/725 555/766/583 558/763/585
f 705/767/726 704/768/727 702/765/725 703/764/724
f 702/765/725 704/768/727 553/769/581 555/766/583
f 705/767/726 707/770/728 706/771/729 704/768/727
f 704/768/727 706/771/729 551/772/578 553/769/581
f 707/770/728 709/773/730 708/774/731 706/771/729
f 706/771/729 708/774/731 549/775/577 551/772/578
f 709/773/730 711/776/732 710/777/733 708/774/731
f 708/774/731 710/777/733 547/778/575 549/775/577
f 713/779/734 712/780/735 710/777/733 711/776/732
f 710/777/733 712/780/735 545/781/573 547/778/575
f 715/782/736 714/783/737 712/780/735 713/779/734
f 712/780/735 714/783/737 543/784/571 545/781/573
f 717/785/738 716/786/739 714/783/737 715/782/736
f 714/783/737 716/786/739 541/787/569 543/784/571
f 719/788/740 718/789/741 716/786/739 717/785/738
f 716/786/739 718/789/741 538/790/567 541/787/569
f 721/791/742 720/792/743 718/789/741 719/788/740
f 718/789/741 720/792/743 536/793/565 538/790/567
f 721/791/742 723/794/744 722/795/745 720/792/743
f 720/792/743 722/795/745 534/796/562 536/793/565
f 723/794/744 725/797/746 724/798/747 722/795/745
f 722/795/745 724/798/747 532/799/561 534/796/562
f 725/797/746 727/800/748 726/801/749 724/798/747
f 724/798/747 726/801/749 530/802/559 532/799/561
f 729/803/750 728/804/751 726/801/749 727/800/748
f 726/801/749 728/804/751 528/805/557 530/802/559
f 731/806/752 730/807/753 728/804/751 729/803/750
f 728/804/751 730/807/753 526/808/555 528/805/557
f 733/809/754 732/810/755 730/807/753 731/806/752
f 730/807/753 732/810/755 524/811/553 526/808/555
f 735/812/756 734/813/757 732/810/755 733/809/754
f 732/810/755 734/813/757 521/814/551 524/811/553
f 737/815/758 736/816/759 734/813/757 735/812/756
f 734/813/757 736/816/759 519/817/549 521/814/551
f 737/815/758 739/818/760 738/819/761 736/816/759
f 736/816/759 738/819/761 517/820/546 519/817/549
f 739/818/760 741/821/762 740/822/763 738/819/761
f 738/819/761 740/822/763 515/823/545 517/820/546
f 741/821/762 743/824/764 742/825/765 740/822/763
f 740/822/763 742/825/765 513/826/543 515/823/545
f 745/827/766 744/828/767 742/825/765 743/824/764
f 742/825/765 744/828/767 511/829/541 513/826/543
f 747/830/768 746/831/769 744/828/767 745/827/766
f 744/828/767 746/831/769 509/832/539 511/829/541
f 749/833/770 748/834/771 746/831/769 747/830/768
f 746/831/769 748/834/771 506/835/538 509/832/539
f 117/131/131 119/133/133 748/834/771 749/833/770
f 748/834/771 119/133/133 121/135/135 506/835/538
f 750/836/772 749/833/770 747/830/768 751/837/773
f 752/132/132 117/131/131 749/833/770 750/836/772
f 80/92/92 750/836/772 751/837/773 78/91/91
f 82/95/95 752/132/132 750/836/772 80/92/92
f 105/98/98 116/119/119 752/132/132 82/95/95
f 78/91/91 751/837/773 753/838/774 755/93/93
f 751/837/773 747/830/768 745/827/766 753/838/774
f 755/93/93 753/838/774 754/839/775 756/840/776
f 753/838/774 745/827/766 743/824/764 754/839/775
f 756/840/776 71/82/82 73/85/85 755/93/93
f 757/841/777 69/81/81 71/82/82 756/840/776
f 756/840/776 754/839/775 759/842/778 757/841/777
f 767/83/83 69/81/81 757/841/777 758/843/779
f 757/841/777 759/842/778 760/844/780 758/843/779
f 759/842/778 754/839/775 743/824/764 741/821/762
f 760/844/780 759/842/778 741/821/762 739/818/760
f 758/843/779 760/844/780 761/845/781 763/846/782
f 761/845/781 760/844/780 739/818/760 737/815/758
f 763/846/782 761/845/781 762/847/783 764/848/784
f 761/845/781 737/815/758 735/812/756 762/847/783
f 764/848/784 766/70/70 765/849/785 763/846/782
f 763/846/782 765/849/785 767/83/83 758/843/779
f 765/849/785 766/70/70 57/69/69 61/72/72
f 767/83/83 765/849/785 61/72/72 64/74/74
f 768/65/65 54/64/64 766/70/70 764/848/784
f 764/848/784 762/847/783 769/850/786 768/65/65
f 768/65/65 769/850/786 770/851/787 53/62/62
f 769/850/786 733/809/754 731/806/752 770/851/787
f 762/847/783 735/812/756 733/809/754 769/850/786
f 53/62/62 770/851/787 771/852/788 50/59/59
f 770/851/787 731/806/752 729/803/750 771/852/788
f 50/59/59 771/852/788 772/853/789 47/57/57
f 771/852/788 729/803/750 727/800/748 772/853/789
f 47/57/57 772/853/789 773/854/790 45/55/55
f 773/854/790 772/853/789 727/800/748 725/797/746
f 774/855/791 773/854/790 725/797/746 723/794/744
f 45/55/55 773/854/790 774/855/791 43/53/53
f 43/53/53 774/855/791 775/856/792 41/51/51
f 775/856/792 774/855/791 723/794/744 721/791/742
f 41/51/51 775/856/792 776/857/793 39/49/49
f 775/856/792 721/791/742 719/788/740 776/857/793
f 39/49/49 776/857/793 777/858/794 37/46/46
f 776/857/793 719/788/740 717/785/738 777/858/794
f 37/46/46 777/858/794 778/859/795 35/45/45
f 777/858/794 717/785/738 715/782/736 778/859/795
f 35/45/45 778/859/795 779/860/796 781/47/47
f 778/859/795 715/782/736 713/779/734 779/860/796
f 781/47/47 779/860/796 780/861/797 782/862/798
f 779/860/796 713/779/734 711/776/732 780/861/797
f 782/862/798 784/41/41 32/42/42 781/47/47
f 783/863/799 785/864/800 784/41/41 782/862/798
f 782/862/798 780/861/797 817/865/801 783/863/799
f 785/864/800 786/866/802 31/39/39 784/41/41
f 787/867/803 785/864/800 783/863/799 789/868/804
f 787/867/803 788/869/805 786/866/802 785/864/800
f 787/867/803 790/870/806 793/871/807 788/869/805
f 791/872/808 790/870/806 787/867/803 789/868/804
f 814/873/809 792/874/810 790/870/806 791/872/808
f 790/870/806 792/874/810 795/875/811 793/871/807
f 794/876/812 793/871/807 795/875/811 796/877/813
f 990/878/814 788/869/805 793/871/807 794/876/812
f 796/877/813 795/875/811 797/879/815 798/880/816
f 792/874/810 799/881/817 797/879/815 795/875/811
f 798/880/816 797/879/815 800/882/818 801/883/819
f 799/881/817 802/884/820 800/882/818 797/879/815
f 804/885/821 801/883/819 800/882/818 802/884/820
f 803/886/822 802/884/820 799/881/817 813/887/823
f 806/888/824 804/885/821 802/884/820 803/886/822
f 807/889/825 805/890/826 804/885/821 806/888/824
f 805/890/826 833/891/827 801/883/819 804/885/821
f 806/888/824 808/892/828 809/893/829 807/889/825
f 803/886/822 810/894/830 808/892/828 806/888/824
f 808/892/828 697/755/718 695/752/716 809/893/829
f 810/894/830 699/758/720 697/755/718 808/892/828
f 813/887/823 811/895/831 810/894/830 803/886/822
f 811/895/831 701/761/722 699/758/720 810/894/830
f 814/873/809 812/896/832 811/895/831 813/887/823
f 812/896/832 703/764/724 701/761/722 811/895/831
f 813/887/823 799/881/817 792/874/810 814/873/809
f 791/872/808 815/897/833 812/896/832 814/873/809
f 815/897/833 705/767/726 703/764/724 812/896/832
f 815/897/833 816/898/834 707/770/728 705/767/726
f 789/868/804 816/898/834 815/897/833 791/872/808
f 783/863/799 817/865/801 816/898/834 789/868/804
f 816/898/834 817/865/801 709/773/730 707/770/728
f 817/865/801 780/861/797 711/776/732 709/773/730
f 807/889/825 809/893/829 818/899/835 819/900/836
f 818/899/835 809/893/829 695/752/716 693/749/714
f 820/901/837 818/899/835 693/749/714 691/746/712
f 819/900/836 818/899/835 820/901/837 821/902/838
f 821/902/838 820/901/837 822/903/839 824/904/840
f 822/903/839 820/901/837 691/746/712 689/743/710
f 824/904/840 822/903/839 823/905/841 825/906/842
f 822/903/839 689/743/710 687/740/708 823/905/841
f 825/906/842 827/907/843 826/908/844 824/904/840
f 824/904/840 826/908/844 829/909/845 821/902/838
f 826/908/844 827/907/843 843/910/846 828/911/847
f 829/909/845 826/908/844 828/911/847 830/912/848
f 829/909/845 830/912/848 832/913/849 831/914/850
f 829/909/845 831/914/850 819/900/836 821/902/838
f 819/900/836 831/914/850 805/890/826 807/889/825
f 831/914/850 832/913/849 833/891/827 805/890/826
f 834/915/851 836/916/852 833/891/827 832/913/849
f 837/917/853 834/915/851 832/913/849 830/912/848
f 835/918/854 986/919/855 836/916/852 834/915/851
f 838/920/856 835/918/854 834/915/851 837/917/853
f 838/920/856 837/917/853 839/921/857 840/922/858
f 837/917/853 830/912/848 828/911/847 839/921/857
f 840/922/858 839/921/857 841/923/859 842/924/860
f 839/921/857 828/911/847 843/910/846 841/923/859
f 842/924/860 841/923/859 844/925/861 845/926/862
f 841/923/859 843/910/846 846/927/863 844/925/861
f 845/926/862 844/925/861 847/928/864 848/929/865
f 844/925/861 846/927/863 850/930/866 847/928/864
f 862/931/867 848/929/865 847/928/864 849/932/868
f 849/932/868 847/928/864 850/930/866 851/933/869
f 853/934/870 851/933/869 850/930/866 846/927/863
f 852/935/871 851/933/869 853/934/870 854/936/872
f 859/937/873 849/932/868 851/933/869 852/935/871
f 854/936/872 853/934/870 827/907/843 825/906/842
f 827/907/843 853/934/870 846/927/863 843/910/846
f 825/906/842 823/905/841 855/938/874 854/936/872
f 854/936/872 855/938/874 856/939/875 852/935/871
f 855/938/874 685/737/706 683/734/704 856/939/875
f 823/905/841 687/740/708 685/737/706 855/938/874
f 852/935/871 856/939/875 857/940/876 859/937/873
f 856/939/875 683/734/704 681/731/702 857/940/876
f 859/937/873 857/940/876 858/941/877 860/942/878
f 857/940/876 681/731/702 679/728/700 858/941/877
f 860/942/878 862/931/867 849/932/868 859/937/873
f 861/943/879 863/944/880 862/931/867 860/942/878
f 860/942/878 858/941/877 895/945/881 861/943/879
f 863/944/880 864/946/882 848/929/865 862/931/867
f 865/947/883 863/944/880 861/943/879 867/948/884
f 865/947/883 866/949/885 864/946/882 863/944/880
f 865/947/883 868/950/886 871/951/887 866/949/885
f 869/952/888 868/950/886 865/947/883 867/948/884
f 892/953/889 870/954/890 868/950/886 869/952/888
f 868/950/886 870/954/890 873/955/891 871/951/887
f 872/956/892 871/951/887 873/955/891 874/957/893
f 982/958/894 866/949/885 871/951/887 872/956/892
f 874/957/893 873/955/891 875/959/895 876/960/896
f 870/954/890 877/961/897 875/959/895 873/955/891
f 876/960/896 875/959/895 878/962/898 879/963/899
f 877/961/897 880/964/900 878/962/898 875/959/895
f 882/965/901 879/963/899 878/962/898 880/964/900
f 881/966/902 880/964/900 877/961/897 891/967/903
f 884/968/904 882/965/901 880/964/900 881/966/902
f 885/969/905 883/970/906 882/965/901 884/968/904
f 883/970/906 911/971/907 879/963/899 882/965/901
f 884/968/904 886/972/908 887/973/909 885/969/905
f 881/966/902 888/974/910 886/972/908 884/968/904
f 886/972/908 665/707/686 663/704/684 887/973/909
f 888/974/910 667/710/688 665/707/686 886/972/908
f 891/967/903 889/975/911 888/974/910 881/966/902
f 889/975/911 669/713/690 667/710/688 888/974/910
f 892/953/889 890/976/912 889/975/911 891/967/903
f 890/976/912 671/716/692 669/713/690 889/975/911
f 891/967/903 877/961/897 870/954/890 892/953/889
f 869/952/888 893/977/913 890/976/912 892/953/889
f 893/977/913 673/719/694 671/716/692 890/976/912
f 893/977/913 894/978/914 675/722/696 673/719/694
f 867/948/884 894/978/914 893/977/913 869/952/888
f 861/943/879 895/945/881 894/978/914 867/948/884
f 894/978/914 895/945/881 677/725/698 675/722/696
f 895/945/881 858/941/877 679/728/700 677/725/698
f 885/969/905 887/973/909 896/979/915 897/980/916
f 896/979/915 887/973/909 663/704/684 661/701/682
f 898/981/917 896/979/915 661/701/682 659/698/680
f 897/980/916 896/979/915 898/981/917 899/982/918
f 899/982/918 898/981/917 900/983/919 902/984/920
f 900/983/919 898/981/917 659/698/680 657/695/678
f 902/984/920 900/983/919 901/985/921 903/986/922
f 900/983/919 657/695/678 655/692/676 901/985/921
f 903/986/922 905/987/923 904/988/924 902/984/920
f 902/984/920 904/988/924 907/989/925 899/982/918
f 904/988/924 905/987/923 921/990/926 906/991/927
f 907/989/925 904/988/924 906/991/927 908/992/928
f 899/982/918 907/989/925 909/993/929 897/980/916
f 907/989/925 908/992/928 910/994/930 909/993/929
f 897/980/916 909/993/929 883/970/906 885/969/905
f 909/993/929 910/994/930 911/971/907 883/970/906
f 912/995/931 914/996/932 911/971/907 910/994/930
f 915/997/933 912/995/931 910/994/930 908/992/928
f 913/998/934 978/999/935 914/996/932 912/995/931
f 916/1000/936 913/998/934 912/995/931 915/997/933
f 915/997/933 908/992/928 906/991/927 917/1001/937
f 916/1000/936 915/997/933 917/1001/937 918/1002/938
f 918/1002/938 917/1001/937 919/1003/939 920/1004/940
f 917/1001/937 906/991/927 921/990/926 919/1003/939
f 920/1004/940 919/1003/939 922/1005/941 923/1006/942
f 919/1003/939 921/990/926 924/1007/943 922/1005/941
f 923/1006/942 922/1005/941 925/1008/944 926/1009/945
f 922/1005/941 924/1007/943 928/1010/946 925/1008/944
f 940/1011/947 926/1009/945 925/1008/944 927/1012/948
f 927/1012/948 925/1008/944 928/1010/946 929/1013/949
f 931/1014/950 929/1013/949 928/1010/946 924/1007/943
f 930/1015/951 929/1013/949 931/1014/950 932/1016/952
f 937/1017/953 927/1012/948 929/1013/949 930/1015/951
f 932/1016/952 931/1014/950 905/987/923 903/986/922
f 905/987/923 931/1014/950 924/1007/943 921/990/926
f 903/986/922 901/985/921 933/1018/954 932/1016/952
f 932/1016/952 933/1018/954 934/1019/955 930/1015/951
f 933/1018/954 653/689/674 651/686/672 934/1019/955
f 901/985/921 655/692/676 653/689/674 933/1018/954
f 930/1015/951 934/1019/955 935/1020/956 937/1017/953
f 934/1019/955 651/686/672 649/683/670 935/1020/956
f 937/1017/953 935/1020/956 936/1021/957 938/1022/958
f 935/1020/956 649/683/670 647/680/668 936/1021/957
f 938/1022/958 940/1011/947 927/1012/948 937/1017/953
f 939/1023/959 941/1024/960 940/1011/947 938/1022/958
f 938/1022/958 936/1021/957 971/1025/961 939/1023/959
f 941/1024/960 942/1026/962 926/1009/945 940/1011/947
f 943/1027/963 941/1024/960 939/1023/959 945/1028/964
f 943/1027/963 944/1029/965 942/1026/962 941/1024/960
f 943/1027/963 946/1030/966 949/1031/967 944/1029/965
f 947/1032/968 946/1030/966 943/1027/963 945/1028/964
f 968/1033/969 948/1034/970 946/1030/966 947/1032/968
f 946/1030/966 948/1034/970 951/1035/971 949/1031/967
f 950/1036/972 949/1031/967 951/1035/971 952/1037/973
f 973/1038/974 944/1029/965 949/1031/967 950/1036/972
f 952/1037/973 951/1035/971 953/1039/975 954/1040/976
f 948/1034/970 955/1041/977 953/1039/975 951/1035/971
f 954/1040/976 953/1039/975 956/1042/978 957/1043/979
f 955/1041/977 958/1044/980 956/1042/978 953/1039/975
f 960/1045/981 957/1043/979 956/1042/978 958/1044/980
f 959/1046/982 958/1044/980 955/1041/977 967/1047/983
f 962/1048/984 960/1045/981 958/1044/980 959/1046/982
f 107/121/121 961/114/114 960/1045/981 962/1048/984
f 961/114/114 100/110/110 957/1043/979 960/1045/981
f 962/1048/984 963/1049/985 109/122/122 107/121/121
f 959/1046/982 964/1050/986 963/1049/985 962/1048/984
f 963/1049/985 632/663/656 111/123/123 109/122/122
f 964/1050/986 635/664/657 632/663/656 963/1049/985
f 967/1047/983 965/1051/987 964/1050/986 959/1046/982
f 965/1051/987 637/665/658 635/664/657 964/1050/986
f 968/1033/969 966/1052/988 965/1051/987 967/1047/983
f 966/1052/988 639/668/660 637/665/658 965/1051/987
f 967/1047/983 955/1041/977 948/1034/970 968/1033/969
f 947/1032/968 969/1053/989 966/1052/988 968/1033/969
f 969/1053/989 641/671/662 639/668/660 966/1052/988
f 969/1053/989 970/1054/990 643/674/664 641/671/662
f 945/1028/964 970/1054/990 969/1053/989 947/1032/968
f 939/1023/959 971/1025/961 970/1054/990 945/1028/964
f 970/1054/990 971/1025/961 645/677/666 643/674/664
f 971/1025/961 936/1021/957 647/680/668 645/677/666
f 97/109/109 954/1040/976 957/1043/979 100/110/110
f 95/108/108 952/1037/973 954/1040/976 97/109/109
f 972/107/107 950/1036/972 952/1037/973 95/108/108
f 974/1055/991 973/1038/974 950/1036/972 972/107/107
f 974/1055/991 976/1056/992 975/1057/993 973/1038/974
f 973/1038/974 975/1057/993 942/1026/962 944/1029/965
f 976/1056/992 920/1004/940 923/1006/942 975/1057/993
f 975/1057/993 923/1006/942 926/1009/945 942/1026/962
f 977/3/3 918/1002/938 920/1004/940 976/1056/992
f 2/4/4 977/3/3 976/1056/992 974/1055/991
f 7/2/2 916/1000/936 918/1002/938 977/3/3
f 2/4/4 974/1055/991 972/107/107 94/5/5
f 7/2/2 980/17/17 913/998/934 916/1000/936
f 978/999/935 874/957/893 876/960/896 914/996/932
f 914/996/932 876/960/896 879/963/899 911/971/907
f 980/17/17 979/1058/994 978/999/935 913/998/934
f 979/1058/994 872/956/892 874/957/893 978/999/935
f 5/16/16 981/1059/995 979/1058/994 980/17/17
f 981/1059/995 982/958/894 872/956/892 979/1058/994
f 5/16/16 984/15/15 983/1060/996 981/1059/995
f 981/1059/995 983/1060/996 985/1061/997 982/958/894
f 984/15/15 840/922/858 842/924/860 983/1060/996
f 983/1060/996 842/924/860 845/926/862 985/1061/997
f 985/1061/997 845/926/862 848/929/865 864/946/882
f 982/958/894 985/1061/997 864/946/882 866/949/885
f 6/13/13 838/920/856 840/922/858 984/15/15
f 6/13/13 988/12/12 835/918/854 838/920/856
f 986/919/855 796/877/813 798/880/816 836/916/852
f 836/916/852 798/880/816 801/883/819 833/891/827
f 988/12/12 987/1062/998 986/919/855 835/918/854
f 987/1062/998 794/876/812 796/877/813 986/919/855
f 4/11/11 989/1063/999 987/1062/998 988/12/12
f 989/1063/999 990/878/814 794/876/812 987/1062/998
f 4/11/11 11/14/14 991/1064/1000 989/1063/999
f 989/1063/999 991/1064/1000 992/1065/1001 990/878/814
f 11/14/14 22/19/19 25/33/33 991/1064/1000
f 991/1064/1000 25/33/33 28/36/36 992/1065/1001
f 992/1065/1001 28/36/36 31/39/39 786/866/802
f 990/878/814 992/1065/1001 786/866/802 788/869/805
f 993/1066/1002 148/172/167 341/173/168 339/390/385
f 994/1067/1003 993/1066/1002 339/390/385 337/389/384
f 996/1068/1004 995/181/176 993/1066/1002 994/1067/1003
f 995/181/176 151/174/169 148/172/167 993/1066/1002
f 996/1068/1004 998/1069/1005 155/179/174 995/181/176
f 997/1070/1006 1000/1071/1007 998/1069/1005 996/1068/1004
f 997/1070/1006 996/1068/1004 994/1067/1003 1024/1072/1008
f 998/1069/1005 999/1073/1009 157/180/175 155/179/174
f 1000/1071/1007 1001/211/206 999/1073/1009 998/1069/1005
f 997/1070/1006 1004/1074/1010 1002/1075/1011 1000/1071/1007
f 1000/1071/1007 1002/1075/1011 181/209/204 1001/211/206
f 1002/1075/1011 1003/1076/1012 183/210/205 181/209/204
f 1004/1074/1010 1005/241/236 1003/1076/1012 1002/1075/1011
f 1004/1074/1010 1006/1077/1013 207/239/234 1005/241/236
f 997/1070/1006 1008/1078/1014 1006/1077/1013 1004/1074/1010
f 1006/1077/1013 1007/1079/1015 209/240/235 207/239/234
f 1008/1078/1014 1009/271/266 1007/1079/1015 1006/1077/1013
f 997/1070/1006 1012/1080/1016 1010/1081/1017 1008/1078/1014
f 1008/1078/1014 1010/1081/1017 233/269/264 1009/271/266
f 1010/1081/1017 1011/1082/1018 235/270/265 233/269/264
f 1012/1080/1016 1013/301/296 1011/1082/1018 1010/1081/1017
f 997/1070/1006 1016/1083/1019 1014/1084/1020 1012/1080/1016
f 1012/1080/1016 1014/1084/1020 259/299/294 1013/301/296
f 1014/1084/1020 1015/1085/1021 261/300/295 259/299/294
f 1016/1083/1019 1017/331/326 1015/1085/1021 1014/1084/1020
f 997/1070/1006 1020/1086/1022 1018/1087/1023 1016/1083/1019
f 1016/1083/1019 1018/1087/1023 285/329/324 1017/331/326
f 1018/1087/1023 1019/1088/1024 287/330/325 285/329/324
f 1020/1086/1022 1021/361/356 1019/1088/1024 1018/1087/1023
f 1020/1086/1022 1022/1089/1025 311/359/354 1021/361/356
f 997/1070/1006 1024/1072/1008 1022/1089/1025 1020/1086/1022
f 1022/1089/1025 1023/1090/1026 313/360/355 311/359/354
f 1024/1072/1008 1025/391/386 1023/1090/1026 1022/1089/1025
f 1024/1072/1008 994/1067/1003 337/389/384 1025/391/386
f 1025/391/386 331/380/375 329/379/374 1023/1090/1026
f 1023/1090/1026 329/379/374 315/362/357 313/360/355
f 1021/361/356 306/350/345 303/349/344 1019/1088/1024
f 1019/1088/1024 303/349/344 289/332/327 287/330/325
f 1017/331/326 279/320/315 277/319/314 1015/1085/1021
f 1015/1085/1021 277/319/314 263/302/297 261/300/295
f 1013/301/296 253/290/285 251/289/284 1011/1082/1018
f 1011/1082/1018 251/289/284 237/272/267 235/270/265
f 1009/271/266 227/260/255 225/259/254 1007/1079/1015
f 1007/1079/1015 225/259/254 211/242/237 209/240/235
f 1005/241/236 202/230/225 199/229/224 1003/1076/1012
f 1003/1076/1012 199/229/224 185/212/207 183/210/205
f 1001/211/206 175/200/195 173/199/194 999/1073/1009
f 999/1073/1009 173/199/194 159/182/177 157/180/175
f 3/8/8 90/7/7 66/75/75 63/23/23
f 3831/1091/1027 3832/1092/1028 1937/1093/1029 1939/1094/1030 1940/1095/1031 2121/1096/1032 2123/1097/1033 1928/1098/1034 2352/1099/1035 1926/1100/1036
f 1721/1101/1037 1724/1102/1038 1874/1103/1039 1722/1104/1040
f 1722/1105/1040 1726/1106/1041 1725/1107/1042 1721/1108/1037
f 1723/1109/1043 1891/1110/1044 1724/1102/1038 1721/1101/1037
f 1721/1108/1037 1725/1107/1042 1727/1111/1045 1723/1112/1043
f 1726/1113/1046 1730/1114/1046 1728/1115/1047 1725/1116/1047
f 1725/1116/1047 1728/1115/1047 1729/1117/1048 1727/1118/1048
f 1732/1119/1049 1729/1120/1050 1728/1121/1051 1731/1122/1052
f 1731/1122/1052 1728/1121/1051 1730/1123/1053 1733/1124/1054
f 1731/1125/1052 1734/1126/1055 1735/1127/1056 1732/1128/1049
f 1733/1129/1054 1736/1130/1057 1734/1126/1055 1731/1125/1052
f 1734/1126/1055 1737/1131/1058 1738/1132/1059 1735/1127/1056
f 1736/1130/1057 1739/1133/1060 1737/1131/1058 1734/1126/1055
f 1737/1131/1058 1740/1134/1061 1741/1135/1062 1738/1132/1059
f 1739/1133/1060 1742/1136/1063 1740/1134/1061 1737/1131/1058
f 1740/1134/1061 1743/1137/1064 1744/1138/1065 1741/1135/1062
f 1742/1136/1063 1745/1139/1066 1743/1137/1064 1740/1134/1061
f 1743/1137/1064 1746/1140/1067 1747/1141/1068 1744/1138/1065
f 1745/1139/1066 1748/1142/1069 1746/1140/1067 1743/1137/1064
f 1746/1140/1067 1749/1143/1070 1750/1144/1071 1747/1141/1068
f 1748/1142/1069 1751/1145/1072 1749/1143/1070 1746/1140/1067
f 1749/1143/1070 1752/1146/1073 1753/1147/1074 1750/1144/1071
f 1751/1145/1072 1754/1148/1075 1752/1146/1073 1749/1143/1070
f 1752/1149/1073 1755/1150/1076 1756/1151/1077 1753/1152/1074
f 1754/1153/1075 1757/1154/1078 1755/1150/1076 1752/1149/1073
f 1755/1155/1076 1758/1156/1079 1759/1157/1080 1756/1158/1077
f 1757/1159/1078 1760/1160/1081 1758/1156/1079 1755/1155/1076
f 1758/1156/1079 1761/1161/1082 1762/1162/1083 1759/1157/1080
f 1760/1160/1081 1763/1163/1084 1761/1161/1082 1758/1156/1079
f 1761/1161/1082 1764/1164/1085 1765/1165/1086 1762/1162/1083
f 1763/1163/1084 1766/1166/1087 1764/1164/1085 1761/1161/1082
f 1764/1164/1085 1767/1167/1088 1768/1168/1089 1765/1165/1086
f 1766/1166/1087 1769/1169/1090 1767/1167/1088 1764/1164/1085
f 1767/1167/1088 1770/1170/1091 1771/1171/1092 1768/1168/1089
f 1769/1169/1090 1772/1172/1093 1770/1170/1091 1767/1167/1088
f 1770/1170/1091 1773/1173/1094 1774/1174/1095 1771/1171/1092
f 1772/1172/1093 1775/1175/1096 1773/1173/1094 1770/1170/1091
f 1773/1173/1094 1776/1176/1097 1777/1177/1098 1774/1174/1095
f 1775/1175/1096 1778/1178/1099 1776/1176/1097 1773/1173/1094
f 1780/1179/1100 1779/1180/1101 1778/1181/1099 1775/1182/1096
f 1782/1183/1102 1781/1184/1103 1779/1180/1101 1780/1179/1100
f 1784/1185/1104 1783/1186/1105 1781/1184/1103 1782/1183/1102
f 1786/1187/1106 1785/1188/1107 1783/1186/1105 1784/1185/1104
f 1788/1189/1108 1787/1190/1109 1785/1188/1107 1786/1187/1106
f 1791/1191/1110 1789/1192/1111 1787/1190/1109 1788/1189/1108
f 1792/1193/1112 1790/1194/1113 1789/1195/1111 1791/1196/1110
f 1794/1197/1114 1792/1193/1112 1791/1196/1110 1793/1198/1115
f 1793/1199/1115 1791/1191/1110 1788/1189/1108 1796/1200/1116
f 1914/1201/1117 1794/1197/1114 1793/1198/1115 1795/1202/1118
f 1795/1203/1118 1793/1199/1115 1796/1200/1116 1797/1204/1119
f 1797/1204/1119 1796/1200/1116 1798/1205/1120 1799/1206/1121
f 1796/1200/1116 1788/1189/1108 1786/1187/1106 1798/1205/1120
f 1799/1206/1121 1798/1205/1120 1800/1207/1122 1801/1208/1123
f 1798/1205/1120 1786/1187/1106 1784/1185/1104 1800/1207/1122
f 1801/1208/1123 1800/1207/1122 1802/1209/1124 1803/1210/1125
f 1800/1207/1122 1784/1185/1104 1782/1183/1102 1802/1209/1124
f 1803/1210/1125 1802/1209/1124 1804/1211/1126 1805/1212/1127
f 1802/1209/1124 1782/1183/1102 1780/1179/1100 1804/1211/1126
f 1805/1212/1127 1804/1211/1126 1772/1213/1093 1769/1214/1090
f 1804/1211/1126 1780/1179/1100 1775/1182/1096 1772/1213/1093
f 1808/1215/1128 1803/1210/1125 1805/1212/1127 1806/1216/1129
f 1806/1216/1129 1805/1212/1127 1769/1214/1090 1766/1217/1087
f 1809/1218/1130 1808/1215/1128 1806/1216/1129 1807/1219/1131
f 1807/1219/1131 1806/1216/1129 1766/1217/1087 1763/1220/1084
f 1811/1221/1132 1810/1222/1133 1808/1215/1128 1809/1218/1130
f 1810/1222/1133 1801/1208/1123 1803/1210/1125 1808/1215/1128
f 1813/1223/1134 1812/1224/1135 1810/1222/1133 1811/1221/1132
f 1812/1224/1135 1799/1206/1121 1801/1208/1123 1810/1222/1133
f 1815/1225/1136 1814/1226/1137 1812/1224/1135 1813/1223/1134
f 1814/1226/1137 1797/1204/1119 1799/1206/1121 1812/1224/1135
f 1818/1227/1138 1816/1228/1139 1814/1226/1137 1815/1225/1136
f 1816/1228/1139 1795/1203/1118 1797/1204/1119 1814/1226/1137
f 1817/1229/1140 1914/1201/1117 1795/1202/1118 1816/1230/1139
f 1819/1231/1141 1817/1229/1140 1816/1230/1139 1818/1232/1138
f 1821/1233/1142 1819/1231/1141 1818/1232/1138 1820/1234/1143
f 1820/1235/1143 1818/1227/1138 1815/1225/1136 1823/1236/1144
f 1905/1237/1145 1821/1233/1142 1820/1234/1143 1822/1238/1146
f 1822/1239/1146 1820/1235/1143 1823/1236/1144 1824/1240/1147
f 1824/1240/1147 1823/1236/1144 1825/1241/1148 1826/1242/1149
f 1823/1236/1144 1815/1225/1136 1813/1223/1134 1825/1241/1148
f 1826/1242/1149 1825/1241/1148 1827/1243/1150 1828/1244/1151
f 1825/1241/1148 1813/1223/1134 1811/1221/1132 1827/1243/1150
f 1828/1244/1151 1827/1243/1150 1829/1245/1152 1830/1246/1153
f 1827/1243/1150 1811/1221/1132 1809/1218/1130 1829/1245/1152
f 1830/1246/1153 1829/1245/1152 1831/1247/1154 1832/1248/1155
f 1829/1245/1152 1809/1218/1130 1807/1219/1131 1831/1247/1154
f 1832/1248/1155 1831/1247/1154 1760/1249/1081 1757/1250/1078
f 1831/1247/1154 1807/1219/1131 1763/1220/1084 1760/1249/1081
f 1835/1251/1156 1830/1252/1153 1832/1253/1155 1833/1254/1157
f 1833/1254/1157 1832/1253/1155 1757/1255/1078 1754/1256/1075
f 1836/1257/1158 1835/1258/1156 1833/1259/1157 1834/1260/1159
f 1834/1260/1159 1833/1259/1157 1754/1261/1075 1751/1262/1072
f 1838/1263/1160 1837/1264/1161 1835/1258/1156 1836/1257/1158
f 1837/1265/1161 1828/1266/1151 1830/1252/1153 1835/1251/1156
f 1840/1267/1162 1839/1268/1163 1837/1264/1161 1838/1263/1160
f 1839/1269/1163 1826/1270/1149 1828/1266/1151 1837/1265/1161
f 1842/1271/1164 1841/1272/1165 1839/1268/1163 1840/1267/1162
f 1841/1273/1165 1824/1274/1147 1826/1270/1149 1839/1269/1163
f 1845/1275/1166 1843/1276/1167 1841/1272/1165 1842/1271/1164
f 1843/1277/1167 1822/1278/1146 1824/1274/1147 1841/1273/1165
f 1844/1279/1168 1905/1280/1145 1822/1281/1146 1843/1282/1167
f 1846/1283/1169 1844/1284/1168 1843/1285/1167 1845/1286/1166
f 1848/1287/1170 1846/1283/1169 1845/1286/1166 1847/1288/1171
f 1847/1289/1171 1845/1275/1166 1842/1271/1164 1850/1290/1172
f 1896/1291/1173 1848/1287/1170 1847/1288/1171 1849/1292/1174
f 1849/1293/1174 1847/1289/1171 1850/1290/1172 1851/1294/1175
f 1851/1294/1175 1850/1290/1172 1852/1295/1176 1853/1296/1177
f 1850/1290/1172 1842/1271/1164 1840/1267/1162 1852/1295/1176
f 1853/1296/1177 1852/1295/1176 1854/1297/1178 1855/1298/1179
f 1852/1295/1176 1840/1267/1162 1838/1263/1160 1854/1297/1178
f 1855/1298/1179 1854/1297/1178 1856/1299/1180 1857/1300/1181
f 1854/1297/1178 1838/1263/1160 1836/1257/1158 1856/1299/1180
f 1857/1300/1181 1856/1299/1180 1858/1301/1182 1859/1302/1183
f 1856/1299/1180 1836/1257/1158 1834/1260/1159 1858/1301/1182
f 1859/1302/1183 1858/1301/1182 1748/1303/1069 1745/1304/1066
f 1858/1301/1182 1834/1260/1159 1751/1262/1072 1748/1303/1069
f 1862/1305/1184 1857/1300/1181 1859/1302/1183 1860/1306/1185
f 1860/1306/1185 1859/1302/1183 1745/1304/1066 1742/1307/1063
f 1863/1308/1186 1862/1305/1184 1860/1306/1185 1861/1309/1187
f 1861/1309/1187 1860/1306/1185 1742/1307/1063 1739/1310/1060
f 1865/1311/1188 1864/1312/1189 1862/1305/1184 1863/1308/1186
f 1864/1312/1189 1855/1298/1179 1857/1300/1181 1862/1305/1184
f 1867/1313/1190 1866/1314/1191 1864/1312/1189 1865/1311/1188
f 1866/1314/1191 1853/1296/1177 1855/1298/1179 1864/1312/1189
f 1869/1315/1192 1868/1316/1193 1866/1314/1191 1867/1313/1190
f 1868/1316/1193 1851/1294/1175 1853/1296/1177 1866/1314/1191
f 1872/1317/1194 1870/1318/1195 1868/1316/1193 1869/1315/1192
f 1870/1318/1195 1849/1293/1174 1851/1294/1175 1868/1316/1193
f 1871/1319/1196 1896/1291/1173 1849/1292/1174 1870/1320/1195
f 1873/1321/1197 1871/1319/1196 1870/1320/1195 1872/1322/1194
f 1724/1102/1038 1873/1321/1197 1872/1322/1194 1874/1103/1039
f 1874/1323/1039 1872/1317/1194 1869/1315/1192 1875/1324/1198
f 1722/1325/1040 1874/1323/1039 1875/1324/1198 1876/1326/1199
f 1876/1326/1199 1875/1324/1198 1877/1327/1200 1878/1328/1201
f 1875/1324/1198 1869/1315/1192 1867/1313/1190 1877/1327/1200
f 1878/1328/1201 1877/1327/1200 1879/1329/1202 1880/1330/1203
f 1877/1327/1200 1867/1313/1190 1865/1311/1188 1879/1329/1202
f 1880/1330/1203 1879/1329/1202 1881/1331/1204 1882/1332/1205
f 1879/1329/1202 1865/1311/1188 1863/1308/1186 1881/1331/1204
f 1882/1332/1205 1881/1331/1204 1883/1333/1206 1884/1334/1207
f 1881/1331/1204 1863/1308/1186 1861/1309/1187 1883/1333/1206
f 1884/1334/1207 1883/1333/1206 1736/1335/1057 1733/1336/1054
f 1883/1333/1206 1861/1309/1187 1739/1310/1060 1736/1335/1057
f 1733/1337/1054 1730/1338/1053 1885/1339/1208 1884/1340/1207
f 1884/1340/1207 1885/1339/1208 1886/1341/1209 1882/1342/1205
f 1730/1343/1046 1726/1344/1046 1887/1345/1210 1885/1346/1210
f 1885/1346/1210 1887/1345/1210 1888/1347/1210 1886/1348/1210
f 1878/1349/1201 1888/1350/1211 1887/1351/1212 1876/1352/1199
f 1876/1352/1199 1887/1351/1212 1726/1353/1041 1722/1354/1040
f 1889/1355/1210 1886/1348/1210 1888/1347/1210
f 1880/1356/1203 1889/1357/1213 1888/1350/1211 1878/1349/1201
f 1882/1342/1205 1886/1341/1209 1889/1357/1213 1880/1356/1203
f 1891/1110/1044 1890/1358/1214 1873/1321/1197 1724/1102/1038
f 1890/1358/1214 1893/1359/1215 1871/1319/1196 1873/1321/1197
f 1922/1360/1216 1892/1361/1217 1890/1358/1214 1891/1110/1044
f 1892/1361/1217 1894/1362/1218 1893/1359/1215 1890/1358/1214
f 1893/1359/1215 1895/1363/1219 1896/1291/1173 1871/1319/1196
f 1894/1362/1218 1897/1364/1220 1895/1363/1219 1893/1359/1215
f 1895/1363/1219 1898/1365/1221 1848/1287/1170 1896/1291/1173
f 1897/1364/1220 1899/1366/1222 1898/1365/1221 1895/1363/1219
f 1898/1365/1221 1900/1367/1223 1846/1283/1169 1848/1287/1170
f 1899/1366/1222 1901/1368/1224 1900/1367/1223 1898/1365/1221
f 1900/1367/1223 1902/1369/1225 1844/1284/1168 1846/1283/1169
f 1901/1368/1224 1903/1370/1226 1902/1369/1225 1900/1367/1223
f 1902/1371/1225 1904/1372/1227 1905/1280/1145 1844/1279/1168
f 1903/1373/1226 1906/1374/1228 1904/1372/1227 1902/1371/1225
f 1904/1375/1227 1907/1376/1229 1821/1233/1142 1905/1237/1145
f 1906/1377/1228 1908/1378/1230 1907/1376/1229 1904/1375/1227
f 1907/1376/1229 1909/1379/1231 1819/1231/1141 1821/1233/1142
f 1908/1378/1230 1910/1380/1232 1909/1379/1231 1907/1376/1229
f 1909/1379/1231 1911/1381/1233 1817/1229/1140 1819/1231/1141
f 1910/1380/1232 1912/1382/1234 1911/1381/1233 1909/1379/1231
f 1911/1381/1233 1913/1383/1235 1914/1201/1117 1817/1229/1140
f 1912/1382/1234 1915/1384/1236 1913/1383/1235 1911/1381/1233
f 1913/1383/1235 1916/1385/1237 1794/1197/1114 1914/1201/1117
f 1915/1384/1236 1917/1386/1238 1916/1385/1237 1913/1383/1235
f 1916/1385/1237 1918/1387/1239 1792/1193/1112 1794/1197/1114
f 1917/1386/1238 1919/1388/1240 1918/1387/1239 1916/1385/1237
f 1918/1387/1239 1920/1389/1241 1790/1194/1113 1792/1193/1112
f 1919/1388/1240 1921/1390/1242 1920/1389/1241 1918/1387/1239
f 1774/1174/1095 1777/1177/1098 1921/1390/1242 1919/1388/1240
f 1771/1171/1092 1774/1174/1095 1919/1388/1240 1917/1386/1238
f 1768/1168/1089 1771/1171/1092 1917/1386/1238 1915/1384/1236
f 1765/1165/1086 1768/1168/1089 1915/1384/1236 1912/1382/1234
f 1762/1162/1083 1765/1165/1086 1912/1382/1234 1910/1380/1232
f 1759/1157/1080 1762/1162/1083 1910/1380/1232 1908/1378/1230
f 1756/1158/1077 1759/1157/1080 1908/1378/1230 1906/1377/1228
f 1753/1152/1074 1756/1151/1077 1906/1374/1228 1903/1373/1226
f 1750/1144/1071 1753/1147/1074 1903/1370/1226 1901/1368/1224
f 1747/1141/1068 1750/1144/1071 1901/1368/1224 1899/1366/1222
f 1744/1138/1065 1747/1141/1068 1899/1366/1222 1897/1364/1220
f 1741/1135/1062 1744/1138/1065 1897/1364/1220 1894/1362/1218
f 1738/1132/1059 1741/1135/1062 1894/1362/1218 1892/1361/1217
f 1735/1127/1056 1738/1132/1059 1892/1361/1217 1922/1360/1216
f 1732/1128/1049 1735/1127/1056 1922/1360/1216 1923/1391/1243
f 1923/1391/1243 1922/1360/1216 1891/1110/1044 1723/1109/1043
f 1723/1112/1043 1727/1111/1045 1924/1392/1244 1923/1393/1243
f 1923/1393/1243 1924/1392/1244 1729/1120/1050 1732/1119/1049
f 1924/1394/1210 1727/1118/1048 1729/1117/1048
f 1930/1395/1245 2180/1396/1246 1931/1397/1247 1929/1398/1248
f 1936/1399/1249 1934/1400/1250 1935/1401/1251 2348/1402/1252
f 3832/1403/1028 1934/1404/1250 1936/1405/1249 3834/1406/1253
f 1937/1093/1029 1938/1407/1254 1942/1408/1255 1939/1094/1030
f 1940/1095/1031 1939/1094/1030 1942/1408/1255 1944/1409/1256
f 2350/1410/1257 1943/1411/1258 1942/1408/1255 1938/1407/1254
f 1944/1409/1256 1942/1408/1255 1943/1411/1258 1946/1412/1259
f 2119/1413/1260 1940/1095/1031 1944/1409/1256 1945/1414/1261
f 1945/1414/1261 1944/1409/1256 1946/1412/1259 1947/1415/1262
f 1949/1416/1263 1948/1417/1264 1946/1412/1259 1943/1411/1258
f 1947/1415/1262 1946/1412/1259 1948/1417/1264 1951/1418/1265
f 1949/1416/1263 2138/1419/1266 1950/1420/1267 1948/1417/1264
f 1951/1418/1265 1948/1417/1264 1950/1420/1267 1953/1421/1268
f 2116/1422/1269 1947/1415/1262 1951/1418/1265 1952/1423/1270
f 1952/1423/1270 1951/1418/1265 1953/1421/1268 1954/1424/1271
f 1956/1425/1272 1955/1426/1273 1953/1421/1268 1950/1420/1267
f 1954/1424/1271 1953/1421/1268 1955/1426/1273 1958/1427/1274
f 1956/1428/1272 2133/1429/1275 1957/1430/1276 1955/1431/1273
f 1958/1432/1274 1955/1431/1273 1957/1430/1276 1960/1433/1277
f 1959/1434/1278 2118/1435/1279 1954/1424/1271 1958/1427/1274
f 1961/1436/1280 1959/1437/1278 1958/1432/1274 1960/1433/1277
f 1963/1438/1281 1962/1439/1282 1960/1433/1277 1957/1430/1276
f 1965/1440/1283 1961/1436/1280 1960/1433/1277 1962/1439/1282
f 1963/1438/1281 2128/1441/1284 1964/1442/1285 1962/1439/1282
f 1966/1443/1286 1965/1440/1283 1962/1439/1282 1964/1442/1285
f 1970/1444/1287 1967/1445/1288 1965/1446/1283 1966/1447/1286
f 1967/1445/1288 1968/1448/1289 1961/1449/1280 1965/1446/1283
f 2092/1450/1290 1968/1451/1289 1967/1452/1288 1969/1453/1291
f 1969/1453/1291 1967/1452/1288 1970/1454/1287 1971/1455/1292
f 1973/1456/1293 1972/1457/1294 1970/1444/1287 1966/1447/1286
f 1972/1458/1294 1975/1459/1295 1971/1455/1292 1970/1454/1287
f 1974/1460/1296 1972/1457/1294 1973/1456/1293 2110/1461/1297
f 1975/1459/1295 1972/1458/1294 1974/1462/1296 1976/1463/1298
f 1976/1463/1298 1980/1464/1299 1977/1465/1300 1975/1459/1295
f 1977/1465/1300 1979/1466/1301 1971/1455/1292 1975/1459/1295
f 2091/1467/1302 1979/1466/1301 1977/1465/1300 1978/1468/1303
f 1980/1464/1299 1982/1469/1304 1978/1468/1303 1977/1465/1300
f 1981/1470/1305 1980/1471/1299 1976/1472/1298 2106/1473/1306
f 1982/1474/1304 1980/1471/1299 1981/1470/1305 1983/1475/1307
f 1983/1475/1307 1987/1476/1308 1984/1477/1309 1982/1474/1304
f 1984/1478/1309 1986/1479/1310 1978/1468/1303 1982/1469/1304
f 2058/1480/1311 1986/1479/1310 1984/1478/1309 1985/1481/1312
f 1987/1476/1308 1989/1482/1313 1985/1483/1312 1984/1477/1309
f 1988/1484/1314 1987/1476/1308 1983/1475/1307 2078/1485/1315
f 1989/1482/1313 1987/1476/1308 1988/1484/1314 1990/1486/1316
f 1990/1486/1316 1994/1487/1317 1991/1488/1318 1989/1482/1313
f 1991/1488/1318 1993/1489/1319 1985/1483/1312 1989/1482/1313
f 2057/1490/1320 1993/1489/1319 1991/1488/1318 1992/1491/1321
f 1994/1487/1317 1996/1492/1322 1992/1491/1321 1991/1488/1318
f 1995/1493/1323 1994/1487/1317 1990/1486/1316 2074/1494/1324
f 1996/1492/1322 1994/1487/1317 1995/1493/1323 1997/1495/1325
f 1997/1495/1325 2001/1496/1326 1998/1497/1327 1996/1492/1322
f 1998/1497/1327 2000/1498/1328 1992/1491/1321 1996/1492/1322
f 2022/1499/1329 2000/1498/1328 1998/1497/1327 1999/1500/1330
f 2001/1496/1326 2003/1501/1331 1999/1500/1330 1998/1497/1327
f 2002/1502/1332 2001/1496/1326 1997/1495/1325 2044/1503/1333
f 2003/1501/1331 2001/1496/1326 2002/1502/1332 2004/1504/1334
f 2004/1504/1334 2008/1505/1335 2005/1506/1336 2003/1501/1331
f 2005/1506/1336 2007/1507/1337 1999/1500/1330 2003/1501/1331
f 2012/1508/1338 2007/1509/1337 2005/1510/1336 2006/1511/1339
f 2010/1512/1340 2006/1511/1339 2005/1510/1336 2008/1513/1335
f 2009/1514/1341 2008/1505/1335 2004/1504/1334 2040/1515/1342
f 2009/1516/1341 2011/1517/1343 2010/1512/1340 2008/1513/1335
f 2013/1518/1344 2012/1519/1344 2010/1520/1344 2011/1521/1344
f 2006/1522/1344 2010/1520/1344 2012/1519/1344
f 2012/1508/1338 2013/1523/1345 2014/1524/1346 2007/1509/1337
f 2015/1525/1347 2018/1526/1348 2014/1524/1346 2013/1523/1345
f 2011/1521/1344 2016/1527/1344 2015/1528/1344 2013/1518/1344
f 2017/1529/1344 2015/1530/1344 2016/1531/1344 2353/1532/1344
f 2015/1533/1347 2017/1534/1349 2019/1535/1350 2018/1536/1348
f 2014/1537/1346 2018/1538/1348 2020/1539/1351 2022/1499/1329
f 2018/1540/1348 2019/1541/1350 2023/1542/1352 2020/1543/1351
f 2023/1542/1352 2024/1544/1353 2021/1545/1354 2020/1543/1351
f 2020/1539/1351 2021/1546/1354 2000/1498/1328 2022/1499/1329
f 2025/1547/1355 2026/1548/1356 2024/1544/1353 2023/1542/1352
f 2019/1541/1350 2027/1549/1357 2025/1547/1355 2023/1542/1352
f 2028/1550/1358 2029/1551/1359 2026/1548/1356 2025/1547/1355
f 2027/1549/1357 2030/1552/1360 2028/1550/1358 2025/1547/1355
f 2031/1553/1361 2032/1554/1362 2029/1551/1359 2028/1550/1358
f 2030/1552/1360 2033/1555/1363 2031/1553/1361 2028/1550/1358
f 2034/1556/1364 2035/1557/1365 2032/1554/1362 2031/1553/1361
f 2033/1555/1363 2036/1558/1366 2034/1556/1364 2031/1553/1361
f 2037/1559/1367 2038/1560/1368 2035/1561/1365 2034/1562/1364
f 2036/1563/1366 2039/1564/1369 2037/1559/1367 2034/1562/1364
f 2040/1515/1342 2041/1565/1370 2038/1560/1368 2037/1559/1367
f 2039/1564/1369 2009/1514/1341 2040/1515/1342 2037/1559/1367
f 2004/1504/1334 2002/1502/1332 2041/1565/1370 2040/1515/1342
f 2038/1560/1368 2041/1565/1370 2042/1566/1371 2045/1567/1372
f 2041/1565/1370 2002/1502/1332 2044/1503/1333 2042/1566/1371
f 2044/1503/1333 2073/1568/1373 2043/1569/1374 2042/1566/1371
f 2042/1566/1371 2043/1569/1374 2046/1570/1375 2045/1567/1372
f 2045/1567/1372 2046/1570/1375 2048/1571/1376 2047/1572/1377
f 2035/1561/1365 2038/1560/1368 2045/1567/1372 2047/1572/1377
f 2047/1573/1377 2048/1574/1376 2050/1575/1378 2049/1576/1379
f 2032/1554/1362 2035/1557/1365 2047/1573/1377 2049/1576/1379
f 2049/1576/1379 2050/1575/1378 2052/1577/1380 2051/1578/1381
f 2029/1551/1359 2032/1554/1362 2049/1576/1379 2051/1578/1381
f 2051/1578/1381 2052/1577/1380 2054/1579/1382 2053/1580/1383
f 2026/1548/1356 2029/1551/1359 2051/1578/1381 2053/1580/1383
f 2053/1580/1383 2054/1579/1382 2056/1581/1384 2055/1582/1385
f 2024/1544/1353 2026/1548/1356 2053/1580/1383 2055/1582/1385
f 2055/1582/1385 2056/1581/1384 1993/1583/1319 2057/1584/1320
f 2021/1545/1354 2024/1544/1353 2055/1582/1385 2057/1584/1320
f 2000/1498/1328 2021/1546/1354 2057/1490/1320 1992/1491/1321
f 2056/1581/1384 2054/1579/1382 2059/1585/1386 2058/1480/1311
f 1993/1583/1319 2056/1581/1384 2058/1480/1311 1985/1481/1312
f 2059/1585/1386 2060/1586/1387 1986/1479/1310 2058/1480/1311
f 2061/1587/1388 2062/1588/1389 2060/1586/1387 2059/1585/1386
f 2054/1579/1382 2052/1577/1380 2061/1587/1388 2059/1585/1386
f 2063/1589/1390 2064/1590/1391 2062/1588/1389 2061/1587/1388
f 2052/1577/1380 2050/1575/1378 2063/1589/1390 2061/1587/1388
f 2065/1591/1392 2066/1592/1393 2064/1590/1391 2063/1589/1390
f 2050/1575/1378 2048/1574/1376 2065/1591/1392 2063/1589/1390
f 2067/1593/1394 2068/1594/1395 2066/1595/1393 2065/1596/1392
f 2048/1571/1376 2046/1570/1375 2067/1593/1394 2065/1596/1392
f 2069/1597/1396 2070/1598/1397 2068/1594/1395 2067/1593/1394
f 2046/1570/1375 2043/1569/1374 2069/1597/1396 2067/1593/1394
f 2071/1599/1398 2072/1600/1399 2070/1598/1397 2069/1597/1396
f 2043/1569/1374 2073/1568/1373 2071/1599/1398 2069/1597/1396
f 2074/1494/1324 2075/1601/1400 2072/1600/1399 2071/1599/1398
f 2073/1568/1373 1995/1493/1323 2074/1494/1324 2071/1599/1398
f 1990/1486/1316 1988/1484/1314 2075/1601/1400 2074/1494/1324
f 2072/1600/1399 2075/1601/1400 2076/1602/1401 2079/1603/1402
f 2075/1601/1400 1988/1484/1314 2078/1485/1315 2076/1602/1401
f 2078/1485/1315 2105/1604/1403 2077/1605/1404 2076/1602/1401
f 2076/1602/1401 2077/1605/1404 2080/1606/1405 2079/1603/1402
f 2079/1603/1402 2080/1606/1405 2082/1607/1406 2081/1608/1407
f 2070/1598/1397 2072/1600/1399 2079/1603/1402 2081/1608/1407
f 2081/1608/1407 2082/1607/1406 2084/1609/1408 2083/1610/1409
f 2068/1594/1395 2070/1598/1397 2081/1608/1407 2083/1610/1409
f 2083/1610/1409 2084/1609/1408 2086/1611/1410 2085/1612/1411
f 2066/1595/1393 2068/1594/1395 2083/1610/1409 2085/1612/1411
f 2085/1613/1411 2086/1614/1410 2088/1615/1412 2087/1616/1413
f 2064/1590/1391 2066/1592/1393 2085/1613/1411 2087/1616/1413
f 2087/1616/1413 2088/1615/1412 2090/1617/1414 2089/1618/1415
f 2062/1588/1389 2064/1590/1391 2087/1616/1413 2089/1618/1415
f 2089/1618/1415 2090/1617/1414 1979/1466/1301 2091/1467/1302
f 2060/1586/1387 2062/1588/1389 2089/1618/1415 2091/1467/1302
f 1986/1479/1310 2060/1586/1387 2091/1467/1302 1978/1468/1303
f 2090/1617/1414 2088/1615/1412 2092/1450/1290 1969/1453/1291
f 1979/1466/1301 2090/1617/1414 1969/1453/1291 1971/1455/1292
f 2088/1615/1412 2086/1614/1410 2093/1619/1416 2092/1450/1290
f 2093/1619/1416 2094/1620/1417 1968/1451/1289 2092/1450/1290
f 2095/1621/1418 2096/1622/1419 2094/1623/1417 2093/1624/1416
f 2086/1611/1410 2084/1609/1408 2095/1621/1418 2093/1624/1416
f 2097/1625/1420 2098/1626/1421 2096/1622/1419 2095/1621/1418
f 2084/1609/1408 2082/1607/1406 2097/1625/1420 2095/1621/1418
f 2099/1627/1422 2100/1628/1423 2098/1626/1421 2097/1625/1420
f 2082/1607/1406 2080/1606/1405 2099/1627/1422 2097/1625/1420
f 2101/1629/1424 2102/1630/1425 2100/1628/1423 2099/1627/1422
f 2080/1606/1405 2077/1605/1404 2101/1629/1424 2099/1627/1422
f 2103/1631/1426 2104/1632/1427 2102/1630/1425 2101/1629/1424
f 2077/1605/1404 2105/1604/1403 2103/1631/1426 2101/1629/1424
f 2106/1473/1306 2107/1633/1428 2104/1632/1427 2103/1631/1426
f 2105/1604/1403 1981/1470/1305 2106/1473/1306 2103/1631/1426
f 1976/1472/1298 1974/1634/1296 2107/1633/1428 2106/1473/1306
f 2104/1635/1427 2107/1636/1428 2108/1637/1429 2111/1638/1430
f 2107/1636/1428 1974/1639/1296 2110/1640/1297 2108/1637/1429
f 2108/1641/1429 2110/1642/1297 2125/1643/1431 2109/1644/1432
f 2111/1645/1430 2108/1641/1429 2109/1644/1432 2112/1646/1433
f 2113/1647/1434 2111/1645/1430 2112/1646/1433 2114/1648/1435
f 2102/1649/1425 2104/1635/1427 2111/1638/1430 2113/1650/1434
f 2115/1651/1436 2113/1647/1434 2114/1648/1435 2116/1422/1269
f 2100/1652/1423 2102/1649/1425 2113/1650/1434 2115/1653/1436
f 2117/1654/1437 2115/1651/1436 2116/1422/1269 1952/1423/1270
f 2098/1655/1421 2100/1652/1423 2115/1653/1436 2117/1656/1437
f 2118/1435/1279 2117/1654/1437 1952/1423/1270 1954/1424/1271
f 2096/1657/1419 2098/1655/1421 2117/1656/1437 2118/1658/1279
f 2094/1659/1417 2096/1657/1419 2118/1658/1279 1959/1660/1278
f 2114/1648/1435 1945/1414/1261 1947/1415/1262 2116/1422/1269
f 2112/1646/1433 2119/1413/1260 1945/1414/1261 2114/1648/1435
f 2109/1644/1432 2120/1661/1438 2119/1413/1260 2112/1646/1433
f 2120/1661/1438 2121/1096/1032 1940/1095/1031 2119/1413/1260
f 2122/1662/1439 2123/1663/1033 2121/1096/1032 2120/1661/1438
f 2125/1643/1431 2122/1662/1439 2120/1661/1438 2109/1644/1432
f 2124/1664/1440 2127/1665/1441 2123/1097/1033 2122/1666/1439
f 2126/1667/1442 2124/1664/1440 2122/1666/1439 2125/1668/1431
f 2110/1669/1297 1973/1670/1293 2126/1667/1442 2125/1668/1431
f 1964/1442/1285 2128/1441/1284 2124/1664/1440 2126/1667/1442
f 2126/1667/1442 1973/1670/1293 1966/1443/1286 1964/1442/1285
f 2128/1441/1284 2129/1671/1443 2127/1665/1441 2124/1664/1440
f 1963/1438/1281 2131/1672/1444 2129/1671/1443 2128/1441/1284
f 2129/1671/1443 2130/1673/1445 2352/1099/1035 2127/1665/1441
f 2131/1672/1444 2132/1674/1446 2130/1673/1445 2129/1671/1443
f 2133/1429/1275 2134/1675/1447 2132/1674/1446 2131/1672/1444
f 1957/1430/1276 2133/1429/1275 2131/1672/1444 1963/1438/1281
f 1956/1428/1272 2136/1676/1448 2134/1675/1447 2133/1429/1275
f 2134/1675/1447 2135/1677/1449 2150/1678/1450 2132/1674/1446
f 2136/1676/1448 2137/1679/1451 2135/1677/1449 2134/1675/1447
f 2138/1419/1266 2139/1680/1452 2137/1681/1451 2136/1682/1448
f 1950/1420/1267 2138/1419/1266 2136/1682/1448 1956/1425/1272
f 2138/1419/1266 1949/1416/1263 2140/1683/1453 2139/1680/1452
f 3827/1684/1454 2142/1685/1455 2141/1686/1456 1110/1687/1457
f 1110/1687/1457 2141/1686/1456 2144/1688/1458 1505/1689/1459
f 2141/1690/1456 2142/1691/1455 2346/1692/1460 2143/1693/1461
f 2144/1694/1458 2141/1690/1456 2143/1693/1461 2145/1695/1462
f 2146/1696/1463 2144/1697/1458 2145/1698/1462 2147/1699/1464
f 1505/1700/1459 2144/1701/1458 2146/1702/1463 3833/1703/1465
f 2148/1704/1466 2146/1696/1463 2147/1699/1464 2151/1705/1467
f 3833/1703/1465 2146/1702/1463 2148/1706/1466 3828/1707/1468
f 2151/1705/1467 2152/1708/1469 2149/1709/1470 2148/1704/1466
f 3828/1707/1468 2148/1706/1466 2149/1710/1470 3829/1711/1471
f 2151/1705/1467 2153/1712/1472 2154/1713/1473 2152/1708/1469
f 2147/1699/1464 2155/1714/1474 2153/1712/1472 2151/1705/1467
f 2153/1712/1472 2156/1715/1475 2157/1716/1476 2154/1713/1473
f 2155/1714/1474 2158/1717/1477 2156/1715/1475 2153/1712/1472
f 2156/1715/1475 2159/1718/1478 2160/1719/1479 2157/1716/1476
f 2161/1720/1480 2159/1718/1478 2156/1715/1475 2158/1717/1477
f 2159/1718/1478 2162/1721/1481 2165/1722/1482 2160/1719/1479
f 2161/1720/1480 2164/1723/1483 2162/1721/1481 2159/1718/1478
f 2165/1724/1482 2162/1725/1481 2163/1726/1484 2166/1727/1485
f 2332/1728/1486 2163/1726/1484 2162/1725/1481 2164/1729/1483
f 2160/1719/1479 2165/1722/1482 2167/1730/1487 2168/1731/1488
f 2167/1732/1487 2165/1724/1482 2166/1727/1485 2169/1733/1489
f 2168/1731/1488 2167/1730/1487 2170/1734/1490 2173/1735/1491
f 2169/1733/1489 2171/1736/1492 2170/1737/1490 2167/1732/1487
f 2170/1738/1490 2171/1739/1492 2191/1740/1493 2172/1741/1494
f 2170/1742/1490 2172/1743/1494 2174/1744/1495 2173/1745/1491
f 2178/1746/1496 2168/1731/1488 2173/1735/1491 2175/1747/1497
f 2175/1748/1497 2173/1745/1491 2174/1744/1495 2176/1749/1498
f 2179/1750/1499 2178/1746/1496 2175/1747/1497 2177/1751/1500
f 2154/1713/1473 2157/1716/1476 2178/1746/1496 2179/1750/1499
f 2160/1719/1479 2168/1731/1488 2178/1746/1496 2157/1716/1476
f 2180/1396/1246 2179/1750/1499 2177/1751/1500 1931/1397/1247
f 2152/1708/1469 2154/1713/1473 2179/1750/1499 2180/1396/1246
f 2149/1709/1470 2152/1708/1469 2180/1396/1246 1930/1395/1245
f 2182/1752/1501 2184/1753/1502 2185/1754/1503 2183/1755/1504
f 1935/1401/1251 2182/1752/1501 2183/1755/1504 2348/1402/1252
f 2184/1753/1502 2186/1756/1505 2187/1757/1506 2185/1754/1503
f 2176/1749/1498 2174/1744/1495 2186/1756/1505 2184/1753/1502
f 2188/1758/1507 2189/1759/1508 2187/1757/1506 2186/1756/1505
f 2174/1744/1495 2172/1743/1494 2188/1758/1507 2186/1756/1505
f 2190/1760/1509 2193/1761/1510 2189/1762/1508 2188/1763/1507
f 2191/1740/1493 2190/1760/1509 2188/1763/1507 2172/1741/1494
f 2190/1764/1509 2191/1765/1493 2203/1766/1511 2192/1767/1512
f 2193/1768/1510 2190/1764/1509 2192/1767/1512 2195/1769/1513
f 2193/1761/1510 2194/1770/1514 2341/1771/1515 2189/1762/1508
f 2194/1772/1514 2193/1768/1510 2195/1769/1513 2196/1773/1516
f 2195/1769/1513 2192/1767/1512 2200/1774/1517 2197/1775/1518
f 2196/1773/1516 2195/1769/1513 2197/1775/1518 2198/1776/1519
f 2198/1776/1519 2197/1775/1518 2199/1777/1520 2229/1778/1521
f 2197/1775/1518 2200/1774/1517 2201/1779/1522 2199/1777/1520
f 2192/1767/1512 2203/1766/1511 2202/1780/1523 2200/1774/1517
f 2200/1774/1517 2202/1780/1523 2204/1781/1524 2201/1779/1522
f 2203/1766/1511 2206/1782/1525 2205/1783/1526 2202/1780/1523
f 2202/1780/1523 2205/1783/1526 2207/1784/1527 2204/1781/1524
f 2206/1785/1525 2209/1786/1528 2208/1787/1529 2205/1788/1526
f 2205/1788/1526 2208/1787/1529 2210/1789/1530 2207/1790/1527
f 2209/1786/1528 2212/1791/1531 2211/1792/1532 2208/1787/1529
f 2208/1787/1529 2211/1792/1532 2213/1793/1533 2210/1789/1530
f 2212/1791/1531 2215/1794/1534 2214/1795/1535 2211/1792/1532
f 2211/1792/1532 2214/1795/1535 2216/1796/1536 2213/1793/1533
f 2215/1794/1534 2218/1797/1537 2217/1798/1538 2214/1795/1535
f 2214/1795/1535 2217/1798/1538 2219/1799/1539 2216/1796/1536
f 2218/1797/1537 2221/1800/1540 2220/1801/1541 2217/1798/1538
f 2217/1798/1538 2220/1801/1541 2222/1802/1542 2219/1799/1539
f 2221/1803/1540 2224/1804/1543 2223/1805/1544 2220/1806/1541
f 2220/1806/1541 2223/1805/1544 2225/1807/1545 2222/1808/1542
f 2224/1804/1543 2227/1809/1546 2226/1810/1547 2223/1805/1544
f 2223/1805/1544 2226/1810/1547 2228/1811/1548 2225/1807/1545
f 2227/1809/1546 2196/1773/1516 2198/1776/1519 2226/1810/1547
f 2226/1810/1547 2198/1776/1519 2229/1778/1521 2228/1811/1548
f 2228/1811/1548 2229/1778/1521 2233/1812/1549 2230/1813/1550
f 2225/1807/1545 2228/1811/1548 2230/1813/1550 2231/1814/1551
f 2231/1814/1551 2230/1813/1550 2232/1815/1552 2253/1816/1553
f 2230/1813/1550 2233/1812/1549 2234/1817/1554 2232/1815/1552
f 2229/1778/1521 2199/1777/1520 2235/1818/1555 2233/1812/1549
f 2233/1812/1549 2235/1818/1555 2236/1819/1556 2234/1817/1554
f 2199/1777/1520 2201/1779/1522 2237/1820/1557 2235/1818/1555
f 2235/1818/1555 2237/1820/1557 2238/1821/1558 2236/1819/1556
f 2201/1779/1522 2204/1781/1524 2239/1822/1559 2237/1820/1557
f 2237/1820/1557 2239/1822/1559 2240/1823/1560 2238/1821/1558
f 2204/1781/1524 2207/1784/1527 2241/1824/1561 2239/1822/1559
f 2239/1822/1559 2241/1824/1561 2242/1825/1562 2240/1823/1560
f 2207/1790/1527 2210/1789/1530 2243/1826/1563 2241/1827/1561
f 2241/1827/1561 2243/1826/1563 2244/1828/1564 2242/1829/1562
f 2210/1789/1530 2213/1793/1533 2245/1830/1565 2243/1826/1563
f 2243/1826/1563 2245/1830/1565 2246/1831/1566 2244/1828/1564
f 2213/1793/1533 2216/1796/1536 2247/1832/1567 2245/1830/1565
f 2245/1830/1565 2247/1832/1567 2248/1833/1568 2246/1831/1566
f 2216/1796/1536 2219/1799/1539 2249/1834/1569 2247/1832/1567
f 2247/1832/1567 2249/1834/1569 2250/1835/1570 2248/1833/1568
f 2219/1799/1539 2222/1802/1542 2251/1836/1571 2249/1834/1569
f 2249/1834/1569 2251/1836/1571 2252/1837/1572 2250/1835/1570
f 2222/1808/1542 2225/1807/1545 2231/1814/1551 2251/1838/1571
f 2251/1838/1571 2231/1814/1551 2253/1816/1553 2252/1839/1572
f 2252/1839/1572 2253/1816/1553 2257/1840/1573 2254/1841/1574
f 2250/1835/1570 2252/1837/1572 2254/1842/1574 2255/1843/1575
f 2255/1843/1575 2254/1842/1574 2256/1844/1576 2277/1845/1577
f 2254/1841/1574 2257/1840/1573 2258/1846/1578 2256/1847/1576
f 2253/1816/1553 2232/1815/1552 2259/1848/1579 2257/1840/1573
f 2257/1840/1573 2259/1848/1579 2260/1849/1580 2258/1846/1578
f 2232/1815/1552 2234/1817/1554 2261/1850/1581 2259/1848/1579
f 2259/1848/1579 2261/1850/1581 2262/1851/1582 2260/1849/1580
f 2234/1817/1554 2236/1819/1556 2263/1852/1583 2261/1850/1581
f 2261/1850/1581 2263/1852/1583 2264/1853/1584 2262/1851/1582
f 2236/1819/1556 2238/1821/1558 2265/1854/1585 2263/1852/1583
f 2263/1852/1583 2265/1854/1585 2266/1855/1586 2264/1853/1584
f 2238/1821/1558 2240/1823/1560 2267/1856/1587 2265/1854/1585
f 2265/1854/1585 2267/1856/1587 2268/1857/1588 2266/1855/1586
f 2240/1823/1560 2242/1825/1562 2269/1858/1589 2267/1856/1587
f 2267/1856/1587 2269/1858/1589 2270/1859/1590 2268/1857/1588
f 2242/1829/1562 2244/1828/1564 2271/1860/1591 2269/1861/1589
f 2269/1861/1589 2271/1860/1591 2272/1862/1592 2270/1863/1590
f 2244/1828/1564 2246/1831/1566 2273/1864/1593 2271/1860/1591
f 2271/1860/1591 2273/1864/1593 2274/1865/1594 2272/1862/1592
f 2246/1831/1566 2248/1833/1568 2275/1866/1595 2273/1864/1593
f 2273/1864/1593 2275/1866/1595 2276/1867/1596 2274/1865/1594
f 2248/1833/1568 2250/1835/1570 2255/1843/1575 2275/1866/1595
f 2275/1866/1595 2255/1843/1575 2277/1845/1577 2276/1867/1596
f 2276/1867/1596 2277/1845/1577 2281/1868/1597 2278/1869/1598
f 2274/1865/1594 2276/1867/1596 2278/1869/1598 2279/1870/1599
f 2279/1870/1599 2278/1869/1598 2280/1871/1600 2301/1872/1601
f 2278/1869/1598 2281/1868/1597 2282/1873/1602 2280/1871/1600
f 2277/1845/1577 2256/1844/1576 2283/1874/1603 2281/1868/1597
f 2281/1868/1597 2283/1874/1603 2284/1875/1604 2282/1873/1602
f 2256/1847/1576 2258/1846/1578 2285/1876/1605 2283/1877/1603
f 2283/1877/1603 2285/1876/1605 2286/1878/1606 2284/1879/1604
f 2258/1846/1578 2260/1849/1580 2287/1880/1607 2285/1876/1605
f 2285/1876/1605 2287/1880/1607 2288/1881/1608 2286/1878/1606
f 2260/1849/1580 2262/1851/1582 2289/1882/1609 2287/1880/1607
f 2287/1880/1607 2289/1882/1609 2290/1883/1610 2288/1881/1608
f 2262/1851/1582 2264/1853/1584 2291/1884/1611 2289/1882/1609
f 2289/1882/1609 2291/1884/1611 2292/1885/1612 2290/1883/1610
f 2264/1853/1584 2266/1855/1586 2293/1886/1613 2291/1884/1611
f 2291/1884/1611 2293/1886/1613 2294/1887/1614 2292/1885/1612
f 2266/1855/1586 2268/1857/1588 2295/1888/1615 2293/1886/1613
f 2293/1886/1613 2295/1888/1615 2296/1889/1616 2294/1887/1614
f 2268/1857/1588 2270/1859/1590 2297/1890/1617 2295/1888/1615
f 2295/1888/1615 2297/1890/1617 2298/1891/1618 2296/1889/1616
f 2270/1863/1590 2272/1862/1592 2299/1892/1619 2297/1893/1617
f 2297/1893/1617 2299/1892/1619 2300/1894/1620 2298/1895/1618
f 2272/1862/1592 2274/1865/1594 2279/1870/1599 2299/1892/1619
f 2299/1892/1619 2279/1870/1599 2301/1872/1601 2300/1894/1620
f 2300/1894/1620 2301/1872/1601 2305/1896/1621 2302/1897/1622
f 2298/1895/1618 2300/1894/1620 2302/1897/1622 2303/1898/1623
f 2302/1899/1622 2304/1900/1624 2325/1901/1625 2303/1902/1623
f 2305/1903/1621 2306/1904/1626 2304/1900/1624 2302/1899/1622
f 2301/1872/1601 2280/1871/1600 2307/1905/1627 2305/1896/1621
f 2308/1906/1628 2306/1904/1626 2305/1903/1621 2307/1907/1627
f 2280/1871/1600 2282/1873/1602 2309/1908/1629 2307/1905/1627
f 2310/1909/1630 2308/1906/1628 2307/1907/1627 2309/1910/1629
f 2282/1873/1602 2284/1875/1604 2311/1911/1631 2309/1908/1629
f 2312/1912/1632 2310/1909/1630 2309/1910/1629 2311/1913/1631
f 2284/1879/1604 2286/1878/1606 2313/1914/1633 2311/1915/1631
f 2313/1916/1633 2314/1917/1634 2312/1918/1632 2311/1919/1631
f 2286/1878/1606 2288/1881/1608 2315/1920/1635 2313/1914/1633
f 2315/1921/1635 2316/1922/1636 2314/1917/1634 2313/1916/1633
f 2288/1881/1608 2290/1883/1610 2317/1923/1637 2315/1920/1635
f 2317/1924/1637 2318/1925/1638 2316/1922/1636 2315/1921/1635
f 2290/1883/1610 2292/1885/1612 2319/1926/1639 2317/1923/1637
f 2319/1927/1639 2320/1928/1640 2318/1925/1638 2317/1924/1637
f 2292/1885/1612 2294/1887/1614 2321/1929/1641 2319/1926/1639
f 2322/1930/1642 2320/1928/1640 2319/1927/1639 2321/1931/1641
f 2294/1887/1614 2296/1889/1616 2323/1932/1643 2321/1929/1641
f 2323/1933/1643 2324/1934/1644 2322/1930/1642 2321/1931/1641
f 2296/1889/1616 2298/1891/1618 2303/1935/1623 2323/1932/1643
f 2325/1936/1625 2324/1934/1644 2323/1933/1643 2303/1937/1623
f 2325/1938/1344 2312/1939/1344 2314/1940/1344 2324/1941/1344
f 2316/1942/1344 2322/1943/1344 2324/1941/1344 2314/1940/1344
f 2304/1944/1344 2310/1945/1344 2312/1946/1344 2325/1947/1344
f 2322/1943/1344 2316/1942/1344 2318/1948/1344 2320/1949/1344
f 2306/1950/1344 2308/1951/1344 2310/1945/1344 2304/1944/1344
f 2328/1952/1645 2326/1953/1646 2227/1809/1546 2224/1804/1543
f 2326/1953/1646 2194/1772/1514 2196/1773/1516 2227/1809/1546
f 2194/1770/1514 2326/1954/1646 2327/1955/1647 2341/1771/1515
f 2326/1954/1646 2328/1956/1645 2329/1957/1648 2327/1955/1647
f 2330/1958/1649 2328/1952/1645 2224/1804/1543 2221/1803/1540
f 2328/1956/1645 2330/1959/1649 2331/1960/1650 2329/1957/1648
f 2332/1961/1486 2330/1962/1649 2221/1800/1540 2218/1797/1537
f 2330/1963/1649 2332/1728/1486 2164/1729/1483 2331/1964/1650
f 2163/1965/1484 2332/1961/1486 2218/1797/1537 2215/1794/1534
f 2335/1966/1651 2329/1967/1648 2331/1968/1650 2333/1969/1652
f 2333/1970/1652 2331/1971/1650 2164/1723/1483 2161/1720/1480
f 2334/1972/1653 2333/1970/1652 2161/1720/1480 2158/1717/1477
f 2336/1973/1654 2335/1966/1651 2333/1969/1652 2334/1974/1653
f 2338/1975/1655 2337/1976/1656 2335/1966/1651 2336/1973/1654
f 2337/1976/1656 2327/1977/1647 2329/1967/1648 2335/1966/1651
f 2340/1978/1657 2339/1979/1658 2337/1976/1656 2338/1975/1655
f 2339/1979/1658 2341/1980/1515 2327/1977/1647 2337/1976/1656
f 2185/1754/1503 2187/1757/1506 2339/1979/1658 2340/1978/1657
f 2187/1757/1506 2189/1759/1508 2341/1980/1515 2339/1979/1658
f 2342/1981/1659 2340/1978/1657 2338/1975/1655 2344/1982/1660
f 2183/1755/1504 2185/1754/1503 2340/1978/1657 2342/1981/1659
f 2183/1755/1504 2342/1981/1659 2343/1983/1661 2348/1402/1252
f 2343/1983/1661 2342/1981/1659 2344/1982/1660 2346/1692/1460
f 2346/1692/1460 2344/1982/1660 2345/1984/1662 2143/1693/1461
f 2344/1982/1660 2338/1975/1655 2336/1973/1654 2345/1984/1662
f 2142/1691/1455 2349/1985/1663 2343/1983/1661 2346/1692/1460
f 2336/1973/1654 2334/1974/1653 2347/1986/1664 2345/1984/1662
f 2143/1693/1461 2345/1984/1662 2347/1986/1664 2145/1695/1462
f 2347/1987/1664 2334/1972/1653 2158/1717/1477 2155/1714/1474
f 2145/1698/1462 2347/1987/1664 2155/1714/1474 2147/1699/1464
f 2349/1985/1663 1936/1399/1249 2348/1402/1252 2343/1983/1661
f 3834/1406/1253 1936/1405/1249 2349/1988/1663 3830/1989/1665
f 3830/1989/1665 2349/1988/1663 2142/1685/1455 3827/1684/1454
f 1943/1411/1258 2350/1410/1257 2140/1683/1453 1949/1416/1263
f 2166/1990/1485 2163/1965/1484 2215/1794/1534 2212/1791/1531
f 2169/1991/1489 2166/1990/1485 2212/1791/1531 2209/1786/1528
f 2171/1992/1492 2169/1991/1489 2209/1786/1528 2206/1785/1525
f 2191/1765/1493 2171/1993/1492 2206/1782/1525 2203/1766/1511
f 2132/1674/1446 2150/1678/1450 2351/1994/1666 2130/1673/1445
f 2351/1994/1666 1926/1995/1036 2352/1099/1035 2130/1673/1445
f 3829/1711/1471 2149/1710/1470 1930/1996/1245 3831/1091/1027
f 2127/1665/1441 2352/1099/1035 1928/1098/1034 2123/1097/1033
f 1983/1475/1307 1981/1470/1305 2105/1604/1403 2078/1485/1315
f 1968/1448/1289 2094/1997/1417 1959/1998/1278 1961/1449/1280
f 1997/1495/1325 1995/1493/1323 2073/1568/1373 2044/1503/1333
f 2036/1999/1366 2353/2000/1667 2016/2001/1668 2039/2002/1369
f 2039/2002/1369 2016/2001/1668 2011/1517/1343 2009/1516/1341
f 2033/2003/1363 2354/2004/1669 2353/2005/1667 2036/2006/1366
f 2353/1532/1344 2354/2007/1344 2356/2008/1344 2017/1529/1344
f 2355/2009/1344 2356/2008/1344 2354/2007/1344
f 2030/2010/1360 2355/2011/1670 2354/2004/1669 2033/2003/1363
f 2019/1535/1350 2017/1534/1349 2356/2012/1671 2027/2013/1357
f 2356/2012/1671 2355/2011/1670 2030/2010/1360 2027/2013/1357
f 2007/1507/1337 2014/1537/1346 2022/1499/1329 1999/1500/1330
f 2357/2014/1672 2360/2015/1673 2361/2016/1674 2358/2017/1675
f 2357/2018/1006 2358/2019/1006 2378/2020/1006 2359/2021/1006
f 2362/2022/1676 2360/2015/1673 2357/2014/1672 2359/2023/1677
f 2363/2024/1678 2364/2025/1679 2361/2026/1680 2360/2027/1681
f 2365/2028/1682 2363/2024/1678 2360/2027/1681 2362/2029/1683
f 2366/2030/1684 2369/2031/1685 2364/2025/1679 2363/2024/1678
f 2368/2032/1686 2366/2030/1684 2363/2024/1678 2365/2028/1682
f 2369/2031/1685 2366/2030/1684 2367/2033/1687 2370/2034/1688
f 2366/2030/1684 2368/2032/1686 2415/2035/1689 2367/2033/1687
f 2371/2036/1690 2369/2031/1685 2370/2034/1688 2372/2037/1691
f 2369/2031/1685 2371/2036/1690 2374/2038/1692 2364/2025/1679
f 2373/2039/1693 2371/2036/1690 2372/2037/1691 2800/2040/1694
f 2371/2036/1690 2373/2039/1693 2375/2041/1695 2374/2038/1692
f 2364/2025/1679 2374/2038/1692 2376/2042/1696 2361/2026/1680
f 2374/2038/1692 2375/2041/1695 2377/2043/1697 2376/2042/1696
f 2377/2044/1698 2379/2045/1699 2378/2046/1700 2376/2047/1701
f 2376/2047/1701 2378/2046/1700 2358/2017/1675 2361/2016/1674
f 2379/2048/1006 2381/2049/1006 2359/2021/1006 2378/2020/1006
f 2380/2050/1006 2382/2051/1006 2381/2052/1006 2379/2053/1006
f 2399/2054/1702 2380/2055/1703 2379/2056/1699 2377/2057/1698
f 2383/2058/1704 2381/2059/1705 2382/2060/1706 2385/2061/1707
f 2362/2022/1676 2359/2023/1677 2381/2062/1705 2383/2063/1704
f 2384/2064/1708 2365/2028/1682 2362/2029/1683 2383/2065/1709
f 2386/2066/1710 2384/2067/1708 2383/2068/1709 2385/2069/1711
f 2388/2070/1712 2386/2066/1710 2385/2069/1711 2387/2071/1713
f 2385/2061/1707 2382/2060/1706 2389/2072/1714 2387/2073/1715
f 2391/2074/1716 2388/2070/1712 2387/2071/1713 2390/2075/1717
f 2387/2073/1715 2389/2072/1714 2392/2076/1718 2390/2077/1719
f 2394/2078/1720 2391/2074/1716 2390/2075/1717 2393/2079/1721
f 2390/2077/1719 2392/2076/1718 2395/2080/1722 2393/2081/1723
f 2397/2082/1724 2394/2078/1720 2393/2079/1721 2396/2083/1725
f 2393/2081/1723 2395/2080/1722 2398/2084/1726 2396/2085/1727
f 2400/2086/1728 2397/2082/1724 2396/2083/1725 2399/2087/1729
f 2396/2085/1727 2398/2084/1726 2380/2055/1703 2399/2054/1702
f 2375/2088/1695 2400/2086/1728 2399/2087/1729 2377/2089/1697
f 2373/2090/1693 2401/2091/1730 2400/2086/1728 2375/2088/1695
f 2401/2091/1730 2403/2092/1731 2397/2082/1724 2400/2086/1728
f 2403/2092/1731 2401/2091/1730 2402/2093/1732 2404/2094/1733
f 2401/2091/1730 2373/2090/1693 2800/2095/1694 2402/2093/1732
f 2405/2096/1734 2403/2092/1731 2404/2094/1733 2406/2097/1735
f 2403/2092/1731 2405/2096/1734 2394/2078/1720 2397/2082/1724
f 2407/2098/1736 2405/2096/1734 2406/2097/1735 2408/2099/1737
f 2405/2096/1734 2407/2098/1736 2391/2074/1716 2394/2078/1720
f 2409/2100/1738 2407/2098/1736 2408/2099/1737 2410/2101/1739
f 2407/2098/1736 2409/2100/1738 2388/2070/1712 2391/2074/1716
f 2411/2102/1740 2409/2100/1738 2410/2101/1739 2412/2103/1741
f 2409/2100/1738 2411/2102/1740 2386/2066/1710 2388/2070/1712
f 2413/2104/1742 2411/2102/1740 2412/2103/1741 2414/2105/1743
f 2411/2102/1740 2413/2104/1742 2384/2067/1708 2386/2066/1710
f 2368/2032/1686 2413/2106/1742 2414/2107/1743 2415/2035/1689
f 2413/2106/1742 2368/2032/1686 2365/2028/1682 2384/2064/1708
f 2417/2108/1744 2416/2109/1745 2414/2110/1743 2412/2111/1741
f 2414/2112/1743 2416/2113/1745 2418/2114/1746 2415/2115/1689
f 2421/2116/1747 2419/2117/1748 2416/2109/1745 2417/2108/1744
f 2419/2118/1748 2420/2119/1749 2418/2114/1746 2416/2113/1745
f 2420/2120/1750 2419/2121/1751 2422/2122/1752 2425/2123/1753
f 2419/2124/1751 2421/2125/1754 2424/2126/1755 2422/2127/1752
f 2422/2128/1752 2424/2129/1755 2460/2130/1756 2423/2131/1757
f 2422/2132/1752 2423/2133/1757 2426/2134/1758 2425/2135/1753
f 2425/2135/1753 2426/2134/1758 2428/2136/1759 2427/2137/1760
f 2430/2138/1761 2420/2120/1750 2425/2123/1753 2427/2139/1760
f 2427/2137/1760 2428/2136/1759 2474/2140/1762 2429/2141/1763
f 2430/2138/1761 2427/2139/1760 2429/2142/1763 2432/2143/1764
f 2420/2119/1749 2430/2144/1765 2431/2145/1766 2418/2114/1746
f 2430/2144/1765 2432/2146/1767 2433/2147/1768 2431/2145/1766
f 2432/2146/1767 2434/2148/1769 2435/2149/1770 2433/2147/1768
f 2434/2150/1771 2432/2143/1764 2429/2142/1763 2437/2151/1772
f 2434/2148/1769 2436/2152/1773 2799/2153/1774 2435/2149/1770
f 2436/2154/1775 2434/2150/1771 2437/2151/1772 2439/2155/1776
f 2429/2141/1763 2474/2140/1762 2438/2156/1777 2437/2157/1772
f 2437/2157/1772 2438/2156/1777 2440/2158/1778 2439/2159/1776
f 2439/2160/1776 2440/2161/1778 2442/2162/1779 2441/2163/1780
f 2444/2164/1781 2436/2165/1775 2439/2166/1776 2441/2167/1780
f 2441/2163/1780 2442/2162/1779 2483/2168/1782 2443/2169/1783
f 2446/2170/1784 2444/2164/1781 2441/2167/1780 2443/2171/1783
f 2436/2172/1773 2444/2173/1785 2445/2174/1786 2799/2175/1774
f 2444/2173/1785 2446/2176/1787 2447/2177/1788 2445/2174/1786
f 2446/2176/1787 2448/2178/1789 2449/2179/1790 2447/2177/1788
f 2448/2180/1791 2446/2170/1784 2443/2171/1783 2451/2181/1792
f 2448/2178/1789 2450/2182/1793 2459/2183/1794 2449/2179/1790
f 2450/2184/1795 2448/2180/1791 2451/2181/1792 2453/2185/1796
f 2452/2186/1797 2451/2187/1792 2443/2169/1783 2483/2168/1782
f 2451/2187/1792 2452/2186/1797 2454/2188/1798 2453/2189/1796
f 2453/2189/1796 2454/2188/1798 2456/2190/1799 2455/2191/1800
f 2457/2192/1801 2450/2184/1795 2453/2185/1796 2455/2193/1800
f 2455/2191/1800 2456/2190/1799 2460/2130/1756 2424/2129/1755
f 2421/2125/1754 2457/2192/1801 2455/2193/1800 2424/2126/1755
f 2450/2182/1793 2457/2194/1802 2458/2195/1803 2459/2183/1794
f 2457/2194/1802 2421/2116/1747 2417/2108/1744 2458/2195/1803
f 2459/2183/1794 2458/2195/1803 2410/2196/1739 2408/2197/1737
f 2458/2195/1803 2417/2108/1744 2412/2111/1741 2410/2196/1739
f 2449/2179/1790 2459/2183/1794 2408/2197/1737 2406/2198/1735
f 2460/2199/1756 2456/2200/1799 2461/2201/1804 2464/2202/1805
f 2456/2200/1799 2454/2203/1798 2463/2204/1806 2461/2201/1804
f 2463/2204/1806 2486/2205/1807 2462/2206/1808 2461/2201/1804
f 2461/2201/1804 2462/2206/1808 2465/2207/1809 2464/2202/1805
f 2464/2202/1805 2465/2207/1809 2467/2208/1810 2466/2209/1811
f 2423/2210/1757 2460/2199/1756 2464/2202/1805 2466/2209/1811
f 2466/2211/1811 2467/2212/1810 2469/2213/1812 2468/2214/1813
f 2426/2215/1758 2423/2216/1757 2466/2211/1811 2468/2214/1813
f 2468/2214/1813 2469/2213/1812 2471/2217/1814 2470/2218/1815
f 2428/2219/1759 2426/2215/1758 2468/2214/1813 2470/2218/1815
f 2470/2218/1815 2471/2217/1814 2473/2220/1816 2472/2221/1817
f 2474/2222/1762 2428/2219/1759 2470/2218/1815 2472/2221/1817
f 2472/2221/1817 2473/2220/1816 2476/2223/1818 2475/2224/1819
f 2438/2225/1777 2474/2222/1762 2472/2221/1817 2475/2224/1819
f 2475/2224/1819 2476/2223/1818 2478/2226/1820 2477/2227/1821
f 2440/2228/1778 2438/2225/1777 2475/2224/1819 2477/2227/1821
f 2477/2229/1821 2478/2230/1820 2480/2231/1822 2479/2232/1823
f 2442/2233/1779 2440/2234/1778 2477/2229/1821 2479/2232/1823
f 2482/2235/1824 2481/2236/1825 2479/2232/1823 2480/2231/1822
f 2483/2237/1782 2442/2233/1779 2479/2232/1823 2481/2236/1825
f 2481/2236/1825 2482/2235/1824 2485/2238/1826 2484/2239/1827
f 2484/2239/1827 2452/2240/1797 2483/2237/1782 2481/2236/1825
f 2484/2239/1827 2485/2238/1826 2486/2205/1807 2463/2204/1806
f 2454/2203/1798 2452/2240/1797 2484/2239/1827 2463/2204/1806
f 2486/2205/1807 2485/2238/1826 2487/2241/1828 2490/2242/1829
f 2485/2238/1826 2482/2235/1824 2489/2243/1830 2487/2241/1828
f 2489/2243/1830 2510/2244/1831 2488/2245/1832 2487/2241/1828
f 2487/2241/1828 2488/2245/1832 2491/2246/1833 2490/2242/1829
f 2490/2242/1829 2491/2246/1833 2493/2247/1834 2492/2248/1835
f 2462/2206/1808 2486/2205/1807 2490/2242/1829 2492/2248/1835
f 2492/2248/1835 2493/2247/1834 2495/2249/1836 2494/2250/1837
f 2465/2207/1809 2462/2206/1808 2492/2248/1835 2494/2250/1837
f 2494/2250/1837 2495/2249/1836 2497/2251/1838 2496/2252/1839
f 2467/2208/1810 2465/2207/1809 2494/2250/1837 2496/2252/1839
f 2496/2253/1839 2497/2254/1838 2499/2255/1840 2498/2256/1841
f 2469/2213/1812 2467/2212/1810 2496/2253/1839 2498/2256/1841
f 2498/2256/1841 2499/2255/1840 2501/2257/1842 2500/2258/1843
f 2471/2217/1814 2469/2213/1812 2498/2256/1841 2500/2258/1843
f 2500/2258/1843 2501/2257/1842 2503/2259/1844 2502/2260/1845
f 2473/2220/1816 2471/2217/1814 2500/2258/1843 2502/2260/1845
f 2502/2260/1845 2503/2259/1844 2505/2261/1846 2504/2262/1847
f 2476/2223/1818 2473/2220/1816 2502/2260/1845 2504/2262/1847
f 2504/2262/1847 2505/2261/1846 2507/2263/1848 2506/2264/1849
f 2478/2226/1820 2476/2223/1818 2504/2262/1847 2506/2264/1849
f 2509/2265/1850 2508/2266/1851 2506/2267/1849 2507/2268/1848
f 2480/2231/1822 2478/2230/1820 2506/2267/1849 2508/2266/1851
f 2508/2266/1851 2509/2265/1850 2510/2244/1831 2489/2243/1830
f 2489/2243/1830 2482/2235/1824 2480/2231/1822 2508/2266/1851
f 2510/2244/1831 2509/2265/1850 2511/2269/1852 2514/2270/1853
f 2511/2269/1852 2509/2265/1850 2507/2268/1848 2513/2271/1854
f 2513/2271/1854 2535/2272/1855 2512/2273/1856 2511/2269/1852
f 2511/2269/1852 2512/2273/1856 2515/2274/1857 2514/2270/1853
f 2514/2270/1853 2515/2274/1857 2517/2275/1858 2516/2276/1859
f 2488/2245/1832 2510/2244/1831 2514/2270/1853 2516/2276/1859
f 2516/2276/1859 2517/2275/1858 2519/2277/1860 2518/2278/1861
f 2491/2246/1833 2488/2245/1832 2516/2276/1859 2518/2278/1861
f 2518/2278/1861 2519/2277/1860 2521/2279/1862 2520/2280/1863
f 2493/2247/1834 2491/2246/1833 2518/2278/1861 2520/2280/1863
f 2520/2280/1863 2521/2279/1862 2523/2281/1864 2522/2282/1865
f 2495/2249/1836 2493/2247/1834 2520/2280/1863 2522/2282/1865
f 2522/2282/1865 2523/2281/1864 2525/2283/1866 2524/2284/1867
f 2497/2251/1838 2495/2249/1836 2522/2282/1865 2524/2284/1867
f 2524/2285/1867 2525/2286/1866 2527/2287/1868 2526/2288/1869
f 2499/2255/1840 2497/2254/1838 2524/2285/1867 2526/2288/1869
f 2526/2288/1869 2527/2287/1868 2529/2289/1870 2528/2290/1871
f 2501/2257/1842 2499/2255/1840 2526/2288/1869 2528/2290/1871
f 2528/2290/1871 2529/2289/1870 2531/2291/1872 2530/2292/1873
f 2503/2259/1844 2501/2257/1842 2528/2290/1871 2530/2292/1873
f 2530/2292/1873 2531/2291/1872 2533/2293/1874 2532/2294/1875
f 2505/2261/1846 2503/2259/1844 2530/2292/1873 2532/2294/1875
f 2535/2295/1855 2513/2296/1854 2532/2294/1875 2533/2293/1874
f 2507/2263/1848 2505/2261/1846 2532/2294/1875 2513/2296/1854
f 2533/2293/1874 2531/2291/1872 2556/2297/1876 2534/2298/1877
f 2536/2299/1878 2535/2295/1855 2533/2293/1874 2534/2298/1877
f 2512/2273/1856 2535/2272/1855 2536/2300/1878 2538/2301/1879
f 2534/2298/1877 2558/2302/1880 2537/2303/1881 2536/2299/1878
f 2536/2300/1878 2537/2304/1881 2539/2305/1882 2538/2301/1879
f 2538/2301/1879 2539/2305/1882 2541/2306/1883 2540/2307/1884
f 2515/2274/1857 2512/2273/1856 2538/2301/1879 2540/2307/1884
f 2540/2307/1884 2541/2306/1883 2543/2308/1885 2542/2309/1886
f 2517/2275/1858 2515/2274/1857 2540/2307/1884 2542/2309/1886
f 2542/2309/1886 2543/2308/1885 2545/2310/1887 2544/2311/1888
f 2519/2277/1860 2517/2275/1858 2542/2309/1886 2544/2311/1888
f 2544/2311/1888 2545/2310/1887 2547/2312/1889 2546/2313/1890
f 2521/2279/1862 2519/2277/1860 2544/2311/1888 2546/2313/1890
f 2546/2313/1890 2547/2312/1889 2549/2314/1891 2548/2315/1892
f 2523/2281/1864 2521/2279/1862 2546/2313/1890 2548/2315/1892
f 2548/2315/1892 2549/2314/1891 2551/2316/1893 2550/2317/1894
f 2525/2283/1866 2523/2281/1864 2548/2315/1892 2550/2317/1894
f 2550/2318/1894 2551/2319/1893 2553/2320/1895 2552/2321/1896
f 2527/2287/1868 2525/2286/1866 2550/2318/1894 2552/2321/1896
f 2552/2321/1896 2553/2320/1895 2555/2322/1897 2554/2323/1898
f 2529/2289/1870 2527/2287/1868 2552/2321/1896 2554/2323/1898
f 2557/2324/1899 2556/2297/1876 2554/2323/1898 2555/2322/1897
f 2531/2291/1872 2529/2289/1870 2554/2323/1898 2556/2297/1876
f 2534/2298/1877 2556/2297/1876 2557/2324/1899 2558/2302/1880
f 2557/2324/1899 2555/2322/1897 2561/2325/1900 2559/2326/1901
f 2560/2327/1902 2558/2302/1880 2557/2324/1899 2559/2326/1901
f 2562/2328/1903 2563/2329/1904 2560/2330/1902 2559/2331/1901
f 2564/2332/1905 2562/2328/1903 2559/2331/1901 2561/2333/1900
f 2563/2334/1904 2562/2335/1903 2565/2336/1906 2568/2337/1907
f 2565/2336/1906 2562/2335/1903 2564/2338/1905 2566/2339/1908
f 2565/2336/1906 2566/2339/1908 2598/2340/1909 2567/2341/1910
f 2570/2342/1911 2568/2337/1907 2565/2336/1906 2567/2341/1910
f 2570/2342/1911 2572/2343/1912 2569/2344/1913 2568/2337/1907
f 2569/2344/1913 2797/2345/1914 2563/2334/1904 2568/2337/1907
f 2571/2346/1915 2570/2342/1911 2567/2341/1910 2600/2347/1916
f 2572/2343/1912 2570/2342/1911 2571/2346/1915 2573/2348/1917
f 2572/2349/1912 2574/2350/1918 2575/2351/1919 2569/2352/1913
f 2576/2353/1920 2574/2350/1918 2572/2349/1912 2573/2354/1917
f 2574/2350/1918 2577/2355/1921 2578/2356/1922 2575/2351/1919
f 2579/2357/1923 2577/2355/1921 2574/2350/1918 2576/2353/1920
f 2577/2355/1921 2580/2358/1924 2581/2359/1925 2578/2356/1922
f 2582/2360/1926 2580/2358/1924 2577/2355/1921 2579/2357/1923
f 2580/2358/1924 2583/2361/1927 2584/2362/1928 2581/2359/1925
f 2585/2363/1929 2583/2361/1927 2580/2358/1924 2582/2360/1926
f 2583/2361/1927 2586/2364/1930 2587/2365/1931 2584/2362/1928
f 2588/2366/1932 2586/2364/1930 2583/2361/1927 2585/2363/1929
f 2586/2364/1930 2589/2367/1933 2590/2368/1934 2587/2365/1931
f 2591/2369/1935 2589/2367/1933 2586/2364/1930 2588/2366/1932
f 2589/2367/1933 2592/2370/1936 2593/2371/1937 2590/2368/1934
f 2594/2372/1938 2592/2370/1936 2589/2367/1933 2591/2369/1935
f 2592/2373/1936 2595/2374/1939 2596/2375/1940 2593/2376/1937
f 2597/2377/1941 2595/2374/1939 2592/2373/1936 2594/2378/1938
f 2595/2374/1939 2598/2340/1909 2566/2339/1908 2596/2375/1940
f 2599/2379/1942 2598/2340/1909 2595/2374/1939 2597/2377/1941
f 2600/2347/1916 2567/2341/1910 2598/2340/1909 2599/2379/1942
f 2601/2380/1943 2604/2381/1944 2600/2347/1916 2599/2379/1942
f 2603/2382/1945 2601/2380/1943 2599/2379/1942 2597/2377/1941
f 2602/2383/1946 2601/2380/1943 2603/2382/1945 2624/2384/1947
f 2605/2385/1948 2604/2381/1944 2601/2380/1943 2602/2383/1946
f 2604/2381/1944 2606/2386/1949 2571/2346/1915 2600/2347/1916
f 2607/2387/1950 2606/2386/1949 2604/2381/1944 2605/2385/1948
f 2573/2348/1917 2571/2346/1915 2606/2386/1949 2608/2388/1951
f 2609/2389/1952 2608/2388/1951 2606/2386/1949 2607/2387/1950
f 2608/2390/1951 2610/2391/1953 2576/2353/1920 2573/2354/1917
f 2610/2391/1953 2608/2390/1951 2609/2392/1952 2611/2393/1954
f 2610/2391/1953 2612/2394/1955 2579/2357/1923 2576/2353/1920
f 2613/2395/1956 2612/2394/1955 2610/2391/1953 2611/2393/1954
f 2612/2394/1955 2614/2396/1957 2582/2360/1926 2579/2357/1923
f 2615/2397/1958 2614/2396/1957 2612/2394/1955 2613/2395/1956
f 2614/2396/1957 2616/2398/1959 2585/2363/1929 2582/2360/1926
f 2617/2399/1960 2616/2398/1959 2614/2396/1957 2615/2397/1958
f 2616/2398/1959 2618/2400/1961 2588/2366/1932 2585/2363/1929
f 2619/2401/1962 2618/2400/1961 2616/2398/1959 2617/2399/1960
f 2618/2400/1961 2620/2402/1963 2591/2369/1935 2588/2366/1932
f 2621/2403/1964 2620/2402/1963 2618/2400/1961 2619/2401/1962
f 2620/2402/1963 2622/2404/1965 2594/2372/1938 2591/2369/1935
f 2623/2405/1966 2622/2404/1965 2620/2402/1963 2621/2403/1964
f 2622/2406/1965 2603/2382/1945 2597/2377/1941 2594/2378/1938
f 2624/2384/1947 2603/2382/1945 2622/2406/1965 2623/2407/1966
f 2625/2408/1967 2628/2409/1968 2624/2384/1947 2623/2407/1966
f 2627/2410/1969 2625/2411/1967 2623/2405/1966 2621/2403/1964
f 2626/2412/1970 2625/2411/1967 2627/2410/1969 2648/2413/1971
f 2629/2414/1972 2628/2409/1968 2625/2408/1967 2626/2415/1970
f 2628/2409/1968 2630/2416/1973 2602/2383/1946 2624/2384/1947
f 2631/2417/1974 2630/2416/1973 2628/2409/1968 2629/2414/1972
f 2630/2416/1973 2632/2418/1975 2605/2385/1948 2602/2383/1946
f 2633/2419/1976 2632/2418/1975 2630/2416/1973 2631/2417/1974
f 2632/2418/1975 2634/2420/1977 2607/2387/1950 2605/2385/1948
f 2635/2421/1978 2634/2420/1977 2632/2418/1975 2633/2419/1976
f 2634/2420/1977 2636/2422/1979 2609/2389/1952 2607/2387/1950
f 2637/2423/1980 2636/2422/1979 2634/2420/1977 2635/2421/1978
f 2611/2393/1954 2609/2392/1952 2636/2424/1979 2638/2425/1981
f 2639/2426/1982 2638/2425/1981 2636/2424/1979 2637/2427/1980
f 2638/2425/1981 2640/2428/1983 2613/2395/1956 2611/2393/1954
f 2640/2428/1983 2638/2425/1981 2639/2426/1982 2641/2429/1984
f 2640/2428/1983 2642/2430/1985 2615/2397/1958 2613/2395/1956
f 2643/2431/1986 2642/2430/1985 2640/2428/1983 2641/2429/1984
f 2642/2430/1985 2644/2432/1987 2617/2399/1960 2615/2397/1958
f 2645/2433/1988 2644/2432/1987 2642/2430/1985 2643/2431/1986
f 2644/2432/1987 2646/2434/1989 2619/2401/1962 2617/2399/1960
f 2647/2435/1990 2646/2434/1989 2644/2432/1987 2645/2433/1988
f 2646/2434/1989 2627/2410/1969 2621/2403/1964 2619/2401/1962
f 2648/2413/1971 2627/2410/1969 2646/2434/1989 2647/2435/1990
f 2649/2436/1991 2652/2437/1992 2648/2413/1971 2647/2435/1990
f 2651/2438/1993 2649/2436/1991 2647/2435/1990 2645/2433/1988
f 2650/2439/1994 2649/2436/1991 2651/2438/1993 2672/2440/1995
f 2653/2441/1996 2652/2437/1992 2649/2436/1991 2650/2439/1994
f 2652/2437/1992 2654/2442/1997 2626/2412/1970 2648/2413/1971
f 2655/2443/1998 2654/2442/1997 2652/2437/1992 2653/2441/1996
f 2654/2444/1997 2656/2445/1999 2629/2414/1972 2626/2415/1970
f 2657/2446/2000 2656/2445/1999 2654/2444/1997 2655/2447/1998
f 2656/2445/1999 2658/2448/2001 2631/2417/1974 2629/2414/1972
f 2659/2449/2002 2658/2448/2001 2656/2445/1999 2657/2446/2000
f 2658/2448/2001 2660/2450/2003 2633/2419/1976 2631/2417/1974
f 2661/2451/2004 2660/2450/2003 2658/2448/2001 2659/2449/2002
f 2660/2450/2003 2662/2452/2005 2635/2421/1978 2633/2419/1976
f 2663/2453/2006 2662/2452/2005 2660/2450/2003 2661/2451/2004
f 2662/2452/2005 2664/2454/2007 2637/2423/1980 2635/2421/1978
f 2665/2455/2008 2664/2454/2007 2662/2452/2005 2663/2453/2006
f 2664/2456/2007 2666/2457/2009 2639/2426/1982 2637/2427/1980
f 2667/2458/2010 2666/2457/2009 2664/2456/2007 2665/2459/2008
f 2641/2429/1984 2639/2426/1982 2666/2457/2009 2668/2460/2011
f 2669/2461/2012 2668/2460/2011 2666/2457/2009 2667/2458/2010
f 2668/2460/2011 2670/2462/2013 2643/2431/1986 2641/2429/1984
f 2670/2462/2013 2668/2460/2011 2669/2461/2012 2671/2463/2014
f 2670/2462/2013 2651/2438/1993 2645/2433/1988 2643/2431/1986
f 2672/2440/1995 2651/2438/1993 2670/2462/2013 2671/2463/2014
f 2673/2464/2015 2676/2465/2016 2672/2440/1995 2671/2463/2014
f 2671/2463/2014 2669/2461/2012 2675/2466/2017 2673/2464/2015
f 2674/2467/2018 2677/2468/2019 2676/2469/2016 2673/2470/2015
f 2696/2471/2020 2674/2467/2018 2673/2470/2015 2675/2472/2017
f 2676/2465/2016 2678/2473/2021 2650/2439/1994 2672/2440/1995
f 2677/2468/2019 2679/2474/2022 2678/2475/2021 2676/2469/2016
f 2678/2473/2021 2680/2476/2023 2653/2441/1996 2650/2439/1994
f 2679/2474/2022 2681/2477/2024 2680/2478/2023 2678/2475/2021
f 2680/2476/2023 2682/2479/2025 2655/2443/1998 2653/2441/1996
f 2681/2477/2024 2683/2480/2026 2682/2481/2025 2680/2478/2023
f 2682/2482/2025 2684/2483/2027 2657/2446/2000 2655/2447/1998
f 2683/2484/2026 2685/2485/2028 2684/2486/2027 2682/2487/2025
f 2684/2483/2027 2686/2488/2029 2659/2449/2002 2657/2446/2000
f 2685/2485/2028 2687/2489/2030 2686/2490/2029 2684/2486/2027
f 2686/2488/2029 2688/2491/2031 2661/2451/2004 2659/2449/2002
f 2687/2489/2030 2689/2492/2032 2688/2493/2031 2686/2490/2029
f 2688/2491/2031 2690/2494/2033 2663/2453/2006 2661/2451/2004
f 2689/2492/2032 2691/2495/2034 2690/2496/2033 2688/2493/2031
f 2690/2494/2033 2692/2497/2035 2665/2455/2008 2663/2453/2006
f 2691/2495/2034 2693/2498/2036 2692/2499/2035 2690/2496/2033
f 2692/2500/2035 2694/2501/2037 2667/2458/2010 2665/2459/2008
f 2693/2502/2036 2695/2503/2038 2694/2504/2037 2692/2505/2035
f 2694/2501/2037 2675/2466/2017 2669/2461/2012 2667/2458/2010
f 2695/2503/2038 2696/2471/2020 2675/2472/2017 2694/2504/2037
f 2697/2506/2039 2695/2507/2038 2693/2508/2036 2698/2509/2040
f 2700/2510/2041 2696/2511/2020 2695/2507/2038 2697/2506/2039
f 2698/2512/1785 2728/2513/1786 2699/2514/1774 2697/2515/1773
f 2697/2515/1773 2699/2514/1774 2701/2516/2042 2700/2517/2043
f 2700/2517/2043 2701/2516/2042 2703/2518/2044 2702/2519/1767
f 2702/2520/2045 2674/2521/2018 2696/2511/2020 2700/2510/2041
f 2702/2519/1767 2703/2518/2044 2705/2522/1766 2704/2523/1765
f 2704/2524/2046 2677/2525/2019 2674/2521/2018 2702/2520/2045
f 2704/2523/1765 2705/2522/1766 2707/2526/2047 2706/2527/1749
f 2706/2528/2048 2679/2529/2022 2677/2525/2019 2704/2524/2046
f 2706/2527/1749 2707/2526/2047 2709/2530/1745 2708/2531/2049
f 2708/2532/2050 2681/2533/2024 2679/2529/2022 2706/2528/2048
f 2708/2531/2049 2709/2530/1745 2712/2534/1744 2710/2535/2051
f 2710/2536/2052 2683/2537/2026 2681/2533/2024 2708/2532/2050
f 2711/2538/2053 2685/2539/2028 2683/2540/2026 2710/2541/2052
f 2710/2542/2051 2712/2543/1744 2713/2544/2054 2711/2545/2055
f 2709/2530/1745 2716/2546/2056 2714/2547/2057 2712/2534/1744
f 2714/2548/2057 2717/2549/2058 2713/2544/2054 2712/2543/1744
f 2718/2550/2059 2717/2551/2058 2714/2552/2057 2715/2553/2060
f 2715/2554/2060 2714/2555/2057 2716/2556/2056 2743/2557/2061
f 2720/2558/1736 2719/2559/2062 2717/2551/2058 2718/2550/2059
f 2713/2544/2054 2717/2549/2058 2719/2560/2062 2722/2561/2063
f 2772/2562/2064 2721/2563/2065 2719/2559/2062 2720/2558/1736
f 2722/2561/2063 2719/2560/2062 2721/2564/2065 2723/2565/2066
f 2711/2545/2055 2713/2544/2054 2722/2561/2063 2724/2566/1793
f 2724/2566/1793 2722/2561/2063 2723/2565/2066 2725/2567/1789
f 2724/2568/2067 2687/2569/2030 2685/2539/2028 2711/2538/2053
f 2724/2568/2067 2725/2570/2068 2689/2571/2032 2687/2569/2030
f 2725/2567/1789 2723/2565/2066 2727/2572/2069 2726/2573/2070
f 2726/2574/2071 2691/2575/2034 2689/2571/2032 2725/2570/2068
f 2726/2573/2070 2727/2572/2069 2728/2576/1786 2698/2577/1785
f 2698/2578/2040 2693/2579/2036 2691/2575/2034 2726/2574/2071
f 2723/2565/2066 2721/2564/2065 2729/2580/2072 2727/2572/2069
f 2727/2572/2069 2729/2580/2072 2731/2581/1732 2728/2576/1786
f 2732/2582/2073 2731/2583/1732 2729/2584/2072 2730/2585/1731
f 2730/2585/1731 2729/2584/2072 2721/2563/2065 2772/2562/2064
f 2734/2586/1693 2733/2587/1694 2731/2588/1732 2732/2589/2073
f 2728/2513/1786 2731/2590/1732 2733/2591/1694 2699/2514/1774
f 2736/2592/2074 2735/2593/2075 2733/2587/1694 2734/2586/1693
f 2699/2514/1774 2733/2591/1694 2735/2594/2075 2701/2516/2042
f 2738/2595/2076 2737/2596/1688 2735/2593/2075 2736/2592/2074
f 2701/2516/2042 2735/2594/2075 2737/2597/1688 2703/2518/2044
f 2740/2598/2077 2739/2599/1687 2737/2596/1688 2738/2595/2076
f 2703/2518/2044 2737/2597/1688 2739/2600/1687 2705/2522/1766
f 2742/2601/2078 2741/2602/2079 2739/2599/1687 2740/2598/2077
f 2705/2522/1766 2739/2600/1687 2741/2603/2079 2707/2526/2047
f 2743/2557/2061 2716/2556/2056 2741/2602/2079 2742/2601/2078
f 2707/2526/2047 2741/2603/2079 2716/2546/2056 2709/2530/1745
f 2740/2598/2077 2745/2604/2080 2744/2605/2081 2742/2601/2078
f 2742/2601/2078 2744/2605/2081 2746/2606/1708 2743/2557/2061
f 2745/2604/2080 2750/2607/2082 2747/2608/2083 2744/2605/2081
f 2744/2605/2081 2747/2608/2083 2748/2609/2084 2746/2606/1708
f 2748/2610/2085 2747/2611/2086 2749/2612/2087 2779/2613/2088
f 2747/2611/2086 2750/2614/1673 2751/2615/1672 2749/2612/2087
f 2753/2616/1679 2752/2617/1680 2750/2607/2082 2745/2604/2080
f 2750/2614/1673 2752/2618/2089 2754/2619/1675 2751/2615/1672
f 2756/2620/1692 2755/2621/2090 2752/2617/1680 2753/2616/1679
f 2752/2618/2089 2755/2622/2091 2757/2623/2092 2754/2619/1675
f 2759/2624/2093 2758/2625/1697 2755/2621/2090 2756/2620/1692
f 2755/2622/2091 2758/2626/2094 2760/2627/2095 2757/2623/2092
f 2762/2628/1728 2761/2629/1729 2758/2625/1697 2759/2624/2093
f 2758/2626/2094 2761/2630/2096 2763/2631/2097 2760/2627/2095
f 2765/2632/1724 2764/2633/2098 2761/2634/1729 2762/2635/1728
f 2761/2636/2096 2764/2637/1727 2766/2638/1726 2763/2639/2097
f 2770/2640/1720 2767/2641/1721 2764/2633/2098 2765/2632/1724
f 2764/2637/1727 2767/2642/2099 2769/2643/1722 2766/2638/1726
f 2780/2644/1718 2769/2643/1722 2767/2642/2099 2768/2645/1719
f 2771/2646/1716 2768/2647/2100 2767/2641/1721 2770/2640/1720
f 2720/2558/1736 2771/2646/1716 2770/2640/1720 2772/2562/2064
f 2772/2562/2064 2770/2640/1720 2765/2632/1724 2730/2585/1731
f 2718/2550/2059 2773/2648/1712 2771/2646/1716 2720/2558/1736
f 2773/2648/1712 2775/2649/1713 2768/2647/2100 2771/2646/1716
f 2715/2553/2060 2774/2650/1710 2773/2648/1712 2718/2550/2059
f 2774/2650/1710 2777/2651/1711 2775/2649/1713 2773/2648/1712
f 2775/2652/1715 2776/2653/2101 2780/2644/1718 2768/2645/1719
f 2775/2652/1715 2777/2654/2102 2778/2655/2103 2776/2653/2101
f 2746/2606/1708 2748/2609/2084 2777/2656/1711 2774/2657/1710
f 2777/2658/2102 2748/2610/2085 2779/2613/2088 2778/2659/2103
f 2760/2660/1006 2763/2661/1006 2778/2662/1006 2779/2663/1006
f 2763/2664/1006 2766/2665/1006 2776/2666/1006 2778/2667/1006
f 2757/2668/1006 2760/2660/1006 2779/2663/1006 2749/2669/1006
f 2780/2670/1006 2776/2666/1006 2766/2665/1006 2769/2671/1006
f 2743/2557/2061 2746/2606/1708 2774/2657/1710 2715/2554/2060
f 2730/2585/1731 2765/2632/1724 2762/2635/1728 2732/2582/2073
f 2732/2589/2073 2762/2628/1728 2759/2624/2093 2734/2586/1693
f 2734/2586/1693 2759/2624/2093 2756/2620/1692 2736/2592/2074
f 2754/2672/1006 2757/2668/1006 2749/2669/1006 2751/2673/1006
f 2736/2592/2074 2756/2620/1692 2753/2616/1679 2738/2595/2076
f 2738/2595/2076 2753/2616/1679 2745/2604/2080 2740/2598/2077
f 2566/2339/1908 2564/2338/1905 2781/2674/2104 2596/2375/1940
f 2596/2375/1940 2781/2674/2104 2782/2675/2105 2593/2376/1937
f 2782/2676/2105 2781/2677/2104 2783/2678/2106 2784/2679/2107
f 2781/2677/2104 2564/2332/1905 2561/2333/1900 2783/2678/2106
f 2553/2320/1895 2551/2319/1893 2784/2680/2107 2783/2681/2106
f 2555/2322/1897 2553/2320/1895 2783/2681/2106 2561/2325/1900
f 2551/2316/1893 2549/2314/1891 2785/2682/2108 2784/2683/2107
f 2787/2684/2109 2782/2685/2105 2784/2686/2107 2785/2687/2108
f 2549/2314/1891 2547/2312/1889 2786/2688/2110 2785/2682/2108
f 2788/2689/2111 2787/2684/2109 2785/2687/2108 2786/2690/2110
f 2590/2368/1934 2787/2691/2109 2788/2692/2111 2587/2365/1931
f 2593/2371/1937 2782/2693/2105 2787/2691/2109 2590/2368/1934
f 2587/2365/1931 2788/2692/2111 2789/2694/2112 2584/2362/1928
f 2789/2695/2112 2788/2689/2111 2786/2690/2110 2791/2696/2113
f 2584/2362/1928 2789/2694/2112 2790/2697/2114 2581/2359/1925
f 2790/2698/2114 2789/2695/2112 2791/2696/2113 2792/2699/2115
f 2545/2310/1887 2543/2308/1885 2792/2700/2115 2791/2701/2113
f 2547/2312/1889 2545/2310/1887 2791/2701/2113 2786/2688/2110
f 2543/2308/1885 2541/2306/1883 2793/2702/2116 2792/2700/2115
f 2795/2703/2117 2790/2698/2114 2792/2699/2115 2793/2704/2116
f 2541/2306/1883 2539/2305/1882 2794/2705/2118 2793/2702/2116
f 2796/2706/2119 2795/2703/2117 2793/2704/2116 2794/2707/2118
f 2578/2356/1922 2795/2708/2117 2796/2709/2119 2575/2351/1919
f 2581/2359/1925 2790/2697/2114 2795/2708/2117 2578/2356/1922
f 2575/2351/1919 2796/2709/2119 2797/2710/1914 2569/2352/1913
f 2797/2711/1914 2796/2706/2119 2794/2707/2118 2798/2712/2120
f 2563/2329/1904 2797/2713/1914 2798/2714/2120 2560/2330/1902
f 2537/2303/1881 2558/2302/1880 2560/2327/1902 2798/2715/2120
f 2539/2305/1882 2537/2304/1881 2798/2716/2120 2794/2705/2118
f 2447/2177/1788 2449/2179/1790 2406/2198/1735 2404/2717/1733
f 2445/2174/1786 2447/2177/1788 2404/2717/1733 2402/2718/1732
f 2799/2175/1774 2445/2174/1786 2402/2718/1732 2800/2719/1694
f 2435/2149/1770 2799/2153/1774 2800/2720/1694 2372/2721/1691
f 2433/2147/1768 2435/2149/1770 2372/2721/1691 2370/2722/1688
f 2431/2145/1766 2433/2147/1768 2370/2722/1688 2367/2723/1687
f 2418/2114/1746 2431/2145/1766 2367/2723/1687 2415/2115/1689
f 2398/2724/1006 2389/2725/1006 2382/2051/1006 2380/2050/1006
f 2395/2726/1006 2392/2727/1006 2389/2725/1006 2398/2724/1006
f 2801/2728/1006 2802/2729/1006 2822/2730/1006 2803/2731/1006
f 2801/2732/1722 2804/2733/1723 2805/2734/1719 2802/2735/2121
f 2806/2736/2122 2804/2733/1723 2801/2732/1722 2803/2737/2123
f 2807/2738/2124 2808/2739/2125 2805/2740/2126 2804/2741/2127
f 2809/2742/2128 2807/2738/2124 2804/2741/2127 2806/2743/2129
f 2810/2744/2130 2813/2745/2131 2808/2739/2125 2807/2738/2124
f 2812/2746/2132 2810/2744/2130 2807/2738/2124 2809/2742/2128
f 2813/2745/2131 2810/2744/2130 2811/2747/2133 2814/2748/2134
f 2810/2744/2130 2812/2746/2132 2859/2749/2135 2811/2747/2133
f 2815/2750/2136 2813/2745/2131 2814/2748/2134 2816/2751/2137
f 2813/2745/2131 2815/2750/2136 2818/2752/2138 2808/2739/2125
f 2817/2753/2139 2815/2750/2136 2816/2751/2137 3256/2754/2140
f 2815/2750/2136 2817/2753/2139 2819/2755/2141 2818/2752/2138
f 2808/2739/2125 2818/2752/2138 2820/2756/2142 2805/2740/2126
f 2818/2752/2138 2819/2755/2141 2821/2757/2143 2820/2756/2142
f 2821/2758/2144 2823/2759/2145 2822/2760/2101 2820/2761/1715
f 2820/2761/1715 2822/2760/2101 2802/2735/2121 2805/2734/1719
f 2823/2762/1006 2825/2763/1006 2803/2731/1006 2822/2730/1006
f 2824/2764/1006 2826/2765/1006 2825/2766/1006 2823/2767/1006
f 2843/2768/2146 2824/2769/1705 2823/2770/2145 2821/2771/2144
f 2827/2772/2147 2825/2773/2148 2826/2774/2149 2829/2775/2150
f 2806/2736/2122 2803/2737/2123 2825/2776/2148 2827/2777/2147
f 2828/2778/2151 2809/2742/2128 2806/2743/2129 2827/2779/2152
f 2830/2780/2153 2828/2781/2151 2827/2782/2152 2829/2783/2154
f 2832/2784/2155 2830/2780/2153 2829/2783/2154 2831/2785/2156
f 2829/2775/2150 2826/2774/2149 2833/2786/1700 2831/2787/1701
f 2835/2788/2157 2832/2784/2155 2831/2785/2156 2834/2789/2158
f 2831/2787/1701 2833/2786/1700 2836/2790/1675 2834/2791/1674
f 2838/2792/2159 2835/2788/2157 2834/2789/2158 2837/2793/2160
f 2834/2791/1674 2836/2790/1675 2839/2794/1672 2837/2795/1673
f 2841/2796/2161 2838/2792/2159 2837/2793/2160 2840/2797/2162
f 2837/2795/1673 2839/2794/1672 2842/2798/2163 2840/2799/2164
f 2844/2800/2165 2841/2796/2161 2840/2797/2162 2843/2801/2166
f 2840/2799/2164 2842/2798/2163 2824/2769/1705 2843/2768/2146
f 2819/2802/2141 2844/2800/2165 2843/2801/2166 2821/2803/2143
f 2817/2804/2139 2845/2805/2167 2844/2800/2165 2819/2802/2141
f 2845/2805/2167 2847/2806/2168 2841/2796/2161 2844/2800/2165
f 2847/2806/2168 2845/2805/2167 2846/2807/2169 2848/2808/2170
f 2845/2805/2167 2817/2804/2139 3256/2809/2140 2846/2807/2169
f 2849/2810/2171 2847/2806/2168 2848/2808/2170 2850/2811/2172
f 2847/2806/2168 2849/2810/2171 2838/2792/2159 2841/2796/2161
f 2851/2812/2173 2849/2810/2171 2850/2811/2172 2852/2813/2174
f 2849/2810/2171 2851/2812/2173 2835/2788/2157 2838/2792/2159
f 2853/2814/2175 2851/2812/2173 2852/2813/2174 2854/2815/2176
f 2851/2812/2173 2853/2814/2175 2832/2784/2155 2835/2788/2157
f 2855/2816/2177 2853/2814/2175 2854/2815/2176 2856/2817/2178
f 2853/2814/2175 2855/2816/2177 2830/2780/2153 2832/2784/2155
f 2857/2818/2179 2855/2816/2177 2856/2817/2178 2858/2819/2180
f 2855/2816/2177 2857/2818/2179 2828/2781/2151 2830/2780/2153
f 2812/2746/2132 2857/2820/2179 2858/2821/2180 2859/2749/2135
f 2857/2820/2179 2812/2746/2132 2809/2742/2128 2828/2778/2151
f 2861/2822/2181 2860/2823/2182 2858/2824/2180 2856/2825/2178
f 2858/2826/2180 2860/2827/2182 2862/2828/2183 2859/2829/2135
f 2865/2830/2184 2863/2831/2185 2860/2823/2182 2861/2822/2181
f 2863/2832/2185 2864/2833/2186 2862/2828/2183 2860/2827/2182
f 2864/2834/2187 2863/2835/2188 2866/2836/2189 2869/2837/2190
f 2863/2838/2188 2865/2839/2191 2868/2840/2192 2866/2841/2189
f 2866/2842/2189 2868/2843/2192 2905/2844/2193 2867/2845/2194
f 2866/2846/2189 2867/2847/2194 2870/2848/2195 2869/2849/2190
f 2869/2849/2190 2870/2848/2195 2872/2850/2196 2871/2851/2197
f 2874/2852/2198 2864/2834/2187 2869/2837/2190 2871/2853/2197
f 2871/2851/2197 2872/2850/2196 3254/2854/2199 2873/2855/2200
f 2874/2852/2198 2871/2853/2197 2873/2856/2200 2876/2857/2201
f 2864/2833/2186 2874/2858/2202 2875/2859/2203 2862/2828/2183
f 2874/2858/2202 2876/2860/2204 2877/2861/2205 2875/2859/2203
f 2876/2860/2204 2878/2862/2206 2879/2863/2207 2877/2861/2205
f 2878/2864/2208 2876/2857/2201 2873/2856/2200 2881/2865/2209
f 2878/2862/2206 2880/2866/2210 3255/2867/2211 2879/2863/2207
f 2880/2868/2212 2878/2864/2208 2881/2865/2209 2883/2869/2213
f 2873/2855/2200 3254/2854/2199 2882/2870/2214 2881/2871/2209
f 2881/2871/2209 2882/2870/2214 2884/2872/2215 2883/2873/2213
f 2883/2874/2213 2884/2875/2215 2886/2876/2216 2885/2877/2217
f 2888/2878/2218 2880/2879/2212 2883/2880/2213 2885/2881/2217
f 2885/2877/2217 2886/2876/2216 3253/2882/2219 2887/2883/2220
f 2890/2884/2221 2888/2878/2218 2885/2881/2217 2887/2885/2220
f 2880/2886/2210 2888/2887/2222 2889/2888/2223 3255/2889/2211
f 2888/2887/2222 2890/2890/2224 2891/2891/2225 2889/2888/2223
f 2890/2890/2224 2892/2892/2226 2893/2893/2227 2891/2891/2225
f 2892/2894/2228 2890/2884/2221 2887/2885/2220 2895/2895/2229
f 2892/2892/2226 2894/2896/2230 2903/2897/2231 2893/2893/2227
f 2894/2898/2232 2892/2894/2228 2895/2895/2229 2897/2899/2233
f 2895/2900/2229 2896/2901/2234 2898/2902/2235 2897/2903/2233
f 2887/2883/2220 3253/2882/2219 2896/2901/2234 2895/2900/2229
f 2897/2903/2233 2898/2902/2235 2900/2904/2236 2899/2905/2237
f 2901/2906/2238 2894/2898/2232 2897/2899/2233 2899/2907/2237
f 2899/2905/2237 2900/2904/2236 2905/2844/2193 2868/2843/2192
f 2865/2839/2191 2901/2906/2238 2899/2907/2237 2868/2840/2192
f 2894/2896/2230 2901/2908/2239 2902/2909/2240 2903/2897/2231
f 2901/2908/2239 2865/2830/2184 2861/2822/2181 2902/2909/2240
f 2903/2897/2231 2902/2909/2240 2854/2910/2176 2852/2911/2174
f 2902/2909/2240 2861/2822/2181 2856/2825/2178 2854/2910/2176
f 2893/2893/2227 2903/2897/2231 2852/2911/2174 2850/2912/2172
f 2898/2913/2235 2939/2914/2241 2904/2915/2242 2900/2916/2236
f 2900/2916/2236 2904/2915/2242 2906/2917/2243 2905/2918/2193
f 2905/2918/2193 2906/2917/2243 2907/2919/2244 2867/2920/2194
f 2907/2919/2244 2906/2917/2243 2908/2921/2245 2911/2922/2246
f 2906/2917/2243 2904/2915/2242 2910/2923/2247 2908/2921/2245
f 2910/2923/2247 2940/2924/2248 2909/2925/2249 2908/2921/2245
f 2908/2921/2245 2909/2925/2249 2912/2926/2250 2911/2922/2246
f 2911/2927/2246 2912/2928/2250 2914/2929/2251 2913/2930/2252
f 2915/2931/2253 2907/2932/2244 2911/2927/2246 2913/2930/2252
f 2913/2930/2252 2914/2929/2251 2917/2933/2254 2916/2934/2255
f 2918/2935/2256 2915/2931/2253 2913/2930/2252 2916/2934/2255
f 2916/2934/2255 2917/2933/2254 2920/2936/2257 2919/2937/2258
f 2921/2938/2259 2918/2935/2256 2916/2934/2255 2919/2937/2258
f 2919/2937/2258 2920/2936/2257 2923/2939/2260 2922/2940/2261
f 2924/2941/2262 2921/2938/2259 2919/2937/2258 2922/2940/2261
f 2922/2940/2261 2923/2939/2260 2926/2942/2263 2925/2943/2264
f 2927/2944/2265 2924/2941/2262 2922/2940/2261 2925/2943/2264
f 2925/2945/2264 2926/2946/2263 2929/2947/2266 2928/2948/2267
f 2930/2949/2268 2927/2950/2265 2925/2945/2264 2928/2948/2267
f 2932/2951/2269 2931/2952/2270 2928/2948/2267 2929/2947/2266
f 2933/2953/2271 2930/2949/2268 2928/2948/2267 2931/2952/2270
f 2931/2952/2270 2932/2951/2269 2935/2954/2272 2934/2955/2273
f 2934/2955/2273 2936/2956/2274 2933/2953/2271 2931/2952/2270
f 2934/2955/2273 2935/2954/2272 2938/2957/2275 2937/2958/2276
f 2939/2914/2241 2936/2956/2274 2934/2955/2273 2937/2958/2276
f 2937/2958/2276 2938/2957/2275 2940/2924/2248 2910/2923/2247
f 2904/2915/2242 2939/2914/2241 2937/2958/2276 2910/2923/2247
f 2896/2959/2234 2936/2956/2274 2939/2914/2241 2898/2913/2235
f 2940/2924/2248 2938/2957/2275 2941/2960/2277 2944/2961/2278
f 2938/2957/2275 2935/2954/2272 2943/2962/2279 2941/2960/2277
f 2943/2962/2279 2964/2963/2280 2942/2964/2281 2941/2960/2277
f 2941/2960/2277 2942/2964/2281 2945/2965/2282 2944/2961/2278
f 2944/2961/2278 2945/2965/2282 2947/2966/2283 2946/2967/2284
f 2909/2925/2249 2940/2924/2248 2944/2961/2278 2946/2967/2284
f 2946/2967/2284 2947/2966/2283 2949/2968/2285 2948/2969/2286
f 2912/2926/2250 2909/2925/2249 2946/2967/2284 2948/2969/2286
f 2948/2970/2286 2949/2971/2285 2951/2972/2287 2950/2973/2288
f 2914/2929/2251 2912/2928/2250 2948/2970/2286 2950/2973/2288
f 2950/2973/2288 2951/2972/2287 2953/2974/2289 2952/2975/2290
f 2917/2933/2254 2914/2929/2251 2950/2973/2288 2952/2975/2290
f 2952/2975/2290 2953/2974/2289 2955/2976/2291 2954/2977/2292
f 2920/2936/2257 2917/2933/2254 2952/2975/2290 2954/2977/2292
f 2954/2977/2292 2955/2976/2291 2957/2978/2293 2956/2979/2294
f 2923/2939/2260 2920/2936/2257 2954/2977/2292 2956/2979/2294
f 2956/2979/2294 2957/2978/2293 2959/2980/2295 2958/2981/2296
f 2926/2942/2263 2923/2939/2260 2956/2979/2294 2958/2981/2296
f 2961/2982/2297 2960/2983/2298 2958/2984/2296 2959/2985/2295
f 2929/2947/2266 2926/2946/2263 2958/2984/2296 2960/2983/2298
f 2960/2983/2298 2961/2982/2297 2963/2986/2299 2962/2987/2300
f 2962/2987/2300 2932/2951/2269 2929/2947/2266 2960/2983/2298
f 2962/2987/2300 2963/2986/2299 2964/2963/2280 2943/2962/2279
f 2935/2954/2272 2932/2951/2269 2962/2987/2300 2943/2962/2279
f 2964/2963/2280 2963/2986/2299 2965/2988/2301 2968/2989/2302
f 2963/2986/2299 2961/2982/2297 2967/2990/2303 2965/2988/2301
f 2967/2990/2303 2988/2991/2304 2966/2992/2305 2965/2988/2301
f 2965/2988/2301 2966/2992/2305 2969/2993/2306 2968/2989/2302
f 2968/2989/2302 2969/2993/2306 2971/2994/2307 2970/2995/2308
f 2942/2964/2281 2964/2963/2280 2968/2989/2302 2970/2995/2308
f 2970/2995/2308 2971/2994/2307 2973/2996/2309 2972/2997/2310
f 2945/2965/2282 2942/2964/2281 2970/2995/2308 2972/2997/2310
f 2972/2997/2310 2973/2996/2309 2975/2998/2311 2974/2999/2312
f 2947/2966/2283 2945/2965/2282 2972/2997/2310 2974/2999/2312
f 2974/2999/2312 2975/2998/2311 2977/3000/2313 2976/3001/2314
f 2949/2968/2285 2947/2966/2283 2974/2999/2312 2976/3001/2314
f 2976/3002/2314 2977/3003/2313 2979/3004/2315 2978/3005/2316
f 2951/2972/2287 2949/2971/2285 2976/3002/2314 2978/3005/2316
f 2978/3005/2316 2979/3004/2315 2981/3006/2317 2980/3007/2318
f 2953/2974/2289 2951/2972/2287 2978/3005/2316 2980/3007/2318
f 2980/3007/2318 2981/3006/2317 2983/3008/2319 2982/3009/2320
f 2955/2976/2291 2953/2974/2289 2980/3007/2318 2982/3009/2320
f 2982/3009/2320 2983/3008/2319 2985/3010/2321 2984/3011/2322
f 2957/2978/2293 2955/2976/2291 2982/3009/2320 2984/3011/2322
f 2987/3012/2323 2986/3013/2324 2984/3011/2322 2985/3010/2321
f 2959/2980/2295 2957/2978/2293 2984/3011/2322 2986/3013/2324
f 2986/3014/2324 2987/3015/2323 2988/2991/2304 2967/2990/2303
f 2967/2990/2303 2961/2982/2297 2959/2985/2295 2986/3014/2324
f 2988/2991/2304 2987/3015/2323 2989/3016/2325 2992/3017/2326
f 2989/3018/2325 2987/3012/2323 2985/3010/2321 2991/3019/2327
f 2991/3019/2327 3012/3020/2328 2990/3021/2329 2989/3018/2325
f 2989/3016/2325 2990/3022/2329 2993/3023/2330 2992/3017/2326
f 2992/3017/2326 2993/3023/2330 2995/3024/2331 2994/3025/2332
f 2966/2992/2305 2988/2991/2304 2992/3017/2326 2994/3025/2332
f 2994/3025/2332 2995/3024/2331 2997/3026/2333 2996/3027/2334
f 2969/2993/2306 2966/2992/2305 2994/3025/2332 2996/3027/2334
f 2996/3027/2334 2997/3026/2333 2999/3028/2335 2998/3029/2336
f 2971/2994/2307 2969/2993/2306 2996/3027/2334 2998/3029/2336
f 2998/3029/2336 2999/3028/2335 3001/3030/2337 3000/3031/2338
f 2973/2996/2309 2971/2994/2307 2998/3029/2336 3000/3031/2338
f 3000/3031/2338 3001/3030/2337 3003/3032/2339 3002/3033/2340
f 2975/2998/2311 2973/2996/2309 3000/3031/2338 3002/3033/2340
f 3002/3033/2340 3003/3032/2339 3005/3034/2341 3004/3035/2342
f 2977/3000/2313 2975/2998/2311 3002/3033/2340 3004/3035/2342
f 3004/3036/2342 3005/3037/2341 3007/3038/2343 3006/3039/2344
f 2979/3004/2315 2977/3003/2313 3004/3036/2342 3006/3039/2344
f 3006/3039/2344 3007/3038/2343 3009/3040/2345 3008/3041/2346
f 2981/3006/2317 2979/3004/2315 3006/3039/2344 3008/3041/2346
f 3011/3042/2347 3010/3043/2348 3008/3041/2346 3009/3040/2345
f 2983/3008/2319 2981/3006/2317 3008/3041/2346 3010/3043/2348
f 2985/3010/2321 2983/3008/2319 3010/3043/2348 2991/3019/2327
f 2991/3019/2327 3010/3043/2348 3011/3042/2347 3012/3020/2328
f 3011/3042/2347 3009/3040/2345 3015/3044/2349 3013/3045/2350
f 3014/3046/2351 3012/3020/2328 3011/3042/2347 3013/3045/2350
f 3016/3047/2352 3017/3048/2353 3014/3049/2351 3013/3050/2350
f 3018/3051/2354 3016/3047/2352 3013/3050/2350 3015/3052/2349
f 3017/3053/2353 3016/3054/2352 3019/3055/2355 3022/3056/2356
f 3019/3055/2355 3016/3054/2352 3018/3057/2354 3020/3058/2357
f 3019/3055/2355 3020/3058/2357 3052/3059/2358 3021/3060/2359
f 3024/3061/2360 3022/3056/2356 3019/3055/2355 3021/3060/2359
f 3024/3061/2360 3026/3062/2361 3023/3063/2362 3022/3056/2356
f 3023/3063/2362 3251/3064/2363 3017/3053/2353 3022/3056/2356
f 3025/3065/2364 3024/3061/2360 3021/3060/2359 3054/3066/2365
f 3026/3062/2361 3024/3061/2360 3025/3065/2364 3027/3067/2366
f 3026/3068/2361 3028/3069/2367 3029/3070/2368 3023/3071/2362
f 3030/3072/2369 3028/3069/2367 3026/3068/2361 3027/3073/2366
f 3028/3069/2367 3031/3074/2370 3032/3075/2371 3029/3070/2368
f 3033/3076/2372 3031/3074/2370 3028/3069/2367 3030/3072/2369
f 3031/3074/2370 3034/3077/2373 3035/3078/2374 3032/3075/2371
f 3036/3079/2375 3034/3077/2373 3031/3074/2370 3033/3076/2372
f 3034/3077/2373 3037/3080/2376 3038/3081/2377 3035/3078/2374
f 3039/3082/2378 3037/3080/2376 3034/3077/2373 3036/3079/2375
f 3037/3080/2376 3040/3083/2379 3041/3084/2380 3038/3081/2377
f 3042/3085/2381 3040/3083/2379 3037/3080/2376 3039/3082/2378
f 3040/3083/2379 3043/3086/2382 3044/3087/2383 3041/3084/2380
f 3045/3088/2384 3043/3086/2382 3040/3083/2379 3042/3085/2381
f 3043/3086/2382 3046/3089/2385 3047/3090/2386 3044/3087/2383
f 3048/3091/2387 3046/3089/2385 3043/3086/2382 3045/3088/2384
f 3046/3092/2385 3049/3093/2388 3050/3094/2389 3047/3095/2386
f 3051/3096/2390 3049/3093/2388 3046/3092/2385 3048/3097/2387
f 3049/3093/2388 3052/3059/2358 3020/3058/2357 3050/3094/2389
f 3053/3098/2391 3052/3059/2358 3049/3093/2388 3051/3096/2390
f 3054/3066/2365 3021/3060/2359 3052/3059/2358 3053/3098/2391
f 3055/3099/2392 3058/3100/2393 3054/3066/2365 3053/3098/2391
f 3057/3101/2394 3055/3099/2392 3053/3098/2391 3051/3096/2390
f 3056/3102/2395 3055/3099/2392 3057/3101/2394 3078/3103/2396
f 3059/3104/2397 3058/3100/2393 3055/3099/2392 3056/3102/2395
f 3058/3100/2393 3060/3105/2398 3025/3065/2364 3054/3066/2365
f 3061/3106/2399 3060/3105/2398 3058/3100/2393 3059/3104/2397
f 3027/3067/2366 3025/3065/2364 3060/3105/2398 3062/3107/2400
f 3063/3108/2401 3062/3107/2400 3060/3105/2398 3061/3106/2399
f 3062/3109/2400 3064/3110/2402 3030/3072/2369 3027/3073/2366
f 3064/3110/2402 3062/3109/2400 3063/3111/2401 3065/3112/2403
f 3064/3110/2402 3066/3113/2404 3033/3076/2372 3030/3072/2369
f 3067/3114/2405 3066/3113/2404 3064/3110/2402 3065/3112/2403
f 3066/3113/2404 3068/3115/2406 3036/3079/2375 3033/3076/2372
f 3069/3116/2407 3068/3115/2406 3066/3113/2404 3067/3114/2405
f 3068/3115/2406 3070/3117/2408 3039/3082/2378 3036/3079/2375
f 3071/3118/2409 3070/3117/2408 3068/3115/2406 3069/3116/2407
f 3070/3117/2408 3072/3119/2410 3042/3085/2381 3039/3082/2378
f 3073/3120/2411 3072/3119/2410 3070/3117/2408 3071/3118/2409
f 3072/3119/2410 3074/3121/2412 3045/3088/2384 3042/3085/2381
f 3075/3122/2413 3074/3121/2412 3072/3119/2410 3073/3120/2411
f 3074/3121/2412 3076/3123/2414 3048/3091/2387 3045/3088/2384
f 3077/3124/2415 3076/3123/2414 3074/3121/2412 3075/3122/2413
f 3076/3125/2414 3057/3101/2394 3051/3096/2390 3048/3097/2387
f 3078/3103/2396 3057/3101/2394 3076/3125/2414 3077/3126/2415
f 3079/3127/2416 3082/3128/2417 3078/3103/2396 3077/3126/2415
f 3081/3129/2418 3079/3130/2416 3077/3124/2415 3075/3122/2413
f 3080/3131/2419 3079/3130/2416 3081/3129/2418 3102/3132/2420
f 3083/3133/2421 3082/3128/2417 3079/3127/2416 3080/3134/2419
f 3082/3128/2417 3084/3135/2422 3056/3102/2395 3078/3103/2396
f 3085/3136/2423 3084/3135/2422 3082/3128/2417 3083/3133/2421
f 3084/3135/2422 3086/3137/2424 3059/3104/2397 3056/3102/2395
f 3087/3138/2425 3086/3137/2424 3084/3135/2422 3085/3136/2423
f 3086/3137/2424 3088/3139/2426 3061/3106/2399 3059/3104/2397
f 3089/3140/2427 3088/3139/2426 3086/3137/2424 3087/3138/2425
f 3088/3139/2426 3090/3141/2428 3063/3108/2401 3061/3106/2399
f 3091/3142/2429 3090/3141/2428 3088/3139/2426 3089/3140/2427
f 3065/3112/2403 3063/3111/2401 3090/3143/2428 3092/3144/2430
f 3093/3145/2431 3092/3144/2430 3090/3143/2428 3091/3146/2429
f 3092/3144/2430 3094/3147/2432 3067/3114/2405 3065/3112/2403
f 3094/3147/2432 3092/3144/2430 3093/3145/2431 3095/3148/2433
f 3094/3147/2432 3096/3149/2434 3069/3116/2407 3067/3114/2405
f 3097/3150/2435 3096/3149/2434 3094/3147/2432 3095/3148/2433
f 3096/3149/2434 3098/3151/2436 3071/3118/2409 3069/3116/2407
f 3099/3152/2437 3098/3151/2436 3096/3149/2434 3097/3150/2435
f 3098/3151/2436 3100/3153/2438 3073/3120/2411 3071/3118/2409
f 3101/3154/2439 3100/3153/2438 3098/3151/2436 3099/3152/2437
f 3100/3153/2438 3081/3129/2418 3075/3122/2413 3073/3120/2411
f 3102/3132/2420 3081/3129/2418 3100/3153/2438 3101/3154/2439
f 3103/3155/2440 3106/3156/2441 3102/3132/2420 3101/3154/2439
f 3105/3157/2442 3103/3155/2440 3101/3154/2439 3099/3152/2437
f 3104/3158/2443 3103/3155/2440 3105/3157/2442 3126/3159/2444
f 3107/3160/2445 3106/3156/2441 3103/3155/2440 3104/3158/2443
f 3106/3156/2441 3108/3161/2446 3080/3131/2419 3102/3132/2420
f 3109/3162/2447 3108/3161/2446 3106/3156/2441 3107/3160/2445
f 3108/3163/2446 3110/3164/2448 3083/3133/2421 3080/3134/2419
f 3111/3165/2449 3110/3164/2448 3108/3163/2446 3109/3166/2447
f 3110/3164/2448 3112/3167/2450 3085/3136/2423 3083/3133/2421
f 3113/3168/2451 3112/3167/2450 3110/3164/2448 3111/3165/2449
f 3112/3167/2450 3114/3169/2452 3087/3138/2425 3085/3136/2423
f 3115/3170/2453 3114/3169/2452 3112/3167/2450 3113/3168/2451
f 3114/3169/2452 3116/3171/2454 3089/3140/2427 3087/3138/2425
f 3117/3172/2455 3116/3171/2454 3114/3169/2452 3115/3170/2453
f 3116/3171/2454 3118/3173/2456 3091/3142/2429 3089/3140/2427
f 3119/3174/2457 3118/3173/2456 3116/3171/2454 3117/3172/2455
f 3118/3175/2456 3120/3176/2458 3093/3145/2431 3091/3146/2429
f 3121/3177/2459 3120/3176/2458 3118/3175/2456 3119/3178/2457
f 3095/3148/2433 3093/3145/2431 3120/3176/2458 3122/3179/2460
f 3123/3180/2461 3122/3179/2460 3120/3176/2458 3121/3177/2459
f 3122/3179/2460 3124/3181/2462 3097/3150/2435 3095/3148/2433
f 3124/3181/2462 3122/3179/2460 3123/3180/2461 3125/3182/2463
f 3124/3181/2462 3105/3157/2442 3099/3152/2437 3097/3150/2435
f 3126/3159/2444 3105/3157/2442 3124/3181/2462 3125/3182/2463
f 3127/3183/2464 3130/3184/2465 3126/3159/2444 3125/3182/2463
f 3125/3182/2463 3123/3180/2461 3129/3185/2466 3127/3183/2464
f 3128/3186/2467 3131/3187/2468 3130/3188/2465 3127/3189/2464
f 3150/3190/2469 3128/3186/2467 3127/3189/2464 3129/3191/2466
f 3130/3184/2465 3132/3192/2470 3104/3158/2443 3126/3159/2444
f 3131/3187/2468 3133/3193/2471 3132/3194/2470 3130/3188/2465
f 3132/3192/2470 3134/3195/2472 3107/3160/2445 3104/3158/2443
f 3133/3193/2471 3135/3196/2473 3134/3197/2472 3132/3194/2470
f 3134/3195/2472 3136/3198/2474 3109/3162/2447 3107/3160/2445
f 3135/3196/2473 3137/3199/2475 3136/3200/2474 3134/3197/2472
f 3136/3201/2474 3138/3202/2476 3111/3165/2449 3109/3166/2447
f 3137/3203/2475 3139/3204/2477 3138/3205/2476 3136/3206/2474
f 3138/3202/2476 3140/3207/2478 3113/3168/2451 3111/3165/2449
f 3139/3204/2477 3141/3208/2479 3140/3209/2478 3138/3205/2476
f 3140/3207/2478 3142/3210/2480 3115/3170/2453 3113/3168/2451
f 3141/3208/2479 3143/3211/2481 3142/3212/2480 3140/3209/2478
f 3142/3210/2480 3144/3213/2482 3117/3172/2455 3115/3170/2453
f 3143/3211/2481 3145/3214/2483 3144/3215/2482 3142/3212/2480
f 3144/3213/2482 3146/3216/2484 3119/3174/2457 3117/3172/2455
f 3145/3214/2483 3147/3217/2485 3146/3218/2484 3144/3215/2482
f 3146/3219/2484 3148/3220/2486 3121/3177/2459 3119/3178/2457
f 3147/3221/2485 3149/3222/2487 3148/3223/2486 3146/3224/2484
f 3148/3220/2486 3129/3185/2466 3123/3180/2461 3121/3177/2459
f 3149/3222/2487 3150/3190/2469 3129/3191/2466 3148/3223/2486
f 3151/3225/2488 3149/3226/2487 3147/3227/2485 3152/3228/2489
f 3154/3229/2490 3150/3230/2469 3149/3226/2487 3151/3225/2488
f 3152/3231/2222 3182/3232/2223 3153/3233/2211 3151/3234/2210
f 3151/3234/2210 3153/3233/2211 3155/3235/2207 3154/3236/2206
f 3154/3236/2206 3155/3235/2207 3157/3237/2491 3156/3238/2492
f 3156/3239/2493 3128/3240/2467 3150/3230/2469 3154/3229/2490
f 3156/3238/2492 3157/3237/2491 3159/3241/2203 3158/3242/2202
f 3158/3243/2494 3131/3244/2468 3128/3240/2467 3156/3239/2493
f 3158/3242/2202 3159/3241/2203 3161/3245/2495 3160/3246/2496
f 3160/3247/2497 3133/3248/2471 3131/3244/2468 3158/3243/2494
f 3160/3246/2496 3161/3245/2495 3163/3249/2182 3162/3250/2185
f 3162/3251/2498 3135/3252/2473 3133/3248/2471 3160/3247/2497
f 3162/3250/2185 3163/3249/2182 3166/3253/2181 3164/3254/2184
f 3164/3255/2499 3137/3256/2475 3135/3252/2473 3162/3251/2498
f 3165/3257/2500 3139/3258/2477 3137/3259/2475 3164/3260/2499
f 3164/3261/2184 3166/3262/2181 3167/3263/2240 3165/3264/2239
f 3163/3249/2182 3170/3265/2180 3168/3266/2178 3166/3253/2181
f 3168/3267/2178 3171/3268/2176 3167/3263/2240 3166/3262/2181
f 3172/3269/2175 3171/3270/2176 3168/3271/2178 3169/3272/2177
f 3169/3273/2177 3168/3274/2178 3170/3275/2180 3197/3276/2179
f 3174/3277/2173 3173/3278/2174 3171/3270/2176 3172/3269/2175
f 3167/3263/2240 3171/3268/2176 3173/3279/2174 3176/3280/2231
f 3226/3281/2171 3175/3282/2172 3173/3278/2174 3174/3277/2173
f 3176/3280/2231 3173/3279/2174 3175/3283/2172 3177/3284/2227
f 3165/3264/2239 3167/3263/2240 3176/3280/2231 3178/3285/2230
f 3178/3285/2230 3176/3280/2231 3177/3284/2227 3179/3286/2226
f 3178/3287/2501 3141/3288/2479 3139/3258/2477 3165/3257/2500
f 3178/3287/2501 3179/3289/2502 3143/3290/2481 3141/3288/2479
f 3179/3286/2226 3177/3284/2227 3181/3291/2225 3180/3292/2224
f 3180/3293/2503 3145/3294/2483 3143/3290/2481 3179/3289/2502
f 3180/3292/2224 3181/3291/2225 3182/3295/2223 3152/3296/2222
f 3152/3297/2489 3147/3298/2485 3145/3294/2483 3180/3293/2503
f 3177/3284/2227 3175/3283/2172 3183/3299/2170 3181/3291/2225
f 3181/3291/2225 3183/3299/2170 3185/3300/2169 3182/3295/2223
f 3186/3301/2167 3185/3302/2169 3183/3303/2170 3184/3304/2168
f 3184/3304/2168 3183/3303/2170 3175/3282/2172 3226/3281/2171
f 3188/3305/2139 3187/3306/2140 3185/3307/2169 3186/3308/2167
f 3182/3232/2223 3185/3309/2169 3187/3310/2140 3153/3233/2211
f 3190/3311/2504 3189/3312/2137 3187/3306/2140 3188/3305/2139
f 3153/3233/2211 3187/3310/2140 3189/3313/2137 3155/3235/2207
f 3192/3314/2131 3191/3315/2134 3189/3312/2137 3190/3311/2504
f 3155/3235/2207 3189/3313/2137 3191/3316/2134 3157/3237/2491
f 3194/3317/2130 3193/3318/2505 3191/3315/2134 3192/3314/2131
f 3157/3237/2491 3191/3316/2134 3193/3319/2505 3159/3241/2203
f 3196/3320/2132 3195/3321/2135 3193/3318/2505 3194/3317/2130
f 3159/3241/2203 3193/3319/2505 3195/3322/2135 3161/3245/2495
f 3197/3276/2179 3170/3275/2180 3195/3321/2135 3196/3320/2132
f 3161/3245/2495 3195/3322/2135 3170/3265/2180 3163/3249/2182
f 3194/3317/2130 3199/3323/2124 3198/3324/2128 3196/3320/2132
f 3196/3320/2132 3198/3324/2128 3200/3325/2151 3197/3276/2179
f 3199/3323/2124 3204/3326/2127 3201/3327/2129 3198/3324/2128
f 3198/3324/2128 3201/3327/2129 3202/3328/2152 3200/3325/2151
f 3202/3329/2506 3201/3330/1727 3203/3331/2507 3233/3332/2508
f 3201/3330/1727 3204/3333/1723 3205/3334/1722 3203/3331/2507
f 3207/3335/2125 3206/3336/2126 3204/3326/2127 3199/3323/2124
f 3204/3333/1723 3206/3337/1719 3208/3338/2121 3205/3334/1722
f 3210/3339/2138 3209/3340/2142 3206/3336/2126 3207/3335/2125
f 3206/3337/1719 3209/3341/2509 3211/3342/2101 3208/3338/2121
f 3213/3343/2141 3212/3344/2510 3209/3340/2142 3210/3339/2138
f 3209/3341/2509 3212/3345/2511 3214/3346/2512 3211/3342/2101
f 3216/3347/2165 3215/3348/2166 3212/3344/2510 3213/3343/2141
f 3212/3345/2511 3215/3349/2146 3217/3350/1705 3214/3346/2512
f 3219/3351/2161 3218/3352/2162 3215/3353/2166 3216/3354/2165
f 3215/3355/2146 3218/3356/2164 3220/3357/2163 3217/3358/1705
f 3224/3359/2159 3221/3360/2160 3218/3352/2162 3219/3351/2161
f 3218/3356/2164 3221/3361/1673 3223/3362/1672 3220/3357/2163
f 3225/3363/2157 3222/3364/2158 3221/3360/2160 3224/3359/2159
f 3234/3365/1675 3223/3362/1672 3221/3361/1673 3222/3366/1674
f 3174/3277/2173 3225/3363/2157 3224/3359/2159 3226/3281/2171
f 3226/3281/2171 3224/3359/2159 3219/3351/2161 3184/3304/2168
f 3172/3269/2175 3227/3367/2155 3225/3363/2157 3174/3277/2173
f 3227/3367/2155 3229/3368/2156 3222/3364/2158 3225/3363/2157
f 3169/3272/2177 3228/3369/2153 3227/3367/2155 3172/3269/2175
f 3228/3369/2153 3231/3370/2154 3229/3368/2156 3227/3367/2155
f 3229/3371/1701 3230/3372/1700 3234/3365/1675 3222/3366/1674
f 3229/3371/1701 3231/3373/2150 3232/3374/2149 3230/3372/1700
f 3200/3325/2151 3202/3328/2152 3231/3375/2154 3228/3376/2153
f 3231/3377/2150 3202/3329/2506 3233/3332/2508 3232/3378/2149
f 3214/3379/1006 3217/3380/1006 3232/3381/1006 3233/3382/1006
f 3217/3383/1006 3220/3384/1006 3230/3385/1006 3232/3386/1006
f 3211/3387/1006 3214/3379/1006 3233/3382/1006 3203/3388/1006
f 3234/3389/1006 3230/3385/1006 3220/3384/1006 3223/3390/1006
f 3197/3276/2179 3200/3325/2151 3228/3376/2153 3169/3273/2177
f 3184/3304/2168 3219/3351/2161 3216/3354/2165 3186/3301/2167
f 3186/3308/2167 3216/3347/2165 3213/3343/2141 3188/3305/2139
f 3188/3305/2139 3213/3343/2141 3210/3339/2138 3190/3311/2504
f 3208/3391/1006 3211/3387/1006 3203/3388/1006 3205/3392/1006
f 3190/3311/2504 3210/3339/2138 3207/3335/2125 3192/3314/2131
f 3192/3314/2131 3207/3335/2125 3199/3323/2124 3194/3317/2130
f 3020/3058/2357 3018/3057/2354 3235/3393/2513 3050/3094/2389
f 3050/3094/2389 3235/3393/2513 3236/3394/2514 3047/3095/2386
f 3236/3395/2514 3235/3396/2513 3237/3397/2515 3238/3398/2516
f 3235/3396/2513 3018/3051/2354 3015/3052/2349 3237/3397/2515
f 3007/3038/2343 3005/3037/2341 3238/3399/2516 3237/3400/2515
f 3009/3040/2345 3007/3038/2343 3237/3400/2515 3015/3044/2349
f 3005/3034/2341 3003/3032/2339 3239/3401/2517 3238/3402/2516
f 3241/3403/2518 3236/3404/2514 3238/3405/2516 3239/3406/2517
f 3003/3032/2339 3001/3030/2337 3240/3407/2519 3239/3401/2517
f 3242/3408/2520 3241/3403/2518 3239/3406/2517 3240/3409/2519
f 3044/3087/2383 3241/3410/2518 3242/3411/2520 3041/3084/2380
f 3047/3090/2386 3236/3412/2514 3241/3410/2518 3044/3087/2383
f 3041/3084/2380 3242/3411/2520 3243/3413/2521 3038/3081/2377
f 3243/3414/2521 3242/3408/2520 3240/3409/2519 3245/3415/2522
f 3038/3081/2377 3243/3413/2521 3244/3416/2523 3035/3078/2374
f 3244/3417/2523 3243/3414/2521 3245/3415/2522 3246/3418/2524
f 2999/3028/2335 2997/3026/2333 3246/3419/2524 3245/3420/2522
f 3001/3030/2337 2999/3028/2335 3245/3420/2522 3240/3407/2519
f 2997/3026/2333 2995/3024/2331 3247/3421/2525 3246/3419/2524
f 3249/3422/2526 3244/3417/2523 3246/3418/2524 3247/3423/2525
f 2995/3024/2331 2993/3023/2330 3248/3424/2527 3247/3421/2525
f 3250/3425/2528 3249/3422/2526 3247/3423/2525 3248/3426/2527
f 3032/3075/2371 3249/3427/2526 3250/3428/2528 3029/3070/2368
f 3035/3078/2374 3244/3416/2523 3249/3427/2526 3032/3075/2371
f 3029/3070/2368 3250/3428/2528 3251/3429/2363 3023/3071/2362
f 3251/3430/2363 3250/3425/2528 3248/3426/2527 3252/3431/2529
f 3017/3048/2353 3251/3432/2363 3252/3433/2529 3014/3049/2351
f 2990/3021/2329 3012/3020/2328 3014/3046/2351 3252/3434/2529
f 2993/3023/2330 2990/3022/2329 3252/3435/2529 3248/3424/2527
f 2936/2956/2274 2896/2959/2234 3253/3436/2219 2933/2953/2271
f 2886/3437/2216 2930/2949/2268 2933/2953/2271 3253/3436/2219
f 2884/3438/2215 2927/2950/2265 2930/2949/2268 2886/3437/2216
f 2882/3439/2214 2924/2941/2262 2927/2944/2265 2884/3440/2215
f 3254/3441/2199 2921/2938/2259 2924/2941/2262 2882/3439/2214
f 2872/3442/2196 2918/2935/2256 2921/2938/2259 3254/3441/2199
f 2870/3443/2195 2915/2931/2253 2918/2935/2256 2872/3442/2196
f 2867/3444/2194 2907/2932/2244 2915/2931/2253 2870/3443/2195
f 2891/2891/2225 2893/2893/2227 2850/2912/2172 2848/3445/2170
f 2889/2888/2223 2891/2891/2225 2848/3445/2170 2846/3446/2169
f 3255/2889/2211 2889/2888/2223 2846/3446/2169 3256/3447/2140
f 2879/2863/2207 3255/2867/2211 3256/3448/2140 2816/3449/2137
f 2877/2861/2205 2879/2863/2207 2816/3449/2137 2814/3450/2134
f 2875/2859/2203 2877/2861/2205 2814/3450/2134 2811/3451/2133
f 2862/2828/2183 2875/2859/2203 2811/3451/2133 2859/2829/2135
f 2842/3452/1006 2833/3453/1006 2826/2765/1006 2824/2764/1006
f 2839/3454/1006 2836/3455/1006 2833/3453/1006 2842/3452/1006
f 3263/3456/2530 3258/3457/2530 3257/3458/2530 3262/3459/2530
f 3259/3460/2531 3354/3461/2531 3260/3462/2531 3257/3463/2531
f 3257/3458/2530 3260/3464/2532 3289/3465/2530 3261/3466/2530
f 3262/3459/2530 3257/3458/2530 3261/3466/2530
f 3262/3467/2533 3261/3468/2534 3265/3469/2534 3264/3470/2533
f 3263/3471/2535 3262/3467/2533 3264/3470/2533 3266/3472/2535
f 3263/3471/2535 3266/3472/2535 3267/3473/2536 3269/3474/2536
f 3269/3474/2536 3267/3473/2536 3268/3475/2537 3270/3476/2537
f 3258/3477/2530 3263/3478/2530 3269/3479/2530
f 3272/3480/2530 3258/3477/2530 3269/3479/2530 3270/3481/2530
f 3271/3482/2538 3270/3476/2537 3268/3475/2537 3282/3483/2538
f 3272/3480/2530 3270/3481/2530 3271/3484/2530
f 3272/3480/2530 3274/3485/2539 3276/3486/2539 3273/3487/2530
f 3279/3488/2530 3274/3485/2539 3272/3480/2530 3271/3484/2530
f 3274/3489/1344 3277/3490/1344 3275/3491/1344
f 3292/3492/2540 3277/3493/2540 3274/3494/2539 3278/3495/2532
f 3278/3496/2532 3274/3485/2539 3279/3488/2530 3280/3497/2530
f 3279/3498/2541 3271/3482/2538 3282/3483/2538 3281/3499/2541
f 3280/3500/2542 3279/3498/2541 3281/3499/2541 3283/3501/2542
f 3286/3502/2543 3280/3500/2542 3283/3501/2542 3284/3503/2543
f 3287/3504/2544 3286/3502/2543 3284/3503/2543 3285/3505/2544
f 3278/3496/2532 3280/3497/2530 3286/3506/2530
f 3278/3496/2532 3286/3506/2530 3287/3507/2530
f 3288/3508/2545 3287/3504/2544 3285/3505/2544 3290/3509/2545
f 3288/3510/2530 3278/3496/2532 3287/3507/2530
f 3289/3511/2546 3288/3508/2545 3290/3509/2545 3291/3512/2546
f 3288/3513/2530 3289/3465/2530 3260/3464/2532 3278/3514/2532
f 3261/3468/2534 3289/3511/2546 3291/3512/2546 3265/3469/2534
f 3293/3515/2540 3292/3492/2540 3278/3495/2532 3260/3516/2532
f 3295/3517/2547 3294/3518/2547 3292/3492/2540 3293/3515/2540
f 3294/3518/2547 3296/3519/2547 3277/3493/2540 3292/3492/2540
f 3298/3520/2548 3297/3521/2548 3294/3518/2547 3295/3517/2547
f 3297/3521/2548 3299/3522/2548 3296/3519/2547 3294/3518/2547
f 3302/3523/2549 3300/3524/2549 3297/3521/2548 3298/3520/2548
f 3300/3524/2549 3301/3525/2549 3299/3522/2548 3297/3521/2548
f 3301/3525/2549 3300/3524/2549 3303/3526/1 3305/3527/1
f 3300/3524/2549 3302/3523/2549 3304/3528/1 3303/3526/1
f 3304/3528/1 3307/3529/1 3306/3530/1 3303/3526/1
f 3303/3526/1 3306/3530/1 3308/3531/1 3305/3527/1
f 3309/3532/2550 3306/3533/1 3307/3534/1 3311/3535/2550
f 3310/3536/2550 3308/3537/1 3306/3533/1 3309/3532/2550
f 3309/3532/2550 3312/3538/2551 3314/3539/2551 3310/3536/2550
f 3311/3535/2550 3313/3540/2551 3312/3538/2551 3309/3532/2550
f 3313/3540/2551 3316/3541/2552 3315/3542/2552 3312/3538/2551
f 3312/3538/2551 3315/3542/2552 3317/3543/2552 3314/3539/2551
f 3316/3541/2552 3319/3544/2553 3318/3545/2553 3315/3542/2552
f 3315/3542/2552 3318/3545/2553 3320/3546/2553 3317/3543/2552
f 3319/3544/2553 3322/3547/2554 3321/3548/2554 3318/3545/2553
f 3318/3545/2553 3321/3548/2554 3323/3549/2555 3320/3546/2553
f 3327/3550/2556 3321/3551/2554 3322/3552/2554 3328/3553/2556
f 3321/3554/2554 3326/3555/2556 3336/3556/2556 3323/3557/2555
f 3327/3550/2556 3324/3558/2556 3321/3551/2554
f 3321/3551/2554 3324/3558/2556 3325/3559/2556
f 3321/3551/2554 3325/3559/2556 3326/3560/2556
f 3328/3561/2546 3330/3562/2546 3329/3563/2545 3327/3564/2545
f 3327/3564/2545 3329/3563/2545 3331/3565/2544 3324/3566/2544
f 3324/3566/2544 3331/3565/2544 3332/3567/2543 3325/3568/2543
f 3325/3568/2543 3332/3567/2543 3333/3569/2542 3326/3570/2542
f 3326/3570/2542 3333/3569/2542 3334/3571/2541 3336/3572/2541
f 3336/3572/2541 3334/3571/2541 3335/3573/2538 3337/3574/2538
f 3336/3556/2556 3337/3575/2556 3339/3576/2556 3323/3557/2555
f 3337/3574/2538 3335/3573/2538 3347/3577/2537 3338/3578/2537
f 3339/3576/2556 3337/3575/2556 3338/3579/2556
f 3339/3576/2556 3340/3580/2556 3356/3581/2555 3323/3557/2555
f 3339/3576/2556 3338/3579/2556 3344/3582/2556 3341/3583/2556
f 3343/3584/2556 3350/3585/2556 3342/3586/2556 3341/3587/2556
f 3341/3587/2556 3344/3588/2556 3343/3584/2556
f 3343/3589/2535 3344/3590/2536 3345/3591/2536 3346/3592/2535
f 3344/3590/2536 3338/3578/2537 3347/3577/2537 3345/3591/2536
f 3343/3589/2535 3346/3592/2535 3348/3593/2533 3350/3594/2533
f 3350/3594/2533 3348/3593/2533 3349/3595/2534 3351/3596/2534
f 3350/3585/2556 3351/3597/2556 3342/3586/2556
f 3342/3586/2556 3351/3597/2556 3328/3553/2556 3322/3552/2554
f 3351/3596/2534 3349/3595/2534 3330/3562/2546 3328/3561/2546
f 3352/3598/2531 3342/3599/2531 3322/3600/2531 3353/3601/2531
f 3353/3601/2531 3354/3461/2531 3259/3460/2531 3352/3598/2531
f 3307/3602/2531 3304/3603/2531 3354/3461/2531 3353/3601/2531
f 3353/3601/2531 3311/3604/2531 3307/3602/2531
f 3322/3600/2531 3319/3605/2531 3353/3601/2531
f 3353/3601/2531 3313/3606/2531 3311/3604/2531
f 3353/3601/2531 3316/3607/2531 3313/3606/2531
f 3353/3601/2531 3319/3605/2531 3316/3607/2531
f 3354/3461/2531 3304/3603/2531 3302/3608/2531
f 3260/3462/2531 3354/3461/2531 3293/3609/2531
f 3354/3461/2531 3302/3608/2531 3298/3610/2531
f 3354/3461/2531 3298/3610/2531 3295/3611/2531
f 3354/3461/2531 3295/3611/2531 3293/3609/2531
f 3355/3612/2556 3359/3613/2556 3358/3614/2556 3340/3580/2556
f 3356/3581/2555 3340/3580/2556 3357/3615/2556 3448/3616/2556
f 3358/3614/2556 3357/3615/2556 3340/3580/2556
f 3358/3617/2557 3360/3618/2557 3361/3619/2534 3357/3620/2534
f 3359/3621/2535 3362/3622/2535 3360/3618/2557 3358/3617/2557
f 3359/3621/2535 3365/3623/2536 3363/3624/2536 3362/3622/2535
f 3366/3625/2537 3364/3626/2537 3363/3624/2536 3365/3623/2536
f 3355/3612/2556 3365/3627/2556 3359/3613/2556
f 3355/3628/2556 3368/3629/2556 3366/3630/2556 3365/3631/2556
f 3367/3632/2538 3444/3633/2538 3364/3626/2537 3366/3625/2537
f 3368/3629/2556 3367/3634/2556 3366/3630/2556
f 3369/3635/2554 3440/3636/2556 3367/3634/2556 3368/3629/2556
f 3368/3637/1344 3370/3638/1344 3372/3639/1344 3369/3640/1344
f 3374/3641/1344 3372/3639/1344 3370/3638/1344 3371/3642/1344
f 3369/3640/1344 3372/3639/1344 3378/3643/1344
f 3372/3639/1344 3373/3644/1344 3375/3645/1344
f 3392/3646/1344 3373/3644/1344 3372/3639/1344 3374/3641/1344
f 3372/3639/1344 3375/3645/1344 3376/3647/1344
f 3372/3639/1344 3376/3647/1344 3377/3648/1344
f 3378/3643/1344 3372/3639/1344 3377/3648/1344
f 3382/3649/2552 3379/3650/2553 3378/3651/2553 3377/3652/2552
f 3379/3650/2553 3381/3653/2554 3369/3654/2554 3378/3651/2553
f 3383/3655/2552 3380/3656/2553 3379/3650/2553 3382/3649/2552
f 3380/3656/2553 3356/3657/2555 3381/3653/2554 3379/3650/2553
f 3385/3658/2551 3383/3655/2552 3382/3649/2552 3384/3659/2551
f 3384/3659/2551 3382/3649/2552 3377/3652/2552 3376/3660/2551
f 3387/3661/2550 3385/3658/2551 3384/3659/2551 3386/3662/2550
f 3386/3662/2550 3384/3659/2551 3376/3660/2551 3375/3663/2550
f 3375/3663/2550 3373/3664/1 3388/3665/1 3386/3662/2550
f 3386/3662/2550 3388/3665/1 3389/3666/1 3387/3661/2550
f 3391/3667/1 3389/3668/1 3388/3669/1 3390/3670/1
f 3390/3670/1 3388/3669/1 3373/3671/1 3392/3672/1
f 3393/3673/2549 3395/3674/2549 3391/3667/1 3390/3670/1
f 3394/3675/2549 3393/3673/2549 3390/3670/1 3392/3672/1
f 3393/3673/2549 3394/3675/2549 3398/3676/2548 3396/3677/2548
f 3395/3674/2549 3393/3673/2549 3396/3677/2548 3397/3678/2548
f 3397/3678/2548 3396/3677/2548 3399/3679/2547 3400/3680/2547
f 3396/3677/2548 3398/3676/2548 3401/3681/2547 3399/3679/2547
f 3400/3680/2547 3399/3679/2547 3402/3682/2540 3403/3683/2540
f 3399/3679/2547 3401/3681/2547 3404/3684/2540 3402/3682/2540
f 3403/3683/2540 3402/3682/2540 3405/3685/2532 3276/3686/2539
f 3402/3682/2540 3404/3684/2540 3406/3687/2532 3405/3685/2532
f 3406/3688/2532 3411/3689/2530 3410/3690/2530 3405/3691/2532
f 3408/3692/2530 3430/3693/2530 3276/3486/2539 3405/3694/2532
f 3405/3691/2532 3409/3695/2530 3407/3696/2530
f 3408/3697/2530 3405/3691/2532 3407/3696/2530
f 3405/3691/2532 3410/3690/2530 3409/3695/2530
f 3409/3698/2543 3410/3699/2542 3412/3700/2542 3413/3701/2543
f 3410/3699/2542 3411/3702/2541 3414/3703/2541 3412/3700/2542
f 3411/3702/2541 3417/3704/2538 3415/3705/2538 3414/3703/2541
f 3417/3704/2538 3418/3706/2537 3416/3707/2537 3415/3705/2538
f 3406/3688/2532 3419/3708/2530 3417/3709/2530 3411/3689/2530
f 3419/3708/2530 3418/3710/2530 3417/3709/2530
f 3419/3711/1344 3406/3712/1344 3374/3641/1344 3371/3642/1344
f 3420/3713/2530 3421/3714/2530 3418/3710/2530 3419/3708/2530
f 3420/3715/2530 3273/3487/2530 3423/3716/2530 3422/3717/2530
f 3420/3713/2530 3422/3718/2530 3421/3714/2530
f 3422/3719/2535 3424/3720/2535 3425/3721/2536 3421/3722/2536
f 3422/3719/2535 3423/3723/2557 3426/3724/2557 3424/3720/2535
f 3423/3723/2557 3429/3725/2534 3427/3726/2534 3426/3724/2557
f 3429/3725/2534 3430/3727/2546 3428/3728/2546 3427/3726/2534
f 3276/3486/2539 3430/3693/2530 3429/3729/2530 3273/3487/2530
f 3423/3716/2530 3273/3487/2530 3429/3729/2530
f 3430/3727/2546 3408/3730/2545 3431/3731/2545 3428/3728/2546
f 3408/3730/2545 3407/3732/2544 3432/3733/2544 3431/3731/2545
f 3407/3732/2544 3409/3698/2543 3413/3701/2543 3432/3733/2544
f 3418/3706/2537 3421/3722/2536 3425/3721/2536 3416/3707/2537
f 3406/3712/1344 3404/3734/1344 3374/3641/1344
f 3404/3734/1344 3401/3735/1344 3374/3641/1344
f 3276/3736/2531 3433/3737/2531 3403/3738/2531
f 3433/3737/2531 3400/3739/2531 3403/3738/2531
f 3305/3740/2530 3391/3741/2530 3433/3742/2530 3275/3743/2530
f 3433/3737/2531 3391/3744/2531 3395/3745/2531
f 3433/3737/2531 3395/3745/2531 3397/3746/2531
f 3433/3737/2531 3397/3746/2531 3400/3739/2531
f 3374/3641/1344 3401/3735/1344 3398/3747/1344
f 3374/3641/1344 3398/3747/1344 3394/3748/1344
f 3374/3641/1344 3394/3748/1344 3392/3646/1344
f 3305/3527/1 3308/3531/1 3389/3668/1 3391/3667/1
f 3308/3749/2556 3435/3750/2556 3434/3751/2556 3389/3752/2556
f 3434/3753/2531 3387/3754/2531 3389/3755/2531
f 3356/3756/2531 3380/3757/2531 3434/3753/2531
f 3434/3753/2531 3385/3758/2531 3387/3754/2531
f 3434/3753/2531 3383/3759/2531 3385/3758/2531
f 3434/3753/2531 3380/3757/2531 3383/3759/2531
f 3323/3760/1344 3435/3761/1344 3320/3762/1344
f 3435/3761/1344 3308/3763/1344 3310/3764/1344
f 3435/3761/1344 3310/3764/1344 3314/3765/1344
f 3435/3761/1344 3314/3765/1344 3317/3766/1344
f 3320/3762/1344 3435/3761/1344 3317/3766/1344
f 3369/3635/2554 3381/3767/2554 3439/3768/2556 3440/3636/2556
f 3437/3769/2556 3381/3770/2554 3356/3581/2555 3448/3616/2556
f 3381/3770/2554 3436/3771/2556 3438/3772/2556
f 3437/3769/2556 3436/3771/2556 3381/3770/2554
f 3381/3770/2554 3438/3772/2556 3439/3773/2556
f 3438/3774/2543 3442/3775/2543 3441/3776/2542 3439/3777/2542
f 3439/3777/2542 3441/3776/2542 3443/3778/2541 3440/3779/2541
f 3440/3779/2541 3443/3778/2541 3444/3633/2538 3367/3632/2538
f 3436/3780/2544 3445/3781/2544 3442/3775/2543 3438/3774/2543
f 3437/3782/2545 3446/3783/2545 3445/3781/2544 3436/3780/2544
f 3448/3784/2546 3447/3785/2546 3446/3783/2545 3437/3782/2545
f 3357/3620/2534 3361/3619/2534 3447/3785/2546 3448/3784/2546
f 3275/3491/1344 3301/3786/1344 3305/3787/1344
f 3275/3491/1344 3299/3788/1344 3301/3786/1344
f 3275/3491/1344 3296/3789/1344 3299/3788/1344
f 3277/3490/1344 3296/3789/1344 3275/3491/1344
f 3588/3790/2558 3591/3791/2559 3590/3792/2560 3587/3793/2561
f 3589/3794/2562 3592/3795/2563 3591/3791/2559 3588/3790/2558
f 3591/3791/2559 3594/3796/2564 3593/3797/2565 3590/3792/2560
f 3592/3795/2563 3595/3798/2566 3594/3796/2564 3591/3791/2559
f 3594/3796/2564 3597/3799/2567 3596/3800/2568 3593/3797/2565
f 3595/3798/2566 3598/3801/2569 3597/3799/2567 3594/3796/2564
f 3597/3799/2567 3598/3801/2569 3557/3802/2570 3558/3803/2571
f 3471/3804/2572 3472/3805/2573 3592/3795/2563 3589/3794/2562
f 3701/3806/2574 3705/3807/2575 3704/3808/2576 3700/3809/2577
f 3698/3810/2578 3588/3790/2558 3587/3793/2561 3697/3811/2579
f 3472/3805/2573 3473/3812/2580 3595/3798/2566 3592/3795/2563
f 3473/3812/2580 3474/3813/2581 3598/3801/2569 3595/3798/2566
f 3599/3814/2582 3602/3815/2583 3778/3816/2584 3774/3817/2585
f 3598/3801/2569 3474/3813/2581 3452/3818/2586 3557/3802/2570
f 3596/3800/2568 3597/3799/2567 3558/3803/2571 3559/3819/2587
f 3814/3820/2588 3824/3821/2589 3608/3822/2590 3762/3823/2591
f 3798/3824/2592 3596/3825/2568 3559/3826/2587 3475/3827/2593
f 3593/3828/2565 3596/3825/2568 3798/3824/2592 3794/3829/2594
f 3785/3830/2595 3789/3831/2596 3788/3832/2597 3784/3833/2598
f 3559/3819/2587 3558/3803/2571 3561/3834/2599 3562/3835/2600
f 3558/3803/2571 3557/3802/2570 3560/3836/2601 3561/3834/2599
f 3567/3837/2602 3600/3838/2603 3599/3839/2582 3568/3840/2604
f 3566/3841/2605 3601/3842/2606 3600/3838/2603 3567/3837/2602
f 3607/3843/2607 3563/3844/2608 3564/3845/2609 3606/3846/2610
f 3600/3838/2603 3603/3847/2611 3602/3848/2583 3599/3839/2582
f 3601/3842/2606 3604/3849/2612 3603/3847/2611 3600/3838/2603
f 3603/3847/2611 3606/3846/2610 3605/3850/2613 3602/3848/2583
f 3604/3849/2612 3607/3843/2607 3606/3846/2610 3603/3847/2611
f 3606/3846/2610 3564/3845/2609 3565/3851/2614 3605/3850/2613
f 3460/3852/2615 3487/3853/2616 3601/3842/2606 3566/3841/2605
f 3487/3853/2616 3488/3854/2617 3604/3849/2612 3601/3842/2606
f 3488/3854/2617 3489/3855/2618 3607/3843/2607 3604/3849/2612
f 3489/3855/2618 3454/3856/2619 3563/3844/2608 3607/3843/2607
f 3762/3857/2591 3608/3858/2590 3611/3859/2620 3766/3860/2621
f 3568/3861/2604 3599/3814/2582 3774/3817/2585 3506/3862/2622
f 3602/3815/2583 3605/3863/2613 3782/3864/2623 3778/3816/2584
f 3565/3851/2614 3564/3845/2609 3469/3865/2624 3468/3866/2625
f 3564/3845/2609 3563/3844/2608 3470/3867/2626 3469/3865/2624
f 3786/3868/2627 3587/3869/2561 3590/3870/2560 3790/3871/2628
f 3824/3872/2589 3825/3873/2629 3609/3874/2630 3608/3875/2590
f 3609/3874/2630 3612/3876/2630 3611/3877/2620 3608/3875/2590
f 3610/3878/2631 3613/3879/2631 3612/3876/2630 3609/3874/2630
f 3612/3876/2630 3615/3880/2630 3614/3881/2620 3611/3877/2620
f 3613/3879/2631 3616/3882/2631 3615/3880/2630 3612/3876/2630
f 3616/3882/2631 3566/3841/2605 3567/3837/2602 3615/3880/2630
f 3615/3880/2630 3567/3837/2602 3568/3840/2604 3614/3881/2620
f 3503/3883/2632 3504/3884/2633 3613/3879/2631 3610/3878/2631
f 3504/3884/2633 3505/3885/2634 3616/3882/2631 3613/3879/2631
f 3505/3885/2634 3460/3852/2615 3566/3841/2605 3616/3882/2631
f 3559/3886/2587 3562/3887/2600 3479/3888/2635 3475/3889/2593
f 3629/3890/2636 3632/3891/2637 3754/3892/2638 3750/3893/2639
f 3614/3894/2620 3568/3861/2604 3506/3862/2622 3770/3895/2621
f 3459/3896/2640 3457/3897/2641 3496/3898/2642 3550/3899/2643
f 3690/3900/2644 3619/3901/2645 3618/3902/2646 3689/3903/2647
f 3541/3904/2648 3617/3905/2649 3620/3906/2650 3540/3907/2651
f 3617/3905/2649 3618/3902/2646 3621/3908/2652 3620/3906/2650
f 3618/3902/2646 3619/3901/2645 3622/3909/2653 3621/3908/2652
f 3619/3901/2645 3527/3910/2654 3528/3911/2655 3622/3909/2653
f 3540/3907/2651 3620/3906/2650 3623/3912/2656 3539/3913/2657
f 3620/3906/2650 3621/3908/2652 3624/3914/2658 3623/3912/2656
f 3621/3908/2652 3622/3909/2653 3625/3915/2659 3624/3914/2658
f 3622/3909/2653 3528/3911/2655 3529/3916/2660 3625/3915/2659
f 3539/3913/2657 3623/3912/2656 3626/3917/2661 3538/3918/2662
f 3623/3912/2656 3624/3914/2658 3627/3919/2663 3626/3917/2661
f 3624/3914/2658 3625/3915/2659 3628/3920/2664 3627/3919/2663
f 3625/3915/2659 3529/3916/2660 3530/3921/2665 3628/3920/2664
f 3628/3920/2664 3530/3921/2665 3464/3922/2666 3522/3923/2667
f 3627/3919/2663 3628/3920/2664 3522/3923/2667 3521/3924/2668
f 3626/3917/2661 3627/3919/2663 3521/3924/2668 3520/3925/2669
f 3538/3918/2662 3626/3917/2661 3520/3925/2669 3463/3926/2670
f 3517/3927/2671 3518/3928/2672 3630/3929/2673 3629/3930/2636
f 3518/3928/2672 3519/3931/2674 3631/3932/2675 3630/3929/2673
f 3637/3933/2676 3576/3934/2677 3577/3935/2678 3636/3936/2679
f 3630/3929/2673 3633/3937/2680 3632/3938/2637 3629/3930/2636
f 3631/3932/2675 3634/3939/2681 3633/3937/2680 3630/3929/2673
f 3633/3937/2680 3636/3936/2679 3635/3940/2682 3632/3938/2637
f 3634/3939/2681 3637/3933/2676 3636/3936/2679 3633/3937/2680
f 3636/3936/2679 3577/3935/2678 3578/3941/2683 3635/3940/2682
f 3463/3926/2670 3520/3925/2669 3631/3932/2675 3519/3931/2674
f 3520/3925/2669 3521/3924/2668 3634/3939/2681 3631/3932/2675
f 3521/3924/2668 3522/3923/2667 3637/3933/2676 3634/3939/2681
f 3522/3923/2667 3464/3922/2666 3576/3934/2677 3637/3933/2676
f 3611/3859/2620 3614/3894/2620 3770/3895/2621 3766/3860/2621
f 3575/3942/2684 3517/3943/2671 3629/3890/2636 3750/3893/2639
f 3632/3891/2637 3635/3944/2682 3758/3945/2685 3754/3892/2638
f 3687/3946/2686 3640/3947/2687 3639/3948/2688 3686/3949/2689
f 3546/3950/2690 3638/3951/2691 3641/3952/2692 3545/3953/2693
f 3638/3951/2691 3639/3948/2688 3642/3954/2694 3641/3952/2692
f 3639/3948/2688 3640/3947/2687 3643/3955/2695 3642/3954/2694
f 3640/3947/2687 3532/3956/2696 3533/3957/2697 3643/3955/2695
f 3545/3953/2693 3641/3952/2692 3644/3958/2698 3544/3959/2699
f 3641/3952/2692 3642/3954/2694 3645/3960/2700 3644/3958/2698
f 3642/3954/2694 3643/3955/2695 3646/3961/2701 3645/3960/2700
f 3643/3955/2695 3533/3957/2697 3534/3962/2702 3646/3961/2701
f 3544/3959/2699 3644/3958/2698 3647/3963/2703 3543/3964/2704
f 3644/3958/2698 3645/3960/2700 3648/3965/2705 3647/3963/2703
f 3645/3960/2700 3646/3961/2701 3649/3966/2706 3648/3965/2705
f 3646/3961/2701 3534/3962/2702 3535/3967/2707 3649/3966/2706
f 3649/3966/2706 3535/3967/2707 3462/3968/2708 3516/3969/2709
f 3648/3965/2705 3649/3966/2706 3516/3969/2709 3515/3970/2710
f 3647/3963/2703 3648/3965/2705 3515/3970/2710 3514/3971/2711
f 3543/3964/2704 3647/3963/2703 3514/3971/2711 3461/3972/2712
f 3450/3973/2713 3454/3856/2619 3489/3855/2618 3497/3974/2714
f 3683/3975/2715 3651/3976/2716 3650/3977/2717 3682/3978/2718
f 3650/3977/2717 3651/3976/2716 3654/3979/2719 3653/3980/2720
f 3651/3976/2716 3652/3981/2721 3655/3982/2722 3654/3979/2719
f 3653/3980/2720 3654/3979/2719 3657/3983/2723 3656/3984/2724
f 3654/3979/2719 3655/3982/2722 3658/3985/2725 3657/3983/2723
f 3656/3984/2724 3657/3983/2723 3660/3986/2726 3659/3987/2727
f 3657/3983/2723 3658/3985/2725 3661/3988/2728 3660/3986/2726
f 3660/3986/2726 3661/3988/2728 3519/3931/2674 3518/3928/2672
f 3652/3981/2721 3541/3904/2648 3540/3907/2651 3655/3982/2722
f 3655/3982/2722 3540/3907/2651 3539/3913/2657 3658/3985/2725
f 3658/3985/2725 3539/3913/2657 3538/3918/2662 3661/3988/2728
f 3661/3988/2728 3538/3918/2662 3463/3926/2670 3519/3931/2674
f 3659/3987/2727 3660/3986/2726 3518/3928/2672 3517/3927/2671
f 3635/3944/2682 3578/3989/2683 3523/3990/2729 3758/3945/2685
f 3565/3991/2614 3468/3992/2625 3556/3993/2730 3490/3994/2731
f 3742/3995/2732 3656/3996/2724 3659/3997/2727 3746/3998/2733
f 3738/3999/2734 3653/4000/2720 3656/3996/2724 3742/3995/2732
f 3734/4001/2735 3650/4002/2717 3653/4000/2720 3738/3999/2734
f 3684/4003/2736 3652/3981/2721 3651/3976/2716 3683/3975/2715
f 3680/4004/2737 3664/4005/2738 3663/4006/2739 3679/4007/2740
f 3681/4008/2741 3665/4009/2742 3664/4005/2738 3680/4004/2737
f 3662/4010/2743 3663/4006/2739 3667/4011/2744 3666/4012/2745
f 3663/4006/2739 3664/4005/2738 3668/4013/2746 3667/4011/2744
f 3664/4005/2738 3665/4009/2742 3669/4014/2747 3668/4013/2746
f 3666/4012/2745 3667/4011/2744 3671/4015/2748 3670/4016/2749
f 3667/4011/2744 3668/4013/2746 3672/4017/2750 3671/4015/2748
f 3668/4013/2746 3669/4014/2747 3673/4018/2751 3672/4017/2750
f 3670/4016/2749 3671/4015/2748 3675/4019/2752 3674/4020/2753
f 3671/4015/2748 3672/4017/2750 3676/4021/2754 3675/4019/2752
f 3672/4017/2750 3673/4018/2751 3677/4022/2755 3676/4021/2754
f 3718/4023/2756 3678/4024/2757 3662/4025/2743 3721/4026/2758
f 3676/4021/2754 3677/4022/2755 3526/4027/2759 3525/4028/2760
f 3665/4009/2742 3546/3950/2690 3545/3953/2693 3669/4014/2747
f 3669/4014/2747 3545/3953/2693 3544/3959/2699 3673/4018/2751
f 3673/4018/2751 3544/3959/2699 3543/3964/2704 3677/4022/2755
f 3677/4022/2755 3543/3964/2704 3461/3972/2712 3526/4027/2759
f 3675/4019/2752 3676/4021/2754 3525/4028/2760 3524/4029/2761
f 3674/4020/2753 3675/4019/2752 3524/4029/2761 3523/4030/2729
f 3746/3998/2733 3659/3997/2727 3517/4031/2671 3575/4032/2684
f 3815/4033/2762 3818/4034/2763 3806/4035/2764 3802/4036/2765
f 3727/4037/2766 3670/4038/2749 3674/4039/2753 3730/4040/2767
f 3724/4041/2768 3666/4042/2745 3670/4038/2749 3727/4037/2766
f 3721/4043/2758 3662/4044/2743 3666/4042/2745 3724/4041/2768
f 3458/4045/2769 3460/3852/2615 3505/3885/2634 3547/4046/2770
f 3551/4047/2771 3495/4048/2772 3494/4049/2773 3552/4050/2774
f 3550/3899/2643 3496/3898/2642 3495/4048/2772 3551/4047/2771
f 3570/4051/2775 3692/4052/2776 3691/4053/2777 3571/4054/2778
f 3548/4055/2779 3504/3884/2633 3503/3883/2632 3549/4056/2780
f 3547/4046/2770 3505/3885/2634 3504/3884/2633 3548/4055/2779
f 3453/4057/2781 3449/4058/2782 3467/4059/2783 3500/4060/2784
f 3460/3852/2615 3458/4045/2769 3499/4061/2785 3487/3853/2616
f 3498/4062/2786 3488/3854/2617 3487/3853/2616 3499/4061/2785
f 3497/3974/2714 3489/3855/2618 3488/3854/2617 3498/4062/2786
f 3457/3897/2641 3459/3896/2640 3502/4063/2787 3465/4064/2788
f 3501/4065/2789 3466/4066/2790 3465/4064/2788 3502/4063/2787
f 3500/4060/2784 3467/4059/2783 3466/4066/2790 3501/4065/2789
f 3454/3856/2619 3450/3973/2713 3470/3867/2626 3563/3844/2608
f 3605/3863/2613 3565/4067/2614 3490/4068/2731 3782/3864/2623
f 3452/3818/2586 3456/4069/2791 3560/3836/2601 3557/3802/2570
f 3590/3870/2560 3593/3828/2565 3794/3829/2594 3790/3871/2628
f 3679/4007/2740 3663/4006/2739 3662/4010/2743 3678/4070/2757
f 3510/4071/2792 3511/4072/2793 3679/4007/2740 3678/4070/2757
f 3511/4072/2793 3512/4073/2794 3680/4004/2737 3679/4007/2740
f 3512/4073/2794 3513/4074/2795 3681/4008/2741 3680/4004/2737
f 3513/4074/2795 3457/4075/2641 3536/4076/2796 3681/4008/2741
f 3536/4076/2796 3546/3950/2690 3665/4009/2742 3681/4008/2741
f 3730/4040/2767 3674/4039/2753 3523/4077/2729 3578/4078/2683
f 3571/4079/2778 3510/4080/2792 3678/4024/2757 3718/4023/2756
f 3682/4081/2718 3650/4082/2717 3734/4083/2735 3715/4084/2797
f 3468/4085/2625 3469/4086/2624 3683/3975/2715 3682/3978/2718
f 3469/4086/2624 3470/4087/2626 3684/4003/2736 3683/3975/2715
f 3470/4087/2626 3450/4088/2713 3531/4089/2798 3684/4003/2736
f 3531/4089/2798 3541/3904/2648 3652/3981/2721 3684/4003/2736
f 3691/4090/2777 3694/4091/2799 3707/4092/2800 3703/4093/2801
f 3556/4094/2730 3468/4095/2625 3682/4081/2718 3715/4084/2797
f 3638/3951/2691 3546/3950/2690 3536/4076/2796 3685/4096/2802
f 3686/3949/2689 3639/3948/2688 3638/3951/2691 3685/4096/2802
f 3542/4097/2803 3532/3956/2696 3640/3947/2687 3687/3946/2686
f 3457/4075/2641 3465/4098/2788 3685/4096/2802 3536/4076/2796
f 3465/4098/2788 3466/4099/2790 3686/3949/2689 3685/4096/2802
f 3466/4099/2790 3467/4100/2783 3687/3946/2686 3686/3949/2689
f 3467/4100/2783 3449/4101/2782 3542/4097/2803 3687/3946/2686
f 3617/3905/2649 3541/3904/2648 3531/4089/2798 3688/4102/2804
f 3689/3903/2647 3618/3902/2646 3617/3905/2649 3688/4102/2804
f 3537/4103/2805 3527/3910/2654 3619/3901/2645 3690/3900/2644
f 3450/4088/2713 3497/4104/2714 3688/4102/2804 3531/4089/2798
f 3497/4104/2714 3498/4105/2786 3689/3903/2647 3688/4102/2804
f 3498/4105/2786 3499/4106/2785 3690/3900/2644 3689/3903/2647
f 3499/4106/2785 3458/4107/2769 3537/4103/2805 3690/3900/2644
f 3573/4108/2806 3574/4109/2807 3749/4110/2808 3748/4111/2809
f 3569/4112/2810 3693/4113/2811 3692/4052/2776 3570/4051/2775
f 3699/4114/2812 3589/3794/2562 3588/3790/2558 3698/3810/2578
f 3692/4052/2776 3695/4115/2813 3694/4116/2799 3691/4053/2777
f 3693/4113/2811 3696/4117/2814 3695/4115/2813 3692/4052/2776
f 3695/4115/2813 3698/3810/2578 3697/3811/2579 3694/4116/2799
f 3696/4117/2814 3699/4114/2812 3698/3810/2578 3695/4115/2813
f 3458/4045/2769 3547/4046/2770 3693/4113/2811 3569/4112/2810
f 3511/4118/2793 3702/4119/2815 3701/3806/2574 3512/4120/2794
f 3547/4046/2770 3548/4055/2779 3696/4117/2814 3693/4113/2811
f 3548/4055/2779 3549/4056/2780 3699/4114/2812 3696/4117/2814
f 3571/4121/2778 3691/4090/2777 3703/4093/2801 3510/4122/2792
f 3694/4091/2799 3697/4123/2579 3711/4124/2816 3707/4092/2800
f 3826/4125/2817 3586/4126/2818 3503/3883/2632 3610/3878/2631
f 3483/4127/2819 3552/4050/2774 3494/4049/2773 3582/4128/2820
f 3471/3804/2572 3549/4056/2780 3503/3883/2632 3586/4126/2818
f 3510/4129/2792 3703/4130/2801 3702/4119/2815 3511/4118/2793
f 3702/4119/2815 3706/4131/2821 3705/3807/2575 3701/3806/2574
f 3703/4130/2801 3707/4132/2800 3706/4131/2821 3702/4119/2815
f 3705/3807/2575 3709/4133/2822 3708/4134/2823 3704/3808/2576
f 3706/4131/2821 3710/4135/2824 3709/4133/2822 3705/3807/2575
f 3707/4132/2800 3711/4136/2816 3710/4135/2824 3706/4131/2821
f 3512/4120/2794 3701/3806/2574 3700/3809/2577 3513/4137/2795
f 3761/4138/2825 3765/4139/2826 3764/4140/2827 3760/4141/2827
f 3495/4048/2772 3704/3808/2576 3708/4134/2823 3494/4049/2773
f 3496/3898/2642 3700/3809/2577 3704/3808/2576 3495/4048/2772
f 3700/3809/2577 3496/3898/2642 3457/3897/2641 3513/4137/2795
f 3553/4142/2828 3554/4143/2829 3713/4144/2830 3712/4145/2831
f 3449/4101/2782 3553/4142/2828 3712/4145/2831 3542/4097/2803
f 3554/4143/2829 3555/4146/2832 3714/4147/2833 3713/4144/2830
f 3555/4146/2832 3556/4148/2730 3715/4149/2797 3714/4147/2833
f 3569/4150/2810 3570/4151/2775 3717/4152/2834 3716/4153/2835
f 3458/4107/2769 3569/4150/2810 3716/4153/2835 3537/4103/2805
f 3570/4151/2775 3571/4154/2778 3718/4155/2756 3717/4152/2834
f 3477/4156/2836 3481/4157/2837 3482/4158/2838 3478/4159/2839
f 3717/4152/2834 3720/4160/2840 3719/4161/2841 3716/4153/2835
f 3718/4155/2756 3721/4162/2758 3720/4160/2840 3717/4152/2834
f 3719/4161/2841 3720/4160/2840 3723/4163/2842 3722/4164/2843
f 3720/4160/2840 3721/4162/2758 3724/4165/2768 3723/4163/2842
f 3722/4164/2843 3723/4163/2842 3726/4166/2844 3725/4167/2845
f 3723/4163/2842 3724/4165/2768 3727/4168/2766 3726/4166/2844
f 3725/4167/2845 3726/4166/2844 3729/4169/2846 3728/4170/2847
f 3726/4166/2844 3727/4168/2766 3730/4171/2767 3729/4169/2846
f 3729/4169/2846 3730/4171/2767 3578/3941/2683 3577/3935/2678
f 3728/4170/2847 3729/4169/2846 3577/3935/2678 3576/3934/2677
f 3530/3921/2665 3728/4170/2847 3576/3934/2677 3464/3922/2666
f 3529/3916/2660 3725/4167/2845 3728/4170/2847 3530/3921/2665
f 3528/3911/2655 3722/4164/2843 3725/4167/2845 3529/3916/2660
f 3527/3910/2654 3719/4161/2841 3722/4164/2843 3528/3911/2655
f 3719/4161/2841 3527/3910/2654 3537/4103/2805 3716/4153/2835
f 3713/4144/2830 3732/4172/2848 3731/4173/2849 3712/4145/2831
f 3714/4147/2833 3733/4174/2850 3732/4172/2848 3713/4144/2830
f 3715/4149/2797 3734/4175/2735 3733/4174/2850 3714/4147/2833
f 3731/4173/2849 3732/4172/2848 3736/4176/2851 3735/4177/2852
f 3732/4172/2848 3733/4174/2850 3737/4178/2853 3736/4176/2851
f 3733/4174/2850 3734/4175/2735 3738/4179/2734 3737/4178/2853
f 3735/4177/2852 3736/4176/2851 3740/4180/2854 3739/4181/2855
f 3736/4176/2851 3737/4178/2853 3741/4182/2856 3740/4180/2854
f 3737/4178/2853 3738/4179/2734 3742/4183/2732 3741/4182/2856
f 3739/4181/2855 3740/4180/2854 3744/4184/2857 3743/4185/2858
f 3740/4180/2854 3741/4182/2856 3745/4186/2859 3744/4184/2857
f 3741/4182/2856 3742/4183/2732 3746/4187/2733 3745/4186/2859
f 3745/4186/2859 3746/4187/2733 3575/4188/2684 3574/4109/2807
f 3744/4184/2857 3745/4186/2859 3574/4109/2807 3573/4108/2806
f 3743/4185/2858 3744/4184/2857 3573/4108/2806 3572/4189/2860
f 3748/4111/2809 3752/4190/2861 3751/4191/2862 3747/4192/2863
f 3535/3967/2707 3743/4185/2858 3572/4189/2860 3462/3968/2708
f 3534/3962/2702 3739/4181/2855 3743/4185/2858 3535/3967/2707
f 3533/3957/2697 3735/4177/2852 3739/4181/2855 3534/3962/2702
f 3532/3956/2696 3731/4173/2849 3735/4177/2852 3533/3957/2697
f 3731/4173/2849 3532/3956/2696 3542/4097/2803 3712/4145/2831
f 3574/4109/2807 3575/4188/2684 3750/4193/2639 3749/4110/2808
f 3758/4194/2685 3523/4030/2729 3524/4029/2761 3757/4195/2864
f 3749/4110/2808 3753/4196/2865 3752/4190/2861 3748/4111/2809
f 3750/4193/2639 3754/4197/2638 3753/4196/2865 3749/4110/2808
f 3752/4190/2861 3756/4198/2866 3755/4199/2867 3751/4191/2862
f 3753/4196/2865 3757/4195/2864 3756/4198/2866 3752/4190/2861
f 3754/4197/2638 3758/4194/2685 3757/4195/2864 3753/4196/2865
f 3572/4189/2860 3573/4108/2806 3748/4111/2809 3747/4192/2863
f 3760/4141/2827 3764/4140/2827 3763/4200/2868 3759/4201/2868
f 3756/4198/2866 3525/4028/2760 3526/4027/2759 3755/4199/2867
f 3757/4195/2864 3524/4029/2761 3525/4028/2760 3756/4198/2866
f 3507/4202/2869 3773/4203/2870 3772/4204/2871 3508/4205/2872
f 3514/3971/2711 3755/4199/2867 3526/4027/2759 3461/3972/2712
f 3515/3970/2710 3751/4191/2862 3755/4199/2867 3514/3971/2711
f 3516/3969/2709 3747/4192/2863 3751/4191/2862 3515/3970/2710
f 3747/4192/2863 3516/3969/2709 3462/3968/2708 3572/4189/2860
f 3811/4206/2873 3812/4207/2874 3760/4141/2827 3759/4201/2868
f 3812/4207/2874 3813/4208/2875 3761/4138/2825 3760/4141/2827
f 3762/4209/2591 3766/4210/2621 3765/4139/2826 3761/4138/2825
f 3764/4140/2827 3768/4211/2827 3767/4212/2868 3763/4200/2868
f 3765/4139/2826 3769/4213/2826 3768/4211/2827 3764/4140/2827
f 3766/4210/2621 3770/4214/2621 3769/4213/2826 3765/4139/2826
f 3770/4214/2621 3506/4215/2622 3507/4202/2869 3769/4213/2826
f 3772/4204/2871 3776/4216/2876 3775/4217/2877 3771/4218/2878
f 3768/4211/2827 3508/4205/2872 3509/4219/2879 3767/4212/2868
f 3769/4213/2826 3507/4202/2869 3508/4205/2872 3768/4211/2827
f 3759/4201/2868 3552/4050/2774 3483/4127/2819 3811/4206/2873
f 3550/3899/2643 3767/4212/2868 3509/4219/2879 3459/3896/2640
f 3551/4047/2771 3763/4200/2868 3767/4212/2868 3550/3899/2643
f 3552/4050/2774 3759/4201/2868 3763/4200/2868 3551/4047/2771
f 3492/4220/2880 3491/4221/2881 3555/4222/2832 3554/4223/2829
f 3783/4224/2882 3708/4134/2823 3709/4133/2822 3784/3833/2598
f 3491/4221/2881 3490/4225/2731 3556/4226/2730 3555/4222/2832
f 3553/4227/2828 3449/4058/2782 3453/4057/2781 3493/4228/2883
f 3506/4215/2622 3774/4229/2585 3773/4203/2870 3507/4202/2869
f 3782/4230/2623 3490/4225/2731 3491/4221/2881 3781/4231/2884
f 3773/4203/2870 3777/4232/2885 3776/4216/2876 3772/4204/2871
f 3774/4229/2585 3778/4233/2584 3777/4232/2885 3773/4203/2870
f 3776/4216/2876 3780/4234/2886 3779/4235/2887 3775/4217/2877
f 3777/4232/2885 3781/4231/2884 3780/4234/2886 3776/4216/2876
f 3778/4233/2584 3782/4230/2623 3781/4231/2884 3777/4232/2885
f 3508/4205/2872 3772/4204/2871 3771/4218/2878 3509/4219/2879
f 3784/3833/2598 3788/3832/2597 3787/4236/2888 3783/4224/2882
f 3780/4234/2886 3492/4220/2880 3493/4228/2883 3779/4235/2887
f 3781/4231/2884 3491/4221/2881 3492/4220/2880 3780/4234/2886
f 3500/4060/2784 3779/4235/2887 3493/4228/2883 3453/4057/2781
f 3501/4065/2789 3775/4217/2877 3779/4235/2887 3500/4060/2784
f 3502/4063/2787 3771/4218/2878 3775/4217/2877 3501/4065/2789
f 3771/4218/2878 3502/4063/2787 3459/3896/2640 3509/4219/2879
f 3477/4156/2836 3476/4237/2889 3480/4238/2890 3481/4157/2837
f 3492/4220/2880 3554/4223/2829 3553/4227/2828 3493/4228/2883
f 3476/4237/2889 3475/4239/2593 3479/4240/2635 3480/4238/2890
f 3482/4158/2838 3455/4241/2891 3451/4242/2892 3478/4159/2839
f 3786/4243/2627 3790/4244/2628 3789/3831/2596 3785/3830/2595
f 3788/3832/2597 3792/4245/2893 3791/4246/2894 3787/4236/2888
f 3789/3831/2596 3793/4247/2895 3792/4245/2893 3788/3832/2597
f 3790/4244/2628 3794/4248/2594 3793/4247/2895 3789/3831/2596
f 3792/4245/2893 3796/4249/2896 3795/4250/2897 3791/4246/2894
f 3793/4247/2895 3797/4251/2898 3796/4249/2896 3792/4245/2893
f 3794/4248/2594 3798/4252/2592 3797/4251/2898 3793/4247/2895
f 3797/4251/2898 3798/4252/2592 3475/4239/2593 3476/4237/2889
f 3710/4135/2824 3785/3830/2595 3784/3833/2598 3709/4133/2822
f 3711/4136/2816 3786/4243/2627 3785/3830/2595 3710/4135/2824
f 3580/4253/2899 3791/4246/2894 3795/4250/2897 3579/4254/2900
f 3796/4249/2896 3797/4251/2898 3476/4237/2889 3477/4156/2836
f 3795/4250/2897 3796/4249/2896 3477/4156/2836 3478/4159/2839
f 3800/4255/2901 3804/4256/2902 3803/4257/2903 3799/4258/2904
f 3579/4254/2900 3795/4250/2897 3478/4159/2839 3451/4242/2892
f 3581/4259/2905 3787/4236/2888 3791/4246/2894 3580/4253/2899
f 3582/4128/2820 3783/4224/2882 3787/4236/2888 3581/4259/2905
f 3801/4260/2906 3805/4261/2907 3804/4256/2902 3800/4255/2901
f 3783/4224/2882 3582/4128/2820 3494/4049/2773 3708/4134/2823
f 3802/4262/2765 3806/4263/2764 3805/4261/2907 3801/4260/2906
f 3804/4256/2902 3808/4264/2908 3807/4265/2909 3803/4257/2903
f 3805/4261/2907 3809/4266/2910 3808/4264/2908 3804/4256/2902
f 3806/4263/2764 3810/4267/2911 3809/4266/2910 3805/4261/2907
f 3808/4264/2908 3812/4207/2874 3811/4206/2873 3807/4265/2909
f 3809/4266/2910 3813/4208/2875 3812/4207/2874 3808/4264/2908
f 3810/4267/2911 3814/4268/2588 3813/4208/2875 3809/4266/2910
f 3481/4157/2837 3800/4255/2901 3799/4258/2904 3482/4158/2838
f 3821/4269/2912 3824/4270/2589 3814/4271/2588 3810/4272/2911
f 3455/4241/2891 3482/4158/2838 3799/4258/2904 3486/4273/2913
f 3480/4238/2890 3801/4260/2906 3800/4255/2901 3481/4157/2837
f 3479/4240/2635 3802/4262/2765 3801/4260/2906 3480/4238/2890
f 3813/4208/2875 3814/4268/2588 3762/4209/2591 3761/4138/2825
f 3818/4034/2763 3821/4269/2912 3810/4272/2911 3806/4035/2764
f 3562/4274/2600 3815/4033/2762 3802/4036/2765 3479/4275/2635
f 3484/4276/2914 3807/4265/2909 3811/4206/2873 3483/4127/2819
f 3485/4277/2915 3803/4257/2903 3807/4265/2909 3484/4276/2914
f 3486/4273/2913 3799/4258/2904 3803/4257/2903 3485/4277/2915
f 3483/4127/2819 3582/4128/2820 3581/4259/2905 3484/4276/2914
f 3816/4278/2916 3819/4279/2917 3818/4280/2763 3815/4281/2762
f 3473/3812/2580 3584/4282/2918 3583/4283/2919 3474/3813/2581
f 3472/3805/2573 3585/4284/2920 3584/4282/2918 3473/3812/2580
f 3456/4069/2791 3452/3818/2586 3474/3813/2581 3583/4283/2919
f 3471/3804/2572 3586/4126/2818 3585/4284/2920 3472/3805/2573
f 3485/4277/2915 3580/4253/2899 3579/4254/2900 3486/4273/2913
f 3484/4276/2914 3581/4259/2905 3580/4253/2899 3485/4277/2915
f 3451/4242/2892 3455/4241/2891 3486/4273/2913 3579/4254/2900
f 3817/4285/2921 3820/4286/2922 3819/4279/2917 3816/4278/2916
f 3819/4279/2917 3822/4287/2923 3821/4288/2912 3818/4280/2763
f 3820/4286/2922 3823/4289/2924 3822/4287/2923 3819/4279/2917
f 3822/4287/2923 3825/3873/2629 3824/3872/2589 3821/4288/2912
f 3823/4289/2924 3826/4125/2817 3825/3873/2629 3822/4287/2923
f 3583/4283/2919 3584/4282/2918 3820/4286/2922 3817/4285/2921
f 3561/3834/2599 3816/4278/2916 3815/4281/2762 3562/3835/2600
f 3560/3836/2601 3817/4285/2921 3816/4278/2916 3561/3834/2599
f 3825/3873/2629 3826/4125/2817 3610/3878/2631 3609/3874/2630
f 3560/3836/2601 3456/4069/2791 3583/4283/2919 3817/4285/2921
f 3584/4282/2918 3585/4284/2920 3823/4289/2924 3820/4286/2922
f 3585/4284/2920 3586/4126/2818 3826/4125/2817 3823/4289/2924
f 3549/4056/2780 3471/3804/2572 3589/3794/2562 3699/4114/2812
f 3711/4124/2816 3697/4123/2579 3587/4290/2561 3786/4291/2627
f 2351/4292/1666 3829/1711/1471 3831/1091/1027 1926/1100/1036
f 2350/4293/1257 3830/1989/1665 3827/1684/1454 2140/4294/1453
f 1938/4295/1254 3834/1406/1253 3830/1989/1665 2350/4293/1257
f 2150/4296/1450 3828/1707/1468 3829/1711/1471 2351/4292/1666
f 2135/4297/1449 3833/1703/1465 3828/1707/1468 2150/4296/1450
f 2137/4298/1451 1505/1700/1459 3833/1703/1465 2135/4297/1449
f 2139/4299/1452 1110/1687/1457 1505/1689/1459 2137/4300/1451
f 2140/4294/1453 3827/1684/1454 1110/1687/1457 2139/4299/1452
f 1937/4301/1029 3832/1403/1028 3834/1406/1253 1938/4295/1254
f 1930/1996/1245 1929/1398/1248 1931/1397/1247 2177/1751/1500 2175/1748/1497 2176/1749/1498 2184/1753/1502 2182/1752/1501 1935/1401/1251 1934/1404/1250 3832/1092/1028 3831/1091/1027
l 2177 2181
l 1107 1502
l 1925 1926
l 1125 1410
o Cube
v -0.362489 1.332143 -0.142114
v -0.362489 1.249000 -0.217079
v -0.362489 1.330058 -0.158795
v -0.362489 1.323909 -0.174640
v -0.362489 1.314004 -0.188854
v -0.362489 1.300839 -0.200724
v -0.362489 1.285074 -0.209655
v -0.362489 1.267501 -0.215199
v -0.343434 1.249000 -0.217079
v -0.343434 1.332143 -0.142114
v -0.343434 1.267501 -0.215199
v -0.343434 1.285074 -0.209655
v -0.343434 1.300839 -0.200724
v -0.343434 1.314004 -0.188854
v -0.343434 1.323909 -0.174640
v -0.343434 1.330058 -0.158795
v -0.362489 1.240078 0.179356
v -0.362489 1.332143 0.096346
v -0.362489 1.260564 0.177275
v -0.362489 1.280023 0.171135
v -0.362489 1.297479 0.161246
v -0.362489 1.312057 0.148102
v -0.362489 1.323025 0.132363
v -0.362489 1.329834 0.114818
v -0.343434 1.332143 0.096346
v -0.343434 1.240078 0.179356
v -0.343434 1.329834 0.114818
v -0.343434 1.323025 0.132363
v -0.343434 1.312057 0.148102
v -0.343434 1.297479 0.161246
v -0.343434 1.280023 0.171135
v -0.343434 1.260564 0.177275
v -0.362489 0.892463 0.111360
v -0.362489 0.967876 0.179356
v -0.362489 0.894354 0.126491
v -0.362489 0.899931 0.140862
v -0.362489 0.908916 0.153755
v -0.362489 0.920857 0.164521
v -0.362489 0.935156 0.172622
v -0.362489 0.951095 0.177651
v -0.362489 0.967876 -0.217079
v -0.362489 0.892463 -0.149083
v -0.362489 0.951095 -0.215374
v -0.362489 0.935156 -0.210345
v -0.362489 0.920857 -0.202244
v -0.362489 0.908916 -0.191478
v -0.362489 0.899931 -0.178585
v -0.362489 0.894354 -0.164213
v -0.343434 0.967876 0.179356
v -0.343434 0.892463 0.111360
v -0.343434 0.951095 0.177651
v -0.343434 0.935156 0.172622
v -0.343434 0.920857 0.164521
v -0.343434 0.908916 0.153755
v -0.343434 0.899931 0.140862
v -0.343434 0.894354 0.126491
v -0.343434 0.892463 -0.149083
v -0.343434 0.967876 -0.217079
v -0.343434 0.894354 -0.164213
v -0.343434 0.899931 -0.178585
v -0.343434 0.908916 -0.191478
v -0.343434 0.920857 -0.202244
v -0.343434 0.935156 -0.210345
v -0.343434 0.951095 -0.215374
vn -0.0000 0.9923 -0.1240
vn -0.0000 0.9323 -0.3618
vn -0.0000 0.8204 -0.5717
vn -0.0000 0.6696 -0.7427
vn -0.0000 0.4929 -0.8701
vn -0.0000 0.3009 -0.9537
vn -0.0000 0.1011 -0.9949
vn -0.0000 0.9923 0.1240
vn -0.0000 0.9323 0.3618
vn -0.0000 0.8204 0.5717
vn -0.0000 0.6696 0.7427
vn -0.0000 0.4929 0.8701
vn -0.0000 0.3009 0.9537
vn -0.0000 0.1011 0.9949
vn -0.0000 1.0000 -0.0000
vn -0.0000 -0.9923 -0.1240
vn -0.0000 -0.9323 -0.3618
vn -0.0000 -0.8204 -0.5717
vn -0.0000 -0.6696 -0.7427
vn -0.0000 -0.4929 -0.8701
vn -0.0000 -0.3009 -0.9537
vn -0.0000 -0.1011 -0.9949
vn -0.0000 -0.9923 0.1240
vn -0.0000 -0.9323 0.3618
vn -0.0000 -0.8204 0.5717
vn -0.0000 -0.6696 0.7427
vn -0.0000 -0.4929 0.8701
vn -0.0000 -0.3009 0.9537
vn -0.0000 -0.1011 0.9949
vn -1.0000 -0.0000 -0.0000
vn -0.0000 -1.0000 -0.0000
vn -0.0000 -0.0000 1.0000
vn -0.0000 -0.0000 -1.0000
vn 1.0000 -0.0000 -0.0000
vt 0.875000 0.547275
vt 0.625000 0.547275
vt 0.623908 0.536755
vt 0.875000 0.536755
vt 0.620687 0.526763
vt 0.875000 0.526763
vt 0.615497 0.516399
vt 0.875000 0.500000
vt 0.615108 0.232929
vt 0.607201 0.509503
vt 0.607201 0.240497
vt 0.598237 0.504313
vt 0.598237 0.245687
vt 0.588245 0.501092
vt 0.588245 0.248908
vt 0.577725 0.500000
vt 0.577725 0.250000
vt 0.625000 0.697652
vt 0.875000 0.697652
vt 0.875000 0.709301
vt 0.623802 0.709300
vt 0.875000 0.720365
vt 0.620268 0.720364
vt 0.875000 0.750000
vt 0.614575 0.732006
vt 0.625000 1.000000
vt 0.605291 1.000000
vt 0.605291 0.739573
vt 0.595365 1.000000
vt 0.595365 0.745267
vt 0.584301 1.000000
vt 0.584301 0.748802
vt 0.572652 1.000000
vt 0.572652 0.750000
vt 0.375000 0.542880
vt 0.125000 0.542880
vt 0.125000 0.533338
vt 0.375996 0.533338
vt 0.125000 0.524275
vt 0.378935 0.524275
vt 0.125000 0.516145
vt 0.383669 0.516145
vt 0.125000 0.500000
vt 0.389960 0.508668
vt 0.390529 0.241002
vt 0.399275 0.246066
vt 0.399276 0.503935
vt 0.408338 0.249004
vt 0.408338 0.500996
vt 0.417880 0.250000
vt 0.417880 0.500000
vt 0.125000 0.707120
vt 0.375000 0.707120
vt 0.375996 0.716662
vt 0.125000 0.716662
vt 0.378935 0.725726
vt 0.125000 0.725725
vt 0.383669 0.733856
vt 0.125000 0.733855
vt 0.389960 0.741333
vt 0.125000 0.750000
vt 0.375000 1.000000
vt 0.399276 0.746066
vt 0.399275 1.000000
vt 0.408338 0.749004
vt 0.408338 1.000000
vt 0.417880 0.750000
vt 0.417880 1.000000
vt 0.375000 0.042880
vt 0.376075 0.033338
vt 0.379247 0.024275
vt 0.384355 0.016145
vt 0.391145 0.009356
vt 0.399275 0.004247
vt 0.408338 0.001075
vt 0.417880 0.000000
vt 0.572652 0.000000
vt 0.584301 0.001313
vt 0.595365 0.005185
vt 0.605291 0.011422
vt 0.613580 0.019711
vt 0.619816 0.029636
vt 0.623688 0.040700
vt 0.625000 0.052348
vt 0.625000 0.202725
vt 0.623815 0.213245
vt 0.620318 0.223237
vt 0.384355 0.233856
vt 0.379246 0.225726
vt 0.376075 0.216662
vt 0.375000 0.207120
s 0
f 3835/4302/2925 3844/4303/2925 3850/4304/2925 3837/4305/2925
f 3837/4305/2926 3850/4304/2926 3849/4306/2926 3838/4307/2926
f 3838/4307/2927 3849/4306/2927 3848/4308/2927 3839/4309/2927
f 3839/4310/2928 3848/4308/2928 3847/4311/2928 3840/4312/2928
f 3840/4312/2929 3847/4311/2929 3846/4313/2929 3841/4314/2929
f 3841/4314/2930 3846/4313/2930 3845/4315/2930 3842/4316/2930
f 3842/4316/2931 3845/4315/2931 3843/4317/2931 3836/4318/2931
f 3859/4319/2932 3852/4320/2932 3858/4321/2932 3861/4322/2932
f 3861/4322/2933 3858/4321/2933 3857/4323/2933 3862/4324/2933
f 3862/4324/2934 3857/4323/2934 3856/4325/2934 3863/4326/2934
f 3863/4326/2935 3856/4327/2935 3855/4328/2935 3864/4329/2935
f 3864/4329/2936 3855/4328/2936 3854/4330/2936 3865/4331/2936
f 3865/4331/2937 3854/4330/2937 3853/4332/2937 3866/4333/2937
f 3866/4333/2938 3853/4332/2938 3851/4334/2938 3860/4335/2938
f 3844/4303/2939 3835/4302/2939 3852/4320/2939 3859/4319/2939
f 3891/4336/2940 3876/4337/2940 3882/4338/2940 3893/4339/2940
f 3893/4339/2941 3882/4338/2941 3881/4340/2941 3894/4341/2941
f 3894/4341/2942 3881/4340/2942 3880/4342/2942 3895/4343/2942
f 3895/4343/2943 3880/4342/2943 3879/4344/2943 3896/4345/2943
f 3896/4345/2944 3879/4346/2944 3878/4347/2944 3897/4348/2944
f 3897/4348/2945 3878/4347/2945 3877/4349/2945 3898/4350/2945
f 3898/4350/2946 3877/4349/2946 3875/4351/2946 3892/4352/2946
f 3867/4353/2947 3884/4354/2947 3890/4355/2947 3869/4356/2947
f 3869/4356/2948 3890/4355/2948 3889/4357/2948 3870/4358/2948
f 3870/4358/2949 3889/4357/2949 3888/4359/2949 3871/4360/2949
f 3871/4360/2950 3888/4359/2950 3887/4361/2950 3872/4362/2950
f 3872/4363/2951 3887/4361/2951 3886/4364/2951 3873/4365/2951
f 3873/4365/2952 3886/4364/2952 3885/4366/2952 3874/4367/2952
f 3874/4367/2953 3885/4366/2953 3883/4368/2953 3868/4369/2953
f 3867/4370/2954 3869/4371/2954 3870/4372/2954 3871/4373/2954 3872/4374/2954 3873/4375/2954 3874/4376/2954 3868/4377/2954 3851/4378/2954 3853/4379/2954 3854/4380/2954 3855/4381/2954 3856/4382/2954 3857/4383/2954 3858/4384/2954 3852/4385/2954 3835/4386/2954 3837/4387/2954 3838/4388/2954 3839/4310/2954 3840/4312/2954 3841/4314/2954 3842/4316/2954 3836/4318/2954 3875/4351/2954 3877/4349/2954 3878/4347/2954 3879/4346/2954 3880/4389/2954 3881/4390/2954 3882/4391/2954 3876/4392/2954
f 3876/4337/2955 3891/4336/2955 3884/4354/2955 3867/4353/2955
f 3883/4368/2956 3860/4335/2956 3851/4334/2956 3868/4369/2956
f 3875/4351/2957 3836/4318/2957 3843/4317/2957 3892/4352/2957
f 3891/4336/2958 3893/4339/2958 3894/4341/2958 3895/4343/2958 3896/4345/2958 3897/4348/2958 3898/4350/2958 3892/4352/2958 3843/4317/2958 3845/4315/2958 3846/4313/2958 3847/4311/2958 3848/4308/2958 3849/4306/2958 3850/4304/2958 3844/4303/2958 3859/4319/2958 3861/4322/2958 3862/4324/2958 3863/4326/2958 3864/4329/2958 3865/4331/2958 3866/4333/2958 3860/4335/2958 3883/4368/2958 3885/4366/2958 3886/4364/2958 3887/4361/2958 3888/4359/2958 3889/4357/2958 3890/4355/2958 3884/4354/2958
